titre,vendor,type,prix_min_eur,dispo,handle
"Kit console FPGA MiSTer — carte Cyclone V, 128 Mo de SDRAM, boîtier et microSD 32 Go",Fun-Esports,Console FPGA,333.99,1,kit-console-fpga-mister-cyclone-v-128-mo-microsd-32-go
"Kit écran IPS 2,6 pouces pour Game Boy DMG — dalle, carte de commande, nappe et lentille",Fun-Esports,Kit écran IPS,74.99,1,kit-ecran-ips-2-6-pouces-game-boy-dmg
"Kit d'extension MiSTer FPGA — boîtier métal, carte E/S, hub USB et 128 Mo de SDRAM, sans carte FPGA",Fun-Esports,Kit d'extension FPGA,184.99,1,kit-extension-mister-fpga-boitier-metal-128-mo-sdram
"Écran LCD rétroéclairé pour Game Boy Advance SP — dalle et cadre prémontés, nappe incluse",Fun-Esports,Écran de remplacement,64.99,1,ecran-lcd-retroeclaire-game-boy-advance-sp
"Carte FPGA Sipeed Tang Nano 20K — GOWIN GW2AR-18, sortie HDMI et lecteur microSD",Fun-Esports,Carte de développement FPGA,59.99,1,carte-fpga-sipeed-tang-nano-20k-gw2ar-18
Carte cadeau Fun-Esports,Fun-Esports,Carte cadeau,25.0,1,carte-cadeau
AYANEO Pocket AIR Mini – Console Rétro Android à Écran 4:3,Ayaneo,Console rétro portable,139.99,1,ayaneo-pocket-air-mini-console-retro-android-ecran-4-3
Verre trempé 9H Anbernic RG477M — lot de 1 à 3,Fun-Esports,Protection d'écran,17.99,1,verre-trempe-anbernic-rg477m
Verre trempé 9H Retroid Pocket Classic — lot de 1 à 3,Fun-Esports,Protection d'écran,17.99,1,verre-trempe-retroid-pocket-classic
Récepteur Bluetooth 8BitDo pour Mega Drive et Genesis — bascule 3 ou 6 boutons,8BitDo,Adaptateur manette,43.99,1,recepteur-bluetooth-8bitdo-pour-mega-drive-et-genesis
Récepteur Bluetooth 8BitDo pour NES — se branche sur le port manette d'origine,8BitDo,Adaptateur manette,46.99,1,recepteur-bluetooth-8bitdo-pour-nes-port-manette-dorigine
Récepteur Bluetooth 8BitDo pour Mini NES et Mini Super Nintendo — accès au menu sans fil,8BitDo,Adaptateur manette,37.99,1,recepteur-bluetooth-8bitdo-pour-mini-nes-et-mini-super-nintendo
Récepteur Bluetooth 8BitDo pour PlayStation 1 et 2 — vibration prise en charge,8BitDo,Adaptateur manette,46.99,1,recepteur-bluetooth-8bitdo-pour-playstation-1-et-2
Récepteur Bluetooth 8BitDo pour Super Nintendo et Super Famicom — port manette d'origine,8BitDo,Adaptateur manette,49.99,1,recepteur-bluetooth-8bitdo-pour-super-nintendo-et-super-famicom
Housse antichoc Anbernic RG35XX SP et Powkiddy V90 — clapet,Fun-Esports,Housse et étui de transport,20.99,1,housse-anbernic-rg35xx-sp-powkiddy-v90
Housse rigide étanche Anbernic RG35XX H — film en option,Fun-Esports,Housse et étui de transport,21.99,1,housse-etanche-anbernic-rg35xx-h
"Housse Retroid Pocket 3, 3+, 4 et 4 Pro — verre trempé en option",Fun-Esports,Housse et étui de transport,26.99,1,housse-retroid-pocket-3-4-pro
Housse officielle Retroid Pocket Flip 2 — film écran en option,Fun-Esports,Housse et étui de transport,31.99,1,housse-officielle-retroid-pocket-flip-2
Verre trempé 9H Retroid Pocket 4 et 4 Pro — lot de 1 à 3,Fun-Esports,Protection d'écran,16.99,1,verre-trempe-9h-retroid-pocket-4-et-4-pro
Housse rigide Anbernic RG40XX V — avec ou sans verre trempé,Fun-Esports,Housse et étui de transport,20.99,1,housse-anbernic-rg40xx-v
"Kit écran IPS 2,9 pouces pour Game Boy Advance — sans soudure",Fun-Esports,Écran IPS,75.99,1,ecran-lcd-ips-v5-4-pcb-pour-gba-coque-sans-decoupe-sans-soudure-taille-dorigine-ecran-pour-gba-luminosite-elevee
"Écran IPS 2,9 pouces pour Game Boy Advance — taille d'origine",Fun-Esports,Écran IPS,74.99,1,ecran-lcd-ips-haute-luminosite-de-2-9-pouces-taille-originale-pour-gameboy-advance-gba-prise-en-charge-du-mode-pixel-ecrans-a-lumiere-chaude
Boîtier métallique MiSTer FPGA pour DE10-Nano — hub USB et I/O,Fun-Esports,Boîtier de protection,63.99,1,boitier-metallique-pour-carte-de-controle-principale-mister-fpga-core-compatible-avec-la-carte-principale-de10-nano-carte-i-o-hub-usb-mister
Adaptateur sans fil 8BitDo GBros. — manette GameCube ou Classic vers Switch et PC,8BitDo,Adaptateur manette,49.99,1,adaptateur-sans-fil-8bitdo-gbros-manettes-filaires-vers-switch
"Adaptateur USB sans fil 8BitDo 2 — PC, Switch, Steam Deck et Raspberry Pi",8BitDo,Adaptateur manette,41.99,1,adaptateur-usb-sans-fil-8bitdo-2-pc-switch-steam-deck
Grip poignées 3D pour Anbernic RG34XX — pose sans outil ni démontage,Anbernic,Accessoires Consoles,37.99,1,grip-poignee-3d-pour-anbernic-rg34xx-ergonomique
"Dock Retroid Pocket 5, 4 Pro et Pocket Mini — station d'accueil",Fun-Esports,Station d'accueil,76.99,1,dock-retroid-pocket-5-4-pro-mini
Coque de transport Retroid Pocket Flip 2 — 3 coloris,Fun-Esports,Housse et étui de transport,36.99,1,coque-transport-retroid-pocket-flip-2
Housse antichoc Anbernic RG Slide — film écran en option,Fun-Esports,Housse et étui de transport,21.99,1,housse-anbernic-rg-slide
"Housse Anbernic RG35XX H — étui rigide, film en option",Fun-Esports,Housse et étui de transport,17.99,1,housse-anbernic-rg35xx-h-etui
Housse de transport Anbernic RG CubeXX — coque rigide,Fun-Esports,Housse et étui de transport,21.99,1,housse-anbernic-rg-cubexx
"Housse rigide Anbernic RG34XX — grise ou noire, film en option",Fun-Esports,Housse et étui de transport,22.99,1,housse-anbernic-rg34xx
Film de protection souple Retroid Pocket Flip 2 — lot de 1 à 5,Fun-Esports,Protection d'écran,16.99,1,film-protection-retroid-pocket-flip-2
Coque TPU Retroid Pocket 5 et sacoche de transport,Fun-Esports,Coque de protection,20.99,1,coque-tpu-sacoche-retroid-pocket-5
Verre trempé Retroid Pocket 6 — bords incurvés et découpes précises,Fun-Esports,Protection d'écran,14.99,1,verre-trempe-retroid-pocket-6-bords-incurves-et-decoupes-precises
Verre trempé AYN Thor – film de protection double écran,Fun-Esports,Accessoires,9.99,1,verre-trempe-ayn-thor-film-de-protection-double-ecran
Stick arcade filaire Mayflash F300 — boutons 30 mm remplaçables,Fun-Esports,Stick arcade,143.99,1,stick-arcade-filaire-mayflash-f300-boutons-30-mm-remplacables
"Stick arcade 8BitDo — Xbox Series X|S, Xbox One et PC, remappable",Fun-Esports,Stick arcade,131.99,1,stick-arcade-8bitdo-xbox-series-x-s-xbox-one-et-pc-remappable
Manette ROG Raikiri Pro Xbox et PC — écran OLED et sans fil réservé au PC,Asus,Manette,196.99,1,rog-raikiri-pro-tri-mode-oled-xbox-pc
Réveil de bureau à écran LCD — boîtier inspiré des micro-ordinateurs des années 80,Fun-Esports,Horloge & Réveil,33.99,1,reveil-de-bureau-ecran-lcd-boitier-micro-ordinateur-annees-80
"Nappe FFC/FPC 0,5 mm 24 broches — longueurs 25 à 600 mm",Fun-Esports,Nappe FFC/FPC,12.99,1,nappe-ffc-fpc-0-5-mm-24-broches-longueurs-25-a-600-mm
"Rallonge manette Wii, NES et SNES Classic Mini — 1,8 ou 3 m",Fun-Esports,Adaptateur manette,14.99,1,rallonge-manette-wii-nes-et-snes-classic-mini-1-8-ou-3-m
MSI Claw A1M-043FR 1To - Mobilité pour les gamers,MSI,Console rétro portable,909.99,0,msi-claw-a1m-043fr-puissance-et-mobilite-pour-les-gamers
"Miyoo Mini Flip — console rétro portable à clapet, format poche",Fun-Esports,Console rétro portable,96.99,1,miyoo-mini-flip-console-retro-portable-a-clapet-format-poche
MSI Claw A1M-042FR - 512 Go SSD,MSI,Console rétro portable,774.99,0,msi-claw-a1m-042fr-console-portable
Manette EasySMX D10 violette PC et Switch — sticks TMR et dock de charge fourni,EasySMX,Manette,102.99,1,manette-easysmx-d10-violet-tmr-sticks-dock-1000hz
"Manette sans fil Anbernic RG G01 — écran IPS 2,5D, 1000 Hz",Anbernic,Manette,74.99,1,manette-anbernic-rg-g01
"Joysticks à effet Hall et capuchons pour Odin 2, Mini et Portal",Fun-Esports,Pièce détachée console portable,33.99,1,joysticks-a-effet-hall-et-capuchons-pour-odin-2-mini-et-portal
Lanterne de camping rétractable style réacteur — lumière blanche ou verte,Fun-Esports,Lampe LED,19.9,1,lanterne-de-camping-retractable-reacteur-lumiere-blanche-ou-verte
Hub USB 4 ports pour setup gaming — version USB-A ou USB-C,Fun-Esports,Hub USB,17.99,1,hub-usb-4-ports-pour-setup-gaming-version-usb-a-ou-usb-c
Enceinte Bluetooth Syitren N200 — afficheur à matrice de points et support inclinable,Syitren,Enceinte Bluetooth,92.99,1,enceinte-bluetooth-syitren-n200-afficheur-matrice-de-points
Écran pixel art à LED 16×16 ou 32×32 — pilotage par application,Fun-Esports,Décoration lumineuse,38.99,1,ecran-pixel-art-led-16x16-ou-32x32-pilotage-par-application
"Écran IPS 2,6 pouces pour Game Boy Color — mode grille de pixels",Fun-Esports,Écran de remplacement,85.99,1,ecran-lcd-ips-haute-luminosite-de-2-6-pouces-adapte-a-la-console-nintendo-game-boy-color-ips-gbc-prend-en-charge-laffichage-des-pixels
Manette EasySMX D10 noire PC et Switch — sticks TMR et dock de charge fourni,EasySMX,Manette,102.99,1,easysmx-d10-noir-manette-gaming-multiplateforme
"Console rétro portable MagicX Mini Zero 28 — écran 2,8 pouces IPS",Fun-Esports,Console rétro portable,131.99,1,console-retro-portable-magicx-mini-zero-28-ecran-2-8-pouces-ips
"Chargeur secteur PSP 1000, 2000 et 3000 — prise européenne",Fun-Esports,Alimentation secteur,13.99,1,chargeur-secteur-psp-1000-2000-et-3000-prise-europeenne
Câble adaptateur USB pour manette filaire Xbox 360,Fun-Esports,Adaptateur manette,13.99,1,cable-adaptateur-usb-pour-manette-filaire-xbox-360
Câble AV composite pour Xbox 360 Slim — vidéo et son en RCA,Fun-Esports,Câble vidéo,15.99,1,cable-av-composite-pour-xbox-360-slim-video-et-son-en-rca
"Bloc d'alimentation GameCube — adaptateur secteur, prise EU",Fun-Esports,Alimentation console,15.99,1,bloc-d-alimentation-gamecube-adaptateur-secteur-prise-eu
"Anbernic RG Rotate Android 12 — écran carré rotatif 720 × 720, sans joystick analogique",Anbernic,Console rétro portable,164.99,1,anbernic-rg-rotate-console-retro-portable-a-ecran-rotatif
"Accessoires de protection pour AYN Thor : housse, sacoche, dragonne",Fun-Esports,Protection et transport console portable,14.99,1,accessoires-de-protection-pour-ayn-thor-housse-sacoche-dragonne
Grip poignées 3D pour Anbernic RG40XX H — pose sans outil ni démontage,Anbernic,Accessoires Consoles,37.99,1,grip-poignee-3d-pour-anbernic-rg40xx-h-ergonomique
Grip poignées 3D pour Anbernic RG406V — pose sans outil ni démontage,Anbernic,Accessoires Consoles,40.99,1,grip-poignee-3d-pour-anbernic-rg406v-ergonomique
Verre trempé 9H plein écran Anbernic RG Slide — lot de 1 à 4,Fun-Esports,Protection d'écran,17.99,1,verre-trempe-anbernic-rg-slide
Grip TPU Retroid Pocket 4 et 4 Pro — noir ou blanc,Fun-Esports,Coque de protection,20.99,1,grip-tpu-retroid-pocket-4-pro
Housse rigide Anbernic RG Cube et RG CubeXX — film en option,Fun-Esports,Housse et étui de transport,23.99,1,housse-anbernic-rg-cube-cubexx
Housse rigide Anbernic RG40XX H — avec ou sans verre trempé,Fun-Esports,Housse et étui de transport,19.99,1,housse-anbernic-rg40xx-h
"Coque complète Game Boy Advance SP IPS-ready — eXtremeRate, sans découpe",Fun-Esports,Coque de remplacement,59.99,1,coque-de-remplacement-personnalisee-amelioree-extremerate-ips-ready-pour-game-boy-advance-sp-gba-sp-compatible-avec-ips-et-ecran-lcd-standard
"Dock de charge magnétique pour Anbernic RG40XXV — on pose, ça charge",Anbernic,Accessoires Consoles,40.99,1,dock-de-charge-magnetique-pour-anbernic-rg40xxv
"Stick arcade filaire 7-en-1 — Switch, PS4, PS3, PC et Android",Fun-Esports,Stick arcade,69.99,1,stick-arcade-filaire-7-en-1-switch-ps4-ps3-pc-et-android
"Souris Logitech G403 HERO PC et Mac — filaire 87 g, capteur HERO 25K",Logitech,Souris,85.99,1,souris-gamer-g403-hero
"Souris Logitech G502 HERO PC et Mac — filaire, 11 boutons, 121 à 139 g",Logitech,Souris,65.99,1,souris-filaire-logitech-g502-hero-precision-performance
Manette sans fil Switch et Switch OLED — gyroscope et Turbo,Fun-Esports,Manette,42.99,1,manette-sans-fil-switch-et-switch-oled-gyroscope-et-turbo
"Casque Razer BlackShark V2 X PC et consoles — jack 3,5 mm, 240 g",Razer,Casque,78.99,1,razer-blackshark-v2x
Housse rigide pour Anbernic RG406H — mousse antichoc et filet zippé pour câbles,Anbernic,Accessoires,29.99,1,housse-anbernic-rg406h-protection-rigide-transport
"Horloge de bureau PunkCyber WFD — afficheur LED multicolore, heure, date et jour",PunkCyber,Horloge & Réveil,39.99,1,horloge-de-bureau-punkcyber-wfd-afficheur-led-multicolore
Étui rétro pour Anbernic RG34XX SP — simili cuir rigidifié et passant ceinture,Anbernic,Accessoires,29.99,1,housse-anbernic-rg34xxsp-style-retro-protection
"Enceintes de bureau Creative Pebble Pro — RGB, Bluetooth 5.3, 10 W ou 30 W",Creative,Enceinte Bluetooth,104.99,1,enceintes-bureau-creative-pebble-pro-rgb-bluetooth-5-3
"Enceinte Bluetooth FiiO Retro Box — format cassette audio, LDAC et baie pour baladeur",FiiO,Enceinte Bluetooth,89.99,1,enceinte-bluetooth-fiio-retro-box-format-cassette-ldac
"Enceinte Bluetooth Edifier MP230 — caisse en bois, style radio vintage, 10 + 10 W",Edifier,Enceinte Bluetooth,87.99,1,enceinte-bluetooth-edifier-mp230-caisse-bois-style-radio-vintage
Coque silicone Odin 2 Portal — protection souple et antidérapante,Fun-Esports,Coque de protection pour console portable,29.99,1,coque-silicone-odin-2-portal-protection-souple-et-antiderapante
"Miyoo A30 Linux — console de poche 2,8 pouces, émulation 8, 16 et 32 bits",Miyoo,Console rétro portable,75.99,1,console-retro-portable-miyoo-a30
"Câble de charge USB 1,2 m — 3DS, 3DS XL, 2DS et DSi",Fun-Esports,Câble de charge,13.99,1,cable-de-charge-usb-1-2-m-3ds-3ds-xl-2ds-et-dsi
"Anbernic RG406H Android 13 — Unisoc T820, 8 Go de RAM et joysticks à effet Hall",Anbernic,Console rétro portable,272.99,1,console-android-retro-anbernic-rg406h
"Câble composantes YPbPr pour PS2 et PS3 — 5 RCA, 1,8 m",Fun-Esports,Câble vidéo,14.99,1,cable-composantes-ypbpr-pour-ps2-et-ps3-5-rca-1-8-m
"Câble AV composite Wii et Wii U — RCA 3 couleurs, 1,8 m",Fun-Esports,Câbles et adaptateurs,13.99,1,cable-av-composite-wii-et-wii-u-rca-3-couleurs-1-8-m
"Câble AV composite Super Famicom, N64 et GameCube — 3 RCA",Fun-Esports,Câble vidéo,13.99,1,cable-av-composite-super-famicom-n64-et-gamecube-3-rca
Câble AV composite pour Xbox première génération — vidéo et son RCA,Fun-Esports,Câble vidéo,13.99,1,cable-av-composite-pour-xbox-premiere-generation-video-et-son-rca
"Bloc d'alimentation Xbox 360 Slim 135 W — 12 V, cordon EU",Fun-Esports,Alimentation,26.99,1,bloc-d-alimentation-xbox-360-slim-135-w-12-v-cordon-eu
Bloc d'alimentation PS2 Slim — remplacement série 70000,Fun-Esports,Alimentation secteur,11.99,1,bloc-d-alimentation-ps2-slim-remplacement-serie-70000
"Baladeur Hi-Res Snowsky DISC — écran rond tactile, double DAC, sortie 4,4 mm",FiiO,Baladeur audio,131.99,1,baladeur-hi-res-snowsky-disc-ecran-rond-double-dac-bluetooth-5-4
"Anbernic RG35XX H Linux — émulation 8, 16 et 32 bits, sortie mini-HDMI et 3300 mAh",Anbernic,Console rétro portable,117.99,0,anbernic-rg35xx-h-promotion
"Alimentation secteur pour console Wii — prise EU, 110-220 V",Fun-Esports,Alimentation console,15.99,1,alimentation-secteur-pour-console-wii-prise-eu-110-220-v
Coque complète de remplacement pour DS Lite — boîtier de réparation,Fun-Esports,Coque de remplacement,27.99,1,pieces-de-rechange-pour-ds-lite-boitier-de-remplacement-diy-pour-ds-lite-coque-de-remplacement-complete-pour-ndsl-coque-de-reparation-pour-ndsl
Vitrine acrylique Game Boy Color — capot magnétique anti-poussière,Fun-Esports,Support & rangement,42.99,1,console-de-jeu-couvercle-magnetique-en-acrylique-boite-dexposition-boite-de-rangement-pour-gameboy-color-pour-gbc
"Kit caoutchoucs conducteurs Game Boy Advance — A-B, croix, Start",Fun-Esports,Boutons de remplacement,13.99,1,jcd-1-ensemble-colore-en-caoutchouc-conducteur-boutons-a-b-d-sub-pour-game-boy-gba-console-de-jeu-silicone-conducteur-start-select-clavier
Kit écran LCD rétroéclairé Game Boy DMG — format d'origine,Fun-Esports,Kit écran de remplacement,86.99,1,kits-decran-lcd-ips-en-niveaux-de-gris-de-taille-originale-pour-gameboy-gb-dmg-kits-decran-lcd-a-points-pour-mettre-en-evidence-la-luminosite
"Kit écran IPS V4 OGS Game Gear — dalle 3,5 pouces 320 × 240",Fun-Esports,Kit écran IPS,103.99,1,nouveaux-kits-de-mod-decran-gg-v4-2-ogs-pour-gg-sega-game-gear-v4-1-ips-kits-de-retro-eclairage-decran-lcd-pre-plaque
"Module de charge TP4056 batterie lithium 1S — USB-C, micro ou mini",Fun-Esports,Module de charge lithium,14.99,1,chargeur-de-batterie-au-lithium-tp4056-carte-de-charge-technique-avec-protection-touristes-canonique-eddie-ion-micro-type-c-mini-18650-5v-1a-2-pieces-5-pieces
Coque de protection transparente Game Boy Advance SP + film écran,Fun-Esports,Protection console portable,16.99,1,coque-de-protection-transparente-pour-console-de-jeu-gameboy-advance-sp-gba-sp-film-de-protection-decran-en-cristal
"Écran IPS 2,45 pouces pour Game Boy Color — sans découpe de coque",Fun-Esports,Écran IPS de remplacement,89.99,1,ecran-lcd-ips-haute-luminosite-gbc-de-2-45-pouces-taille-originale-pour-gameboy-color-gbc-pas-besoin-de-couper-la-coque
Carte horloge temps réel RTC pour MiSTer FPGA — RetroScaler,Fun-Esports,Module horloge temps réel (RTC),43.99,1,retroscaler-carte-dhorloge-en-temps-reel-pour-mister-fpga-soudage-manuel-rtc
Coque de remplacement complète Game Boy Advance SP — boutons inclus,Fun-Esports,Coque de remplacement,25.99,1,coque-de-protection-complete-pieces-de-rechange-universelles-coque-de-reparation-pour-console-de-jeu-gba-sp-game-boy-sp
"Potentiomètres WH148 axe 15 mm 3 broches — lot de 10, écrous inclus",Fun-Esports,Composant électronique,15.99,1,potentiometre-lineaire-wh148-15mm-3-broches-avec-ecrous-et-rondelles-kit-de-potentiometres-1k-2k-5k-10k-20k-50k-100k-250k-1m-10-pieces
"Câble de charge USB-A vers USB-C pour console rétro — 0,3 à 2 m",Fun-Esports,Câble de charge,13.99,1,cable-usb-vers-type-c-android-120w-10a-cable-de-charge-super-rapide-pour-huawei-p40-honor-cordon-de-donnees-pour-xiaomi-redmi-0-3-1m-1-5m-2m
"Connecteurs FFC / FPC 0,5 mm à rabat — lot de 50, 6 à 40 broches",Fun-Esports,Pièce détachée électronique,23.99,1,connecteur-de-cable-plat-fpc-ffc-type-rabattable-pas-de-0-5mm-50-pieces-6p-8p-10p-12p-14p-16p-20p-24p-30p-40p-kits
Écran IPS 3 pouces pour Game Boy Advance SP — dalle haute luminosité,Fun-Esports,Écran IPS,78.99,1,nouvel-ecran-lcd-ips-haute-luminosite-de-taille-originale-de-3-0-pouces-adapte-au-game-boy-advance-sp-gbasp
"Vitre de protection Game Boy, GBC, GBA, GBA SP — verre ou plastique",Fun-Esports,Vitre d'écran de remplacement,14.99,1,jcd-1-pieces-lentille-decran-en-verre-plastique-pour-gb-gba-sp-gbc-gbl-gbp-protecteur-de-couvercle-dobjectif-avec-adhesif
"Kit écran IPS 2,9 pouces et coque Game Boy Advance — sans découpe",Fun-Esports,Écran IPS,73.99,1,ecran-lcd-ips-gba-aucune-decoupe-de-coque-necessaire-facile-a-installer-ecran-lcd-ips-haute-luminosite-de-2-9-pouces-et-kit-de-coque-pour-gameboy-advance-gba
Écran LCD de remplacement pour DS Lite — dalle haute ou basse,Fun-Esports,Pièce détachée console,45.99,1,ecran-lcd-superieur-neuf-pour-ndsl-ndslite-nds-lite-ecran-lcd-inferieur-de-remplacement-pour-nintendo
Étui transparent format JP pour cartouche Game Boy et Game Boy Color,Fun-Esports,Rangement et protection,12.99,1,etuis-a-cartouches-en-plastique-transparent-blanc-version-jp-boites-a-inserer-lincrustation-du-plateau-interieur-pour-gameboy-et-gameboy-color-gbc
"Écran LCD niveaux de gris 2,5 pouces Game Boy DMG — sans découpe",Fun-Esports,Écran de remplacement,93.99,1,ecran-lcd-en-niveaux-de-gris-de-2-5-pouces-facile-a-installer-adapte-aux-garcons-deliberes-gb-dmg-pas-besoin-de-couper-la-coque
Boîtes de rangement transparentes pour cartes de jeu — lot de 3 ou 10,Fun-Esports,Rangement et transport,15.99,1,boites-en-plastique-transparentes-10-3-pieces-conteneur-de-cartes-a-jouer-mallette-de-rangement-emballage-boite-de-cartes-de-jeu-de-poker-organisateur-de-cartes-de-jeux-de-societe
Lentille et cadre d'écran pour DS Lite — plastique de remplacement,Fun-Esports,Pièce détachée console portable,14.99,1,jcd-couvercle-de-cadre-decran-lcd-superieur-et-inferieur-pour-console-de-jeu-ndsl-nds-lite-remplacement-de-lentille-en-plastique
"Batterie rechargeable 1500 mAh pour Game Boy Advance, Color, Pocket",Fun-Esports,Batterie,42.99,1,batterie-au-lithium-aste-meboy-advance-gba-gbc-developpement-de-la-campagne-prise-en-charge-technique-coque-dorigine-revenu-1500mah
"Batterie de remplacement pour DS Lite — 2000 mAh, tournevis inclus",Fun-Esports,Batterie de remplacement,28.99,1,batterie-rechargeable-pour-nintendo-2000mah-nds-ds-lite-batterie-de-remplacement-avec-tournevis-pour-batterie-ndsl-dsl-pour-ndsl
"Batterie lithium 3,6 V pour PSP 2000 et PSP 3000 — remplacement",Fun-Esports,Batterie de remplacement,29.99,1,1pcs-3-6v-3600mah-batterie-au-lithium-pour-sony-psp2000-psp3000-psp-s360-playstation-portable-gamepad-cellules-rechargeables
"Kit écran IPS 3,5 pouces pour Lynx II — 640×480 et sortie HDMI 720p",Fun-Esports,Écran de remplacement,176.99,1,ecran-lcd-ips-3-5-pouces-640-480-retro-pixel-hd-mod-pour-console-atari-lynx-ii-2-avec-sortie-hdmi-720p-pour-tv
Étui rigide TrimUI Smart Pro + verre trempé — coque EVA de transport,Fun-Esports,Étui et housse de transport,25.99,1,etui-rigide-etanche-pour-console-de-jeu-trimui-smart-pro-etui-de-transport-avec-film-en-verre-du-guatemala-determiner
Carte FPGA Sipeed Tang Nano 20K — cœurs rétro open source en HDMI,Fun-Esports,Carte FPGA,67.99,1,carte-fpga-originale-tang-nano-20k-riscv-linux-lecteur-de-jeu-retro-emulateur-open-source-linux-mini-gw2ar-18-goai-gowin
Écran IPS laminé pour PSP 1000 — avec ou sans coque supérieure,Fun-Esports,Pièces détachées,49.99,1,ecran-lcd-ips-entierement-lamine-pour-sony-psp1000-psp-1000-avec-un-couvercle-superieur-de-remplacement-personnalise-il-ny-a-pas-de-logo-sur-la-coque
"Supergun JAMMA CBOX — sortie péritel RGBS, manettes DB15, alim ATX",Fun-Esports,Supergun JAMMA,53.99,1,supergun-jamma-cbox-15pin-neogeo-mvs-connecteur-carte-mere-atx-prise-en-charge-de-la-sortie-rgbs-scart-pour-plateau-de-jeu-de-base-darcade-retro
"Écran LCD de remplacement PSP 1000, 2000, 3000 et Go — dalle nue",Fun-Esports,Écran de remplacement,45.99,1,nouvel-ecran-lcd-pour-psp-sony-psp3000-psp2000-psp1000-psp-go-remplacement-decran-lcd-pour-psp
Étui rigide pour cartouches Game Boy Color et Game Boy Advance,Fun-Esports,Rangement et protection,12.99,1,etui-pour-cartes-de-cartouche-de-jeu-en-plastique-pour-cartes-de-jeu-gameboy-color-gbc-gba-gbp-boite-de-protection-transparente-anti-poussiere
"Présentoir acrylique consoles portables — Game Boy, PSP, DS, PS Vita",Fun-Esports,Présentoir de collection,16.99,1,support-dexposition-pour-console-de-jeu-gameboy-gb-gbc-gba-gbp-psp-nds-3ds-2ds-psv-psvita-presentoir-en-acrylique
Vitrine acrylique pour Switch 2 — couvercle anti-poussière transparent,Fun-Esports,Rangement et présentation,33.99,1,boite-daffichage-transparente-couvercle-anti-poussiere-pour-console-de-jeu-switch-2-etui-de-protection-couvertures-rigides-en-acrylique-pour-switch-2-accessoires
Verre trempé Retroid Pocket Flip 2 — protection d'écran 9H,Fun-Esports,Protection d'écran,16.99,1,protecteur-decran-en-verre-trempe-pour-retroid-pocket-flip2-pour-console-retroid-flip-2-rpf2-film-trempe-hd-9h-resistant-aux-rayures
Carte SDRAM pour MiSTer FPGA DE10-Nano — RetroScaler 32 ou 128 Mo,Fun-Esports,Carte d'extension FPGA,27.99,1,retroscaler-mister-sdram-32-mov2-2-128-mov3-0-carte-extra-mince-de-soudage-manuel-pour-mister-fpga-de10-nano
Coque arrière pailletée pour Switch Lite — TPU souple transparent,Fun-Esports,Coque de protection,16.99,1,coque-de-protection-transparente-en-tpu-souple-a-paillettes-coque-scintillante-pour-console-nintend-switch-ns-lite-protection-arriere-transparente-en-cristal
Kit d'ébavurage manuel — lames rotatives pour plastique et métal,Fun-Esports,Outil d'atelier,16.99,1,kit-doutils-debavurage-manuel-en-metal-meche-de-routeur-lames-debavurage-rotatives-dissolvant-de-bord-de-precision-pour-bois-plastique-aluminium-cuivre-et-acier
Pince coupante de précision — coupe à ras pour soudure et modding,Fun-Esports,Outil d'atelier,14.99,1,plato-170-wishful-clamp-pince-coupante-diagonale-electronique-diy-coupe-fil-pieces-pour-imprimante-3d
Ventouse d'atelier 55 mm — démontage d'écrans et de coques,Fun-Esports,Outil de démontage,15.99,1,ventouse-universelle-robuste-de-5-5-cm-pour-demontage-decrans-lcd-de-telephones-portables-outils-de-reparation-pour-iphone-ipad-et-surfaces-concaves-de-voiture
"Pincette de précision ESD — acier inoxydable, pointe extra-fine",Fun-Esports,Outil d'atelier,14.99,1,vetus-pincettes-argentees-originales-de-la-nouvelle-serie-mts-pour-extensions-de-cils-pincettes-esd-antistatiques-a-pointe-hyper-fine-en-acier-inoxydable
"Étui de transport zippé pour console portable, câbles et microSD",Fun-Esports,Rangement et transport,15.99,1,mini-sac-de-rangement-eva-1-piece-pochette-de-transport-etui-pour-ecouteurs-a-fermeture-eclair-pour-ecouteurs-airpod-telephone-cable-de-chargement-accessoires-numeriques
Présentoirs acryliques en U — support pour figurines et cartouches,Fun-Esports,Présentoir de collection,17.99,1,presentoir-en-acrylique-boite-aveugle-etagere-de-rangement-en-forme-de-u-support-leger-pour-cupcakes-presentoir-a-desserts-presentoir-de-bijoux-3-6-9-pieces
Boîtier de rangement transparent pour cartouches Game Boy Color,Fun-Esports,Rangement et protection,13.99,1,etui-a-cartouches-de-jeu-en-plastique-transparent-boite-de-rangement-de-cartes-de-jeu-pour-game-boy-couleur-pour-boite-de-protection-gbc
Pincette de précision antimagnétique — pointe droite ou courbée,Fun-Esports,Outil d'atelier,24.99,1,pincettes-precises-en-alliage-de-titane-outil-professionnel-de-reparation-de-telephone-pincettes-a-fil-volant-a-empreintes-digitales-pinces-electroniques-antimagnetiques
"Coque de cartouche Game Boy, Color et Advance — remplacement sans logo",Fun-Esports,Coque de cartouche,13.99,1,boitier-de-cartouche-de-jeu-sans-logo-pour-gameboy-gb-dmg-gbc-gba-boitier-de-remplacement-transparent-de-haute-qualite
"Piles bouton lithium 3 V CR1616, CR1620, CR1632 — sauvegardes rétro",Fun-Esports,Pièce d'atelier,18.99,1,panasonic-pile-bouton-au-lithium-3v-cr1632-cr1616-cr1620-24-com-pile-bouton-pour-montre-jouet-electronique-calculatrices
Câble Link Game Boy Advance 2 joueurs — connexion GBA à GBA,Fun-Esports,Accessoires,17.99,1,cable-de-connexion-de-lien-de-jeu-pour-2-joueurs-pour-gameboy-advance-pour-cable-de-connexion-gba
Micro-interrupteur de gâchette L ou R pour Game Boy Advance et SP,Fun-Esports,Pièce détachée console portable,15.99,1,jcd-1-pieces-pour-gba-gameboy-advance-sp-gauche-droite-epaule-declencheur-bouton-commutateurs-pour-gba-sp-l-r-cle-micro-interrupteur
Connecteurs alimentation DC 12 V — 5 paires mâle/femelle à visser,Fun-Esports,Connectique d'alimentation,14.99,1,5-paires-dc-12v-male-femelle-prise-panneau-montage-barils-prise-jack-connecteur-dalimentation-femelle-jack-vis-ecrou-panneau-montage-connecteur
"Puce mémoire FRAM 28 broches FM1808, FM18W08 ou FM16W08 — sans pile",Fun-Esports,Composant électronique,16.99,1,1-piece-100-nouveau-jeu-de-puces-fm16w08-sg-fm18w08-sg-fm1808-70-sg-sop-28
Vitrine acrylique transparente à assembler — figurines et consoles,Fun-Esports,Vitrine de présentation,23.99,1,vitrine-en-acrylique-de-taille-222-pour-objets-de-collection-assemblage-de-boite-en-acrylique-transparent-vitrine-de-protection-pour-figurines-daction-jouets-dorganisation
Kit de condensateurs électrolytiques 16-50 V — recap rétro traversant,Fun-Esports,Atelier & modding,16.99,1,kit-assorti-de-condensateurs-electrolytiques-en-aluminium-120-200-500-pieces-16v-25v-50v-0-1uf-1000uf-boite-de-1uf-4-7uf-10uf-47uf-220uf-330uf-470uf
"Haut-parleur de rechange Game Boy, GBC, GBA et GBA SP — à souder",Fun-Esports,Haut-parleur de remplacement,13.99,1,jcd-1-pieces-23mm-28mm-haut-parleur-plus-fort-pour-gameboy-color-advance-gbc-gba-pour-gameboy-advance-sp-gba-sp-haut-parleur
Lot de 100 LED CMS 0402 à 1206 — modding et rétroéclairage,Fun-Esports,Atelier & modding,13.99,1,100-pieces-smd-0402-0603-0805-1206-rouge-bleu-blanc-vert-orange-rose-haute-qualite-clair-emettant-de-la-lumiere-puce-led-diode-a-montage-en-surface
Module de charge USB-C pour Game Boy Advance SP — à souder,Fun-Esports,Pièce détachée console,17.99,1,jcd-kit-de-port-de-charge-usb-c-entierement-neuf-pour-gameboy-advance-gba-sp-connecteur-de-port-de-charge-type-c
"Déclencheur de tension USB-C PD vers DC — 5 à 28 V, 140 W max",Fun-Esports,Module d'alimentation,15.99,1,140w-5a-usb-type-c-pd-leurre-qc-pd3-1-declencheurs-de-tension-adaptateur-5v-9v-12v-15v-20v-28v-charge-rapide-alimentation-pd-a-dc-charge
Soufflette à poussière en caoutchouc — nettoyage console et cartouche,Fun-Esports,Outil d'atelier,14.99,1,outil-de-nettoyage-de-pompe-de-souffleur-de-poussiere-dair-puissant-en-caoutchouc-pour-la-nettoyage-de-filtre-dobjectif-de-clavier-de-telephone-de-montre-dappareil-photo
"Ruban double face mousse VHB 1,1 mm — fixation écran IPS et batterie",Fun-Esports,Consommable d'atelier,15.99,1,ruban-adhesif-double-face-3m-5952-vhb-haute-viscosite-epais-pour-fixation-denregistreur-de-conduite-sur-vehicule-noir-sans-trace
"Convertisseur PS2 et PS3 vers HDMI — BitFunx, alimenté en USB",Fun-Esports,Accessoires,24.99,1,bitfunx-ps2-vers-hdmi-™-adaptateur-audio-video-convertisseur-avec-cable-usb-pour-sony-playstation-2-ps2-ps3
Tapis de soudure silicone antistatique pour réparation consoles,Fun-Esports,Outil d'atelier,15.99,1,tapis-de-reparation-en-silicone-antistatique-resistant-aux-hautes-temperatures-pour-carte-mere-telephone-electronique-poste-de-soudage
Brosse antistatique ESD double tête — nettoyage PCB et consoles,Fun-Esports,Outil d'atelier,15.99,1,reparation-antistatique-de-carte-de-circuit-imprime-de-brosse-a-double-tete-desd-pour-le-soudage-de-puces-ic-pcb-nettoyage-de-carte-mere-de-telephone-portable-ordinateur
Support de soudure PCB à broches magnétiques — plateau d'atelier,Fun-Esports,Outil d'atelier,15.99,1,plate-forme-de-soudage-universelle-pour-support-de-pcb-avec-broches-magnetiques-pieds-en-caoutchouc-pour-la-reparation-dassemblage-de-circuits-imprimes-magnetique-puissant
"Station de soudage 2 en 1 fer et air chaud — rework CMS, BGA et PCB",Fun-Esports,Outil de soudure,93.99,1,station-de-soudage-a-affichage-numerique-odora-air-chaud-expedide-soudage-pour-telephone-portable-bga-smd-pcb-ic-reparation-outils-de-fer-a-souder-2-en-1-8898
Carte d'alimentation USB-C pour Game Gear — révisions VA0 à VA5,Fun-Esports,Pièce détachée console portable,28.99,1,carte-dalimentation-usb-c-v2-0-de-haute-qualite-pour-sega-game-gear-gg-sans-alimentation-accessoires-de-reparation-decran-originaux-a-haute-luminosite
Cache de batterie PSP 2000 et 3000 — coque arrière de remplacement,Fun-Esports,Pièce détachée console,14.99,1,jcd-1-pieces-housse-arriere-de-remplacement-pour-psp2000-psp3000-housse-de-protection-couvercle-arriere-de-batterie-pour-psp-2000-3000
"Station de soudage T12 en kit à monter — écran OLED, 200 à 480 °C",Fun-Esports,Outil d'atelier,32.99,1,station-de-soudage-2025-t12-stc-oled-de-0-96-pouces-kits-de-pieces-de-bricolage-regulateur-de-temperature-numerique-avec-boitier-metallique-panneau-acrylique
"Fer à souder USB-C portable — 8 W, température réglable",Fun-Esports,Outil de soudure,34.99,1,fer-a-souder-usb-mini-petit-ensemble-de-fer-a-souder-interface-domestique-portable-de-type-c-batterie-600mah-temperature-reglable
"Tresse à dessouder cuivre pré-fluxée 1,5 m — largeurs 1 à 4 mm",Fun-Esports,Outil de soudure,14.99,1,meche-de-dissolvant-de-soudure-tresse-a-dessouder-largeur-1-5m-1-1-5-2-2-5-3-3-5-4mm-fil-de-plomb-flux-outil-de-reparation-bga
Fer à souder sans fil USB-C JCD C200 — réglable 300 à 450 °C,Fun-Esports,Outil d'atelier,28.99,1,fer-a-souder-numerique-usb-sans-fil-temperature-reglable-300-450-outil-de-fer-a-souder-intelligent-batterie-de-type-c-1000mah
"Panne T12 pour fer à souder — cartouche 70 W, 11 profils",Fun-Esports,Outil de soudure,16.99,1,nouveau-t12-i-bc2-bc3-ils-j02-jl02-d24-t12-serie-remplacer-les-pointes-de-fer-a-souder-pour-hakko-fx951
"Fil à souder sans plomb 50 g — âme décapante, Ø 0,5 à 2,0 mm",Fun-Esports,Consommable de soudure,23.99,1,esplb-fil-a-souder-sans-plomb-etain-50g-0-5-0-6-0-8-1-0-1-2-1-5-2-0mm-noyau-de-colophane-soudure-fer-a-souder
"Pâte à flux de soudure M35 — micro-soudure CMS, BGA et nappes",Fun-Esports,Consommable de soudure,16.99,1,pate-a-flux-nano-mecanique-m35-pour-lelectronique-pcb-ic-puce-de-telephone-portable-cpu-led-bga-reparation-tracky-outil-de-soudage-haute-performance
Flux de soudure à la colophane KEK 559 — tube 10 ou 30 ml,Fun-Esports,Consommable de soudure,14.99,1,pate-a-souder-originale-kek-559-flux-en-tube-agent-de-dessoudage-et-de-soudure-a-la-colophane
"Fil à souder sans plomb à noyau de colophane — 0,8 et 1,0 mm",Fun-Esports,Fil à souder,14.99,1,rouleau-de-fil-a-souder-a-noyau-de-colophane-soudure-18-fil-18-fonte-sans-nettoyage-0-8mm-1-0mm-20g-50g-100g-flaffilies-2-0
"Pannes de fer à souder 900M-T — lot de 5, stations type 936/937",Fun-Esports,Consommable de soudure,15.99,1,pointe-de-fer-a-souder-en-cuivre-pur-900m-t-5-pieces-pointes-de-soudure-sans-plomb-tete-de-soudage-outils-de-soudage-bga-fer-de-marquage
"Microscope numérique USB pour soudure — 8 LED, capteur 1080p",Fun-Esports,Outil d'atelier,32.99,1,microscope-a-souder-hayve-1600x-usb-1080p-hd-avec-8-led-compatible-avec-android-mac-windows-x4
Ruban adhésif polyimide haute température 33 m — soudure et rework,Fun-Esports,Atelier & modding,13.99,1,ruban-adhesif-isotherme-en-polyimide-kapton-5-40mm-ruban-adhesif-isolante-jalптоновы©-ruban-thermique-pour-la-protection-des-panneaux
Troisième main de soudure — base magnétique et bras flexibles,Fun-Esports,Outil d'atelier,14.99,1,troisieme-main-de-soudage-avec-base-magnetique-puissante-bras-flexibles-et-support-de-carte-pcb-pour-reparation-electronique-outil-de-soudage-a-pince-crocodile
"Lampe loupe LED 5x pour établi — 3 teintes, soudure et modding",Fun-Esports,Outil d'atelier,31.99,1,lampe-de-bureau-loupe-5x-loupe-eclairee-par-led-loupe-led-3-couleurs-pour-reparation-de-fer-a-souder-artisanat-objet-ongles
Tapis de réparation silicone pour soudure — compartiments magnétiques,Fun-Esports,Outil d'atelier,14.99,1,polymeres-magnetiques-anti-leges-pour-station-de-soudage-silicone-travail-degre-de-chaleur-932-f-telephone-electronique-ordinateur-portable-reparation-de-montre
Troisième main loupe 5X pour soudure — pinces crocodile FEITA TE-805,Fun-Esports,Outil d'atelier,25.99,1,feita-loupe-5x-reglable-mains-secourables-support-loupe-avec-touristes-clips-crocodiles-parfait-pour-lartisanat-de-soudure
Support universel de manette — présentoir de bureau sans outil,Fun-Esports,Support de manette,16.99,1,nouveau-support-universel-pour-controleur-de-jeu-compatible-avec-ps4-ps5-theme-affichage-de-bureau-cool-accessoires-de-jeu
Crème de nettoyage et d'étamage de panne de fer à souder — 6 à 26 g,Fun-Esports,Consommable de soudure,14.99,1,rafraichisseur-de-pointe-de-fer-a-souder-creme-a-souder-antiadhesive-pate-propre-oxyde-de-fer-a-souder-pointe-rafraichissante-activateur-de-plateau
Support de fer à souder avec éponge — base stable pour l'atelier,Fun-Esports,Outil d'atelier,14.99,1,support-de-fer-a-souder-support-portable-support-en-etain-a-souder-avec-eponge-de-nettoyage-de-soudage-accessoires-de-fer-a-souder-electrique
"Interrupteurs coulissants SS12D00 — lot de 20, 1P2T 3 broches",Fun-Esports,Composant électronique,13.99,1,mini-interrupteur-coulissant-ss12d00-20-pieces-3-broches-1p2t-2-positions-interrupteur-a-bascule-de-haute-qualite-longueur-de-la-poignee-3mm-4mm-5mm-6mm
Pompe à dessouder 367D — retirer l'étain fondu en un coup,Fun-Esports,Outil de soudure,13.99,1,ventouse-a-dessouder-367d-pompe-a-souder-pistolet-a-etain-outil-retrait-sous-vide
Horloge murale manette de jeu en bois — quartz silencieux,Fun-Esports,Décoration rétro-geek,29.99,1,un-controleur-de-jeu-colore-a-la-mode-moderne-horloge-murale-en-bois-salon-chambre-cuisine-decoration-de-la-maison-horloge-murale-horloge-a-quartz-silencieuse-cadeau-de-vacances-10-pouces-12-pouces-14-pouces-16-pouces-s
Levier arcade 8 directions guide carré — connecteur 5 broches,Fun-Esports,Levier d'arcade,23.99,1,copie-du-joystick-sanwa-avec-connecteur-a-5-broches-limiteur-carre-classique-a-8-voies-machine-de-jeu-darcade-baton-neo-geo-pieces-de-bricolage
Boutons A/B et croix directionnelle Game Boy — kit de remplacement,Fun-Esports,Boutons de remplacement,14.99,1,jcd-ensemble-de-boutons-d-pad-colores-pour-gameboy-classic-pour-gb-dmg-a-b-ensemble-de-boutons-de-remplacement-a-faire-soi-meme
Coque souple transparente Retroid Pocket 6 — TPU antichoc,Fun-Esports,Coque de protection pour console portable,23.99,1,etui-souple-transparent-pour-retroid-pocket-6-etui-de-protection-en-tpu-resistant-a-lusure-etanche-anti-chute
Kit protection R36S et R35S — verre trempé et housse de transport,Fun-Esports,Protection d'écran,17.99,1,verre-sac-pour-protecteur-decran-r36s-r35s-film-en-verre-trempe-et-mallette-de-rangement-portable-ensemble-daccessoires-de-protection-pour-console-r36s
Étui rigide EVA pour Retroid Pocket 5 — transport antichoc,Fun-Esports,Housse et étui de transport,26.99,1,etui-de-transport-rigide-portable-eva-pour-retroid-pocket-5-sac-de-rangement-antichoc-accessoires-pour-console-de-jeu
"Housse de rangement RG35XX SP et RG34XX SP — mousse EVA, poche filet",Fun-Esports,Housse et étui de transport,16.99,1,sac-de-rangement-de-protection-pour-rg35xx-sp-rg34xx-sp-sac-de-voyage-sac-a-main-pour-console-de-jeu-etui-de-protection-avec-maille-pour-accessoires-rg35xx-sp
"Matrice LED RGB 8x8 WS2812 — 64 pixels adressables, pixel art DIY",Fun-Esports,Module LED adressable,15.99,1,module-matriciel-led-ws2812-led-5050-rgb-8x8-64-bits
"Axe de charnière DS Lite, DSi, 3DS, GBA SP — pièce de rechange",Fun-Esports,Charnière de remplacement,14.99,1,jcd-1-ensemble-de-pieces-de-reparation-de-coque-dessieu-de-charniere-pour-nds-lite-ndsl-ndsi-ll-xl-gba-sp-pour-3ds-nouveau-arbre-rotatif-de-remplacement-3ds-ll-xl
"Haut-parleur de remplacement pour console rétro — 8/16/32 Ω, lot de 2",Fun-Esports,Pièce détachée console,14.99,1,jcd-2-pieces-8-ohm-0-25w-0-5w-16-32ohm-haut-parleur-a-klaxon-8r-16r-32r-20mm-21mm-23mm-27mm-29mm-36mm-40mm-de-diametre-haut-parleur
Cadre photo aluminium mural — 8 formats de 20x30 à 50x50 cm,Fun-Esports,Décoration murale,32.99,1,8-couleurs-40x50-30x40cm-toile-photo-metal-aluminium-cadres-exterieurs-pour-peinture-a-lhuile-oeuvre-mur-art-photo-affiche-decoration-de-la-maison
"Sacoche à outils d'atelier — toile Oxford 1680D, 6 formats",Fun-Esports,Rangement d'atelier,27.99,1,airaj-sacs-a-outils-multifonctionnels-pour-electricien-accessoire-de-rangement-etanche-et-de-grande-capacite-1680d-oxford-grill
Boîtier acrylique pour carte de jeu Switch — jaquette visible,Fun-Esports,Boîtier de rangement,15.99,1,boite-de-rangement-pour-cartes-de-jeu-1-piece-support-de-cartouche-transparent-coque-pour-switch-ns-coque-de-rangement-support-de-livre-pour-couverture-inseree
"Fil silicone souple 5 couleurs — câblage de mod, 20 à 30 AWG",Fun-Esports,Atelier & modding,23.99,1,fil-de-silicone-en-cuivre-etame-5-couleurs-fil-electrique-souple-pour-bricolage-kit-de-cablage-flexible-20-22-24-26-28-30awg
Étui de rangement pour 16 cartes microSD — JJC MCR-TF16,Fun-Esports,Housse et étui de transport,17.99,1,jjc-etui-pour-carte-micro-sd-16-emplacements-boite-de-rangement-en-mousse-souple-porte-carte-microsd-carte-memoire-etanche-evaluation-pour-16-cartes-tf
"Tapis de souris XXL série grise — bords surjetés, base caoutchouc",Fun-Esports,Tapis de souris,23.99,1,tapis-de-souris-gris-grand-petit-format-tapis-de-souris-surjete-xxl-tapis-de-clavier-de-bureau-tapis-de-jeu-serie-grise-accessoires-informatiques
Étui de rangement pour cartes microSD et SD — étanche et antichoc,Fun-Esports,Rangement carte mémoire,17.99,1,llano-porte-cartes-resistant-a-leau-et-anti-choc-etui-pour-carte-memoire-pour-sd-micro-sd-tf-organisateur-de-stockage-de-carte-housse-de-protection-1
Lecteur de cartes microSD et SD USB — flasher vos consoles rétro,Fun-Esports,Lecteur de cartes mémoire,13.99,1,lecteur-de-carte-usb-3-0-2-en-1-lecteur-de-carte-micro-tf-sd-adaptateur-usb-lecteur-de-cartes-haute-vitesse-carte-memoire-tf-pour-pc-accessoires-pour-ordinateur-portable
"Set 135 keycaps PBT Akko — profil Cherry, légendes latérales",Fun-Esports,Keycaps,43.99,1,akko-jeu-de-capuchons-de-touches-degrades-imprimes-sur-le-cote-profil-cherry-double-injection-pbt-135-touches-pour-commutateurs-mx-clavier-mecanique-de-gamer
Étagère murale acrylique adhésive pour figurines — 10 ou 15 cm,Fun-Esports,Support & rangement,15.99,1,presentoir-mural-en-acrylique-transparent-auto-adhesif-pour-figurines-etagere-de-rangement-pour-modeles-rick-support-a-jouets-t1-support-daromatherapie
"Lecteur de carte microSD USB-C — adaptateur USB-A inclus, corps zinc",Fun-Esports,Accessoires,14.99,1,lecteur-tf-de-type-c-avec-coque-en-alliage-de-zinc-lecteur-de-carte-sd-avec-adaptateur-usb-c-vers-usb-adapte-pour-ordinateur-portable-macbook-samsung-galaxy
"Keycap papillon en résine translucide — profil SA ou OEM, tige MX",Fun-Esports,Keycaps,25.99,1,capuchons-de-clavier-papillon-personnalises-faits-a-la-main-resine-translucide-accessoires-de-jeu-pour-clavier-mecanique-cadeaux-de-commutateur-mx-sa-recommande
"Capuchon de touche artisanal en résine — profil SA R1, tige MX",Fun-Esports,Capuchon de touche,15.99,1,capuchons-de-touches-en-resine-profil-sa-r1-noir-or-temps-personnalises-faits-a-la-main-simples-pour-clavier-mecanique-mx
"Keycaps PBT topographiques — légendes latérales, tiges MX",Fun-Esports,Keycaps,25.99,1,nouveaux-capuchons-de-touches-topographiques-version-4-0-brillent-a-98-touches-pbt-profil-cherry-impression-laterale-retro-eclaire-pour-clavier-mecanique-mx-gamer
Panneau LED pixel pilotable par application — 16×16 ou 32×32,Fun-Esports,Décoration lumineuse,85.99,1,affichage-led-a-pixels-controle-par-application-lumiere-nocturne-programmable-animation-de-motifs-de-texte-diy-decoration-de-la-maison-chambre-a-coucher-salle-de-jeux-ambiance
Haute42 Cosmox Mini — manette arcade all-button (hitbox) PC et consoles,Fun-Esports,Manette arcade,119.99,1,haute42-cosmox-mini-arcade-joystick-hitbox-controleur-clavier-sans-levier-hitbox-fightstick-pour-ps4-ps5-switch-arcade-stick-pc
"Étui de rangement cartes microSD et SD — antichoc, résistant à l'eau",Fun-Esports,Rangement carte mémoire,16.99,1,llano-porte-cartes-resistant-a-leau-et-anti-choc-etui-pour-carte-memoire-pour-sd-micro-sd-tf-organisateur-de-stockage-de-carte-housse-de-protection
Convertisseur Dreamcast VGA vers HDMI — BitFunx Mini DC,Fun-Esports,Convertisseur vidéo,31.99,1,bitfunx-dc-vga-vers-hdmi-™-adaptateur-mini-version-hd-tv-convertisseur-audio-video-pour-console-de-jeu-dreamcast-toutes-les-versions
"Set de keycaps PBT Akko — profils MOG, MOA et MAO, dye-sub 5 faces",Fun-Esports,Keycaps,84.99,1,akko-original-mignon-theme-mog-moa-mao-profil-pbt-keycap-ensemble-5-cotes-colorant-sub-ansi-iso-disposition-fille-keycaps-cadeau-rond-chignon-champignon
Support acrylique réglable pour console portable rétro — multi-angles,Fun-Esports,Support de console,14.99,1,support-daffichage-reglable-multi-angles-en-acrylique-pour-console-de-jeu-gameboy-gb-gbc-gba-psp-nds-psv-psvita
"Mini-outil rotatif sans fil 3,6 V — découpe de coques et ponçage",Fun-Esports,Outil rotatif,26.99,1,outil-rotatif-electrique-sans-fil-usb-tungfull-mini-perceuse-a-graver-portative-outil-de-polissage-et-de-sculpture-diy-pour-le-bois-et-les-bijoux
"Arbre flexible 300 mm pour embouts 6,35 mm — vissage en angle",Fun-Esports,Outil d'atelier,16.99,1,poignee-hexagonale-argentee-en-metal-arbre-flexible-universel-tournevis-directionnel-tige-dextension-de-connexion-accessoire-doutil-300mm
"Keycaps PBT profil OEM impression latérale — 130 touches, MX",Fun-Esports,Keycaps,31.99,1,keycaps-degrades-imprimes-lateralement-translucides-en-pbt-double-injection-profil-oem-pour-interrupteurs-mx-clavier-de-jeu-plus-de-130-touches
RetroScaler2x — convertisseur AV vers HDMI et line doubler rétro,Fun-Esports,Convertisseur vidéo,96.99,1,retroscaler2x-av-vers-hdmi-®-convertisseur-et-ligne-doubulleur-pour-consoles-de-jeux-retro-ps2-n64-nes-dreamcast-saturn-md1-md2
"Tapis de soudure silicone magnétique — antistatique, 14 formats",Fun-Esports,Outil d'atelier,17.99,1,tapis-magnetique-de-reparation-en-silicone-tampon-de-soudure-pour-circuits-imprimes-resistant-a-la-chaleur-932-f-antistatique-pour-la-reparation-de-telephones-en-fer-esd
"Bracelet antistatique ESD réglable — cordon de mise à la terre 1,8 m",Fun-Esports,Outil d'atelier,14.99,1,nouveau-bracelet-antistatique-esd-reglable-bracelet-de-mise-a-la-terre-antistatique-outil-de-poignet-outil-manuel-acc
"Papier abrasif à l'eau — lot de 2 feuilles, grain 60 à 20000 au choix",Fun-Esports,Consommable de restauration,15.99,1,plats-de-sable-grain-80-10000-polissage-humide-et-sec-poncage-feuilles-de-papier-de-verre-abrasif-humide-sec-finition-de-surface-2-pieces
"Kit écran IPS PSP 3000 — laminé, haute luminosité, sans soudure",Fun-Esports,Écran de remplacement,89.99,1,nouvel-ecran-lcd-ips-lamine-retroeclaire-haute-luminosite-sans-besoin-de-soudure-pour-psp-3000-facile-a-installer
Boule de nettoyage pour panne de fer à souder — nettoyage à sec,Fun-Esports,Outil d'atelier,14.99,1,boule-de-nettoyage-pour-dessouder-fer-a-souder-filtre-a-mailles-pointe-de-buse-de-nettoyage-fil-de-cuivre-boule-de-nettoyage-boite-de-vidange-en-metal-boule-propre
Flux de soudure RMA-223 en seringue 10 cc — avec aiguille,Fun-Esports,Consommable de soudure,17.99,1,pate-a-souder-a-flux-10cc-graisse-a-souder-rma223-rma-223-avec-aiguille-pour-puces-dordinateur-led-bga-smd-pga-pcb-outils-de-reparation
"Convertisseur RGB vers HDMI 1080p PC Engine — BitFunx, switch 16:9 / 4:3",Fun-Esports,Convertisseur vidéo,57.99,1,bitfunx-rvb-vers-hdmi-1080p-™-adaptateur-audio-video-avec-interrupteur-16-9-4-3-pour-console-de-jeu-pce
Convertisseur RGB et YPbPr vers HDMI 1080p PS1 PS2 — BitFunx,Fun-Esports,Périphérique rétro,60.99,1,bitfunx-rvb-ypbpr-vers-hdmi-1080p-™-convertisseur-pour-consoles-de-jeux-ps2-ps1-ps-one-playstation-avec-commutateur-rgb-vers-ypbpr
"Module amplificateur audio PAM8403 2 × 3 W — classe D, 5 V USB",Fun-Esports,Atelier & modding,13.99,1,pam8403-super-mini-carte-amplificateur-numerique-2-3-w-classe-d-carte-amplificateur-numerique-efficace-2-5-a-5-v-alimentation-usb
Batterie Game Boy Advance SP 850 mAh — remplacement AGS-003,Fun-Esports,Batterie de remplacement,23.99,1,batterie-au-lithium-rechargeable-3-7-v-850-mah-pour-nintendo-gbasp-gameboy-advance-gba-sp
"Jeu de boutons Game Boy Color — A/B, croix, Start/Select, 15 coloris",Fun-Esports,Boutons de remplacement,14.99,1,jcd-1-set-convient-pour-game-boy-color-coque-de-boutons-pour-gbc-boutons-de-couleur-kit-de-remplacement-de-boutons-pour-jeux-gbc-diy-color
"Protecteurs de boîtes de jeux rétro en PET — lot de 10, 11 formats",Fun-Esports,Rangement et protection,26.99,1,boite-a-cartouches-de-jeu-transparente-10-pieces-etui-de-protection-en-plastique-pet-pour-jeux-cib-pour-n64-nes-snes-pour-gb-gba-gbc-ngpc-switch-ps5
Coque complète Game Boy DMG IPS-ready — boutons et pads inclus,Fun-Esports,Coque de remplacement,33.99,1,kit-de-remplacement-complet-de-la-coque-pour-console-game-boy-dmg-ips-ready-classic-avec-boutons-et-jeu-de-tampons-conducteurs-en-caoutchouc
Étui rigide EVA pour R36S et R35S — transport et rangement,Fun-Esports,Housse et étui de transport,16.99,1,etui-de-protection-pour-r36s-r35s-eva-sac-de-rangement-de-jeu-rigide-etui-de-protection-pour-console-de-jeu-boite-de-rangement-accessoires-de-jeu
Présentoir acrylique transparent — console portable et smartphone,Fun-Esports,Support & rangement,15.99,1,etagere-transparente-en-plastique-acrylique-vitrine-de-comptoir-de-fenetre-pour-console-de-jeu-psv-support-de-telephone-plateau-de-support-de-tablette
"Jeu de boutons Game Boy Advance — A/B, croix, L/R, 15 coloris",Fun-Esports,Boutons de remplacement,14.99,1,1-jeu-de-17-couleurs-de-haute-qualite-ab-colore-l-r-boutons-claviers-pour-gameboy-advance-boutons-cadre-pour-gba-d-pads-boutons-marche-arret
Câble USB-C coudé 90° 100 W — charge et données pour console portable,Fun-Esports,Câble USB-C,43.99,1,cable-usb-c-vers-usb-c-a-90-degres-100w-type-c-pd-cordon-de-charge-rapide-specialement-concu-pour-les-consoles-de-jeux-tablettes-et-ordinateurs-portables
"Coque de remplacement Game Boy Advance SP — 5 styles, kit complet",Fun-Esports,Coque de remplacement,29.99,1,boitier-de-remplacement-diy-multicolores-pour-gba-sp-coque-de-protection-pour-gbasp-edition-limitee-accessoires-de-reparation
"Plaque acrylique miroir noire — modding, bartop et déco rétro",Fun-Esports,Matériau d'atelier,15.99,1,plaque-en-acrylique-noir-effet-miroir-plaque-en-methacrylate-reflechissante-pour-projets-de-bricolage-personnalises-enseignes-numeros-de-table
"Câble HDMI 2.1 tressé 48 Gbit/s — 4K 120 Hz, 8K 60 Hz, 1 à 3 m",Fun-Esports,Câble vidéo,15.99,1,cable-compatible-hdmi-8k-4k-a-120hz-8k-a-60hz-adaptateur-hdmi-2-1-48gbps-pour-rtx-3080-ehull-hdr-cable-video-pc-ordinateur-portable-tv-box-ps5
"Faisceau de câbles pour stick arcade — 5 broches, XH2.54 et Dupont",Fun-Esports,Câblage arcade,13.99,1,sanwa-cable-de-joystick-adaptateur-5-broches-faisceau-de-cables-xh2-54-connecteur-dupont-pour-pc-a-retard-zero-controleur-de-carte-usb-darcade
"Coque complète Game Boy Color IPS-ready — eXtremeRate, boutons inclus",Fun-Esports,Coque de remplacement,54.99,1,extremerate-ips-ready-coque-de-protection-complete-degradee-amelioree-avec-boutons-pour-gameboy-color-pour-gbc-convient-pour-gbc-osd-ips
Encodeur USB arcade zéro latence : joystick et boutons pour PC,Fun-Esports,Encodeur arcade,15.99,1,encodeur-usb-arcade-a-latence-nulle-pour-2-joueurs-carte-de-circuit-de-commande-pour-joystick-pc-panneau-de-controle-pour-jeux-mame
"Bouton d'arcade snap-in 24 ou 30 mm — borne, stick et Raspberry Pi",Fun-Esports,Bouton d'arcade,15.99,1,1-bouton-darcade-sanwa-original-obsf-30-obsf24-24-mm-30-mm-boutons-de-remplacement-pour-raspberry-pi
Lot de 10 limes aiguilles diamantées 3 x 140 mm — ajustage de coques,Fun-Esports,Outil d'atelier,17.99,1,10-pieces-diamant-aiguille-fichier-ensemble-3x140mm-mini-aiguille-fichier-kit-pour-pierre-verre-metal-sculpture-artisanat-outils-a-main-aiguille-fichier-ensemble
"Fraises rotatives carbure 3,2 mm — set de 10 pour outil rotatif",Fun-Esports,Outil d'atelier,26.99,1,jeu-de-bavures-en-carbure-compatibles-avec-dremel-broyeur-a-tige-de-1-8-pouces-outil-rotatif-meches-de-rape-sculpture-sur-bois-et-metal-meulage-electrique-10-pieces
"Câble USB-C vers USB-C 10 Gbit/s Vention — 100 W, 4K 60 Hz",Fun-Esports,Câble USB-C,17.99,1,cable-usb-c-vention-usb3-2-10-gbit-s-type-c-vers-type-c-pd100w-qc4-0-5a-charge-rapide-4k60hz-pour-macbook-pro-ipad-iphone-17-samsung
"Ruban adhésif double face mousse pour modding — 3 m, 1 mm",Fun-Esports,Atelier & modding,14.99,1,3m-vhb-adhesif-double-face-fort-3m-4229p-5-50mm-ruban-adhesif-en-mousse-sans-trace-etanche-pour-voiture-maison-interieure-haute-temperature
Métal liquide LK-128 : pâte thermique haute conduction CPU et GPU,Fun-Esports,Atelier & modding,23.99,1,pate-thermique-en-metal-liquide-lk-128-pour-cpu-gpu-carte-graphique-cpu-ordinateur-portable-dissipation-thermique-ps5-pate-thermique-en-metal-liquide
"Pâte thermique 12,4 W/m·K pour console et PC — seringue 1 à 30 g",Fun-Esports,Pâte thermique,14.99,1,mj-pate-thermique-performance-pate-de-graisse-conductrice-thermique-12-4-w-mk-1-4-8-15-30g-pour-jeu-pc-ps5-cpu-gpu-refroidissement
"Hub USB 4 ports USB-A ou USB-C — norme USB 3.0, câble 15 cm",Fun-Esports,Hub USB,16.99,1,hub-usb-3-0-hub-usb-4-ports-haute-vitesse-type-c-separateur-5gbps-pour-accessoires-informatiques-hub-multiport-4-ports-usb-3-0-2-0
Retroid Pocket 6 : La console portable rétro ultime,Retroid Pocket,Console rétro portable,483.99,1,retroid-pocket-6
Manette rétro 8BitDo M30 2.4G Mini : le gaming ultime,8BitDo,Manette,54.99,1,manette-retro-8bitdo-m30-2-4g-mini
Manette 8BitDo M30 2.4G Sega Genesis  Le retro-gaming sans fil ultime,8BitDo,Manette,53.99,1,manette-8bitdo-m30-2-4g-sega-genesis-le-retro-gaming-sans-fil-ultime
Manette retro 8BitDo N30 2.4G : le sans-fil NES ultime !,8BitDo,Manette,53.99,1,manette-de-jeu-sans-fil-8bitdo-n30-2-4g-pour-nes-dorigine
Manette SNES 8BitDo SN30 Noir  : L'Expérience Rétro sans Fil 2.4G,8BitDo,Manette,53.99,1,manette-snes-8bitdo-sn30-noir
Manette 8BitDo SN30 2.4G : Le Rétrogaming SNES sans Fil,8BitDo,Manette,57.99,1,manette-8bitdo-sn30-retrogaming-snes-sans-fil
Tapis Souris XXL Vaisseau Spatial | PopMyPad |  900x400mm | 3mm | Vitesse Ultime,Popmypad,Tapis de souris,39.99,1,tapis-souris-xxl-vaisseau-spatial-popmypad-900x400mm-3mm-vitesse-ultime
Tapis de souris Gamer Faucheur Vert | PopMyPad | 900x400mm | 3mm | Précision incroyable,Popmypad,Tapis de souris,39.99,1,tapis-de-souris-gamer-faucheur-vert-popmypad-900x400mm-3mm-precision-incroyable
Tapis de Souris XXL Chevalier d'Or | PopMyPad | 900x400mm | 3mm | Antidérapant Haute Précision,Popmypad,Tapis de souris,39.99,1,tapis-de-souris-xxl-chevalier-dor-popmypad-900x400mm-3mm-antiderapant-haute-precision
Tapis de Souris XXL Dragon | PopMyPad | 900x400mm | 3mm | Précision Gaming,Popmypad,Tapis de souris,39.99,1,tapis-de-souris-xxl-dragon-popmypad-precision-gaming
Tapis de Souris XXL Golem de Lave | PopMyPad | 900x400mm | 3mm | Antidérapant Haute Précision,Popmypad,Tapis de souris,39.99,1,tapis-de-souris-xxl-golem-de-lave-popmypad-900x400mm-3mm-antiderapant-haute-precision
Tapis de Souris XXL Guerrière Fantasy | PopMyPad | 900x400mm | 3mm | Antidérapant Haute Précision,Popmypad,Tapis de souris,39.99,1,tapis-de-souris-xxl-guerriere-fantasy-popmypad-900x400mm-3mm-antiderapant-haute-precision
Tapis de souris XXL Chevalier | PopMyPad | 900x400mm | 3mm | Glisse et Précision,Popmypad,Tapis de souris,39.99,1,tapis-de-souris-xxl-chevalier-popmypad-glisse-et-precision
Tapis de souris XXL Cyberpunk Samurai | PopMyPad | 900x400mm | 3 mm |  Vitesse et Précision.,Popmypad,Tapis de souris,39.99,1,tapis-xxl-popmypad-cyberpunk-samurai-vitesse-et-precision
Tapis de Souris Gamer  L'Éveil de la Valkyrie | PopMyPad | 900x400mm | 3mm | Haute performance,Popmypad,Tapis de souris,39.99,1,popmypad-tapis-de-souris-gamer-xxl-leveil-de-la-valkyrie
Tapis de Souris XXL Cyborg | PopMyPad | 900x400mm | 3mm | Antidérapant Haute Précision,Popmypad,Tapis de souris,39.99,1,tapis-de-souris-xxl-cyborg-popmypad-glisse-ultime-gamer
Console Portable - AYN Thor - Puissance AAA - Joysticks Effet Hall -Refroidissement Actif - Gaming Nomade,Ayn,Console rétro portable,614.99,1,ayn-thor-console-portable-gaming-aaa
Anbernic RG 477V : La Console Rétro Verticale Ultime 4:3,Anbernic,Console rétro portable,409.99,1,anbernic-rg-477v-handheld-portable-game-console-4-7-hd-ltps-in-cell-screen-dimensity-8300-android-14-3d-halljoystick-psp-ps2
"Anbernic RG VITA Console Portable Rétro - Écran IPS 5"" HD, Android, Émulation PSP/PS1/N64, 128Go, Batterie 5000mAh",Anbernic,Console rétro portable,189.99,1,anbernic-rg-vita
Manette BIGBIG WON Blitz 2 TMR : L'élite Gaming 2000Hz,BIGBIG,Manette,107.99,1,manette-bigbig-won-blitz-2-tmr-lelite-gaming-2000hz
Keycaps Khazix League of Legends – le grain PBT sous les doigts,Fun-Esports,Keycaps,31.99,1,keycaps-khazix-league-of-legends
Keycaps Zed League of Legends – Le duo noir et rouge du setup gaming,Fun-Esports,Keycaps,31.99,1,keycaps-zed-league-of-legends
Keycaps Soraka League of Legends – garder des touches claires propres,Fun-Esports,Keycaps,31.99,1,keycaps-soraka-league-of-legends
Keycaps Pyke League of Legends – ce qui raye vraiment des keycaps,Fun-Esports,Keycaps,31.99,1,keycaps-pyke-league-of-legends
Keycaps Teemo League of Legends – L'idée cadeau pour un joueur qui débute,Fun-Esports,Keycaps,31.99,1,keycaps-teemo-league-of-legends
Keycaps Darius League of Legends – l'épaisseur du PBT et la sensation de solidité,Fun-Esports,Keycaps,31.99,1,keycaps-league-of-legends-darius
Keycaps Yone League of Legends – Esprit japonais sur clavier gris et blanc,Fun-Esports,Keycaps,31.99,1,keycaps-league-of-legends-yone-clavier-mecanique
Keycaps Rengar League of Legends – l'inclinaison des touches rangée par rangée,Fun-Esports,Keycaps,31.99,1,keycaps-rengar-league-of-legends
Keycaps Katarina League of Legends – le contenu exact du kit 12 touches,Fun-Esports,Keycaps,31.99,1,keycaps-katarina-league-of-legends
Keycaps Miss Fortune League of Legends – rendu comparé sur clavier noir et blanc,Fun-Esports,Keycaps,31.99,1,keycaps-miss-fortune-league-of-legends
Keycaps Mordekaiser League of Legends – un set sombre qui reste lisible,Fun-Esports,Keycaps,31.99,1,keycaps-mordekaiser-league-of-legends
Keycaps Draven League of Legends – grip et retour de frappe pour les joueurs à APM élevé,Fun-Esports,Keycaps,31.99,1,keycaps-league-of-legends-draven
Keycaps Garen League of Legends – Le cadeau du joueur de LoL,Fun-Esports,Keycaps,31.99,1,keycaps-league-of-legends-garen
Keycaps Ahri League of Legends – profil OEM pensé pour les longues sessions,Fun-Esports,Keycaps,31.99,1,keycaps-ahri-league-of-legends
Keycaps Sylas League of Legends – l'épaisseur du PBT à l'œil et au toucher,Fun-Esports,Keycaps,31.99,1,keycaps-league-of-legends-sylas-clavier-mecanique
"Keycaps Kayn League of Legends – un set, deux montages possibles",Fun-Esports,Keycaps,31.99,1,keycaps-kayn-league-of-legends
Keycaps Kaisa League of Legends – accorder son clavier au reste du setup,Fun-Esports,Keycaps,31.99,1,keycaps-kaisa-league-of-legends
Keycaps Jinx League of Legends – Set 12 touches PBT bleu et rose,Fun-Esports,Keycaps,27.99,1,keycaps-jinx-league-of-legends
Grip renforcé : Keycaps Valorant Breach – 14 touches PBT,Fun-Esports,Keycaps,29.9,1,keycaps-valorant-breach-set-de-14-touches-pbt-pour-clavier-mecanique
Keycaps Leblanc League of Legends – le set signature de la collection,Fun-Esports,Keycaps,24.99,1,keycaps-leblanc-clavier-mecanique
Grip renforcé : Keycaps Valorant Brimstone – 14 touches PBT grainées,Fun-Esports,Keycaps,29.9,1,keycaps-valorant-brimstone-set-de-14-touches-pbt-pour-clavier-mecanique
Set lavable : Keycaps Valorant Viper – 14 touches PBT durables,Fun-Esports,Keycaps,29.9,1,keycaps-valorant-viper-gaming-pbt
Grip renforcé : Keycaps Valorant ISO – 14 touches PBT grainées,Fun-Esports,Keycaps,29.9,1,keycaps-valorant-iso-clavier-gaming
Adhérence ultime : Keycaps Valorant Gekko – 14 touches PBT antidérapantes,Fun-Esports,Keycaps,29.9,1,keycaps-valorant-gekko-clavier-gaming
Frappe furtive : Keycaps Valorant Jett – 14 touches PBT,Fun-Esports,Keycaps,29.9,1,keycaps-valorant-jett-clavier-gaming
Keycaps Valorant Harbor – Set de 14 touches PBT pour clavier mécanique,Fun-Esports,Keycaps,29.9,1,keycaps-valorant-harbor-clavier-gaming
Frappe explosive : Keycaps Valorant Raze – 14 touches PBT renforcées,Fun-Esports,Keycaps,29.9,1,keycaps-valorant-raze-clavier-gaming
Furtivité ultime : Keycaps Valorant Omen – 14 touches PBT mate,Fun-Esports,Keycaps,29.9,1,keycaps-valorant-omen-clavier-gaming
Effet spectral : Keycaps Valorant Reyna – 14 touches PBT,Fun-Esports,Keycaps,29.9,1,keycaps-valorant-reyna-clavier-gaming
Résistance thermique : Keycaps Valorant Phoenix – 14 touches PBT,Fun-Esports,Keycaps,29.9,1,keycaps-valorant-phoenix-clavier-gaming
Confort zen : Keycaps Valorant Sage – 14 touches PBT,Fun-Esports,Keycaps,29.9,1,keycaps-valorant-sage-clavier-gaming
Keycaps Valorant Chamber – 14 touches PBT,Fun-Esports,Keycaps,29.9,1,keycaps-valorant-chamber-clavier-gaming
Keycaps Valorant Cypher – 14 touches PBT sculptées,Fun-Esports,Keycaps,29.9,1,keycaps-valorant-cypher-clavier-gaming
Keycaps Valorant KAY/O – Set de 14 touches PBT pour clavier mécanique,Fun-Esports,Keycaps,29.9,1,keycaps-valorant-kayo-clavier-gaming
Haute durabilité : Keycaps Valorant Killjoy – 14 touches PBT,Fun-Esports,Keycaps,29.9,1,keycaps-valorant-killjoy-clavier-gaming
Keycaps Valorant Fade – 14 touches PBT anti-décoloration,Fun-Esports,Keycaps,29.9,1,keycaps-valorant-fade-clavier-gaming
Keycaps Valorant Neon – Set de 14 touches PBT pour clavier mécanique,Fun-Esports,Keycaps,29.9,1,keycaps-valorant-neon-clavier-gaming
Keycaps Valorant Astra – 14 touches PBT,Fun-Esports,Keycaps,29.9,1,keycaps-valorant-astra-clavier-gaming
Keycaps Valorant Deadlock – 14 touches PBT antidérapantes,Fun-Esports,Keycaps,29.9,1,keycaps-valorant-deadlock-clavier-gaming
Keycaps Valorant Sova – Set de 14 touches PBT pour clavier mécanique,Fun-Esports,Keycaps,29.9,1,keycaps-valorant-sova-set-de-14-touches-pbt-pour-clavier-mecanique
Keycaps Azir League of Legends – où placer les 12 touches sur un clavier AZERTY,Fun-Esports,Keycaps,31.99,1,keycaps-azir-league-of-legends
Keycaps Blitzcrank League of Legends – conçues pour encaisser une frappe lourde,Fun-Esports,Keycaps,31.99,1,keycaps-blitzcrank-league-of-legends
Keycaps Malphite League of Legends – le set qui part en LAN,Fun-Esports,Keycaps,31.99,1,keycaps-league-of-legends-malphite
Keycaps Illaoi League of Legends – Pensé pour les claviers 60 % et 65 %,Fun-Esports,Keycaps,31.99,1,keycaps-illaoi-league-of-legends
Keycaps Malzahar League of Legends – du jeu au bureau sans changer de clavier,Fun-Esports,Keycaps,31.99,1,keycaps-malzahar-league-of-legends
Keycaps Graves League of Legends – Finition mate anti-traces,Fun-Esports,Keycaps,31.99,1,keycaps-graves-league-of-legends
Keycaps Kalista League of Legends – ne changer que ZQSD et les touches d'action,Fun-Esports,Keycaps,31.99,1,keycaps-kalista-league-of-legends
Keycaps Aurelion Sol League of Legends – ce que donne le set sous un rétroéclairage RGB,Fun-Esports,Keycaps,31.99,1,keycaps-aurelion-league-of-legends
Keycaps Nasus League of Legends – la sublimation DYE-SUB expliquée,Fun-Esports,Keycaps,31.99,1,keycaps-nasus-league-of-legends
Keycaps Caitlyn League of Legends – finesse de gravure et légendes qui restent lisibles,Fun-Esports,Keycaps,31.99,1,keycaps-league-of-legends-caitlyn
Keycaps Vayne League of Legends – Le set discret des setups épurés,Fun-Esports,Keycaps,31.99,1,keycaps-vayne-league-of-legends
Keycaps Twitch League of Legends – Tenir le rythme des sessions longues,Fun-Esports,Keycaps,31.99,1,keycaps-twitch-league-of-legends
Keycaps Nocturne League of Legends – le set noir pour setup sombre et stream,Fun-Esports,Keycaps,31.99,1,keycaps-nocturne-league-of-legends
Keycaps Syndra League of Legends – Accorder le violet à son clavier,Fun-Esports,Keycaps,31.99,1,keycaps-syndra-league-of-legends
"Keycaps Renekton League of Legends – frappe lourde, switches linéaires ou tactiles",Fun-Esports,Keycaps,31.99,1,keycaps-renekton-league-of-legends
Keycaps Leona League of Legends – l'or solaire sur clavier blanc,Fun-Esports,Keycaps,31.99,1,keycaps-leona-league-of-legends
Keycaps Jax League of Legends – le PBT qui ne devient pas brillant,Fun-Esports,Keycaps,31.99,1,keycaps-jax-league-of-legends
"Keycaps Gangplank League of Legends – Compatible Cherry MX, Gateron, Kailh",Fun-Esports,Keycaps,31.99,1,keycaps-gangplank-league-of-legends
Keycaps Xayah League of Legends – Composer la paire avec Rakan,Fun-Esports,Keycaps,31.99,1,keycaps-xayah-league-of-legends
Keycaps Ezreal League of Legends – Montage pas à pas avec extracteur,Fun-Esports,Keycaps,31.99,1,keycaps-ezreal-league-of-legends
Keycaps Fizz League of Legends – Entretien facile du PBT,Fun-Esports,Keycaps,31.99,1,keycaps-fizz-league-of-legends
Keycaps Diana League of Legends – bleu nuit et argent pour un setup sombre,Fun-Esports,Keycaps,31.99,1,keycaps-diana-league-of-legends
Keycaps Rakan League of Legends – monter la paire Rakan et Xayah,Fun-Esports,Keycaps,31.99,1,keycaps-rakan-league-of-legends
Keycaps Nautilus League of Legends – résister aux éclaboussures du bureau,Fun-Esports,Keycaps,31.99,1,keycaps-nautilus-league-of-legends
Keycaps Janna League of Legends – Profil OEM rangée par rangée,Fun-Esports,Keycaps,31.99,1,keycaps-janna-league-of-legends
Keycaps Lee Sin League of Legends – des repères pour frapper sans regarder,Fun-Esports,Keycaps,31.99,1,keycaps-lee-sin-league-of-legends
Keycaps Nami League of Legends – aqua et pastel pour un setup doux,Fun-Esports,Keycaps,31.99,1,keycaps-nami-league-of-legends
Keycaps Master Yi League of Legends – le set idéal pour un premier changement,Fun-Esports,Keycaps,31.99,1,keycaps-master-yi-league-of-legends
Keycaps Irelia League of Legends – Le son de frappe du PBT,Fun-Esports,Keycaps,31.99,1,keycaps-irelia-league-of-legends
Casque PS4 Filaire Gamer – Son Immersif et Confort,Fun-Esports,Casque,24.99,1,casque-ps4-filaire-gamer-son-immersif
Casque Fifine H6 Gamer – Son Surround 7.1 Immersif,Fifine,Casque,93.99,1,casque-fifine-h6-gamer-son-surround
Casque PS5 sans-fil Picun G2 – Son Surround 7.1 & Autonomie 100H,Picun,Casque,99.99,1,casque-ps5-sans-fil-picun-g2-surround-100h
Casque PS5 Sans Fil Polyvalent – Son Spatial & Confort Optimal,Fun-Esports,Casque,64.99,1,casque-ps5-sans-fil-polyvalent-son-spatial
Casque PS5 Sans Fil Eksa – Son Surround 7.1 et Confort Ergonomique,EKSA,Casque,169.99,1,casque-ps5-eksa-surround-confort
Casque Gamer Sans-Fil EKSA – Autonomie et Confort Premium,EKSA,Casque,186.99,1,casque-gamer-eksa-autonomie-confort
Souris Sans-fil Silencieuse - Précision et Confort,Fun-Esports,Souris,23.99,1,ouris-gamer-sans-fil-silencieuse-precision-confort
Casque Gamer EKSA E900 Pro - Confort et Son Immersif,EKSA,Casque,114.99,1,casque-gamer-eksa-e900-pro-confort-immersion
Manette Switch Sans Fil – Confort et Performance,Fun-Esports,Manette,80.99,1,manette-switch-sans-fil-confort-et-performance
"Rapoo MT760M souris gamer - Bluetooth 5.0, 11 Boutons",Rapoo,Souris,154.99,1,souris-gamer-sans-fil-rapoo-bluetooth-11-boutons
Souris Sans-fil Silencieuse - Performance & Confort,Fun-Esports,Souris,28.99,1,souris-gamer-sans-fil-silencieuse-performance-confort
Souris Gamer Sans-fil RGB Silencieuse - Mode Jiggler,Fun-Esports,Souris,35.99,1,souris-gamer-sans-fil-mode-jiggler
Helios XD5 Souris Sans-fil LED - Précision & Confort Ergonomique,Helios,Souris,27.99,1,souris-gamer-sans-fil-led-precision-confort
Souris Gamer Sans-fil Multimode - Précision 10 000 DPI,Fun-Esports,Souris,35.99,1,souris-gamer-sans-fil-multimode-10000-dpi
"Souris Gamer Sans-fil Racing Edition RGB, 6 Boutons",Fun-Esports,Souris,27.99,1,souris-gamer-sans-fil-racing-edition
Dareu A950 Souris Gamer Sans-fil - Précision 26 000 DPI,Dareu,Souris,109.99,1,souris-gamer-sans-fil-dareu-a950
Dareu EM901X Souris Gamer Sans-fil - Précision et Ergonomie,Dareu,Souris,83.99,1,souris-gamer-sans-fil-dareu-em901x
Dareu A950 Souris Gamer Sans-fil - Précision et Autonomie,Dareu,Souris,92.99,1,souris-gamer-dareu-a950-sans-fil
Manette GameCube - Confort et Réactivité Exceptionnels,Fun-Esports,Manette,26.99,1,manette-gamecube-confort-reactivite
Manette PS4 – Polyvalence et Immersion Totale,Fun-Esports,Manette,86.99,1,manette-ps4-multiplateforme-turbo
Manette PS4 – Style Unique et Gaming Performant,Fun-Esports,Manette,48.99,1,manette-ps4-sur-pc-style-gaming
Manette PS4 – Polyvalence pour PS4 et PC Gaming,Fun-Esports,Manette,46.99,1,manette-ps4-sur-pc-polyvalente
Manette Switch Sans Fil – Performance et Confort,Fun-Esports,Manette,30.99,1,manette-switch-sans-fil-performance-et-confort
Manette PS3 Bluetooth Multi-plateformes – Immersion et Précision,Fun-Esports,Manette,33.99,1,manette-ps3-bluetooth-multi-plateformes-immersion
Manette Switch Machenike G5Pro – Précision et Performance,Machenike,Manette,104.99,1,manette-switch-sans-fil-machenike
Manette PS3 Sans Fil Ergonomique – Confort Prolongé,Fun-Esports,Manette,24.99,1,manette-ps3-sans-fil-ergonomique-immersion-confort
Manette PS2 Sans Fil avec Vibration – Immersion et Précision,Fun-Esports,Manette,25.99,1,manette-ps2-sans-fil-vibration-immersion
Manette Switch Sans Fil Ipega 9076,Ipega,Manette,58.99,1,manette-switch-sans-fil-ipega-9076
Manette Switch Pro avec RGB et Turbo,Fun-Esports,Manette,54.99,1,manette-switch-pro-fun-esports-rgb-turbo
Manette Switch avec RGB et Turbo,Fun-Esports,Manette,55.99,1,manette-gaming-fun-esports-switch-rgb-turbo
Souris Sans Fil Rapoo – Précision et Performance Ultimes,Rapoo,Souris,204.99,1,souris-sans-fil-rapoo
Souris Ergonomique Gamer Sans Fil – Précision et Confort,Fun-Esports,Souris,61.99,1,souris-ergonomique-gamer-sans-fil-precision-confort
Manette Switch Sans-fil Compatible PC Technologie Hall-Linear,Fun-Esports,Manette,119.99,1,manette-switch-sans-fil-compatible-pc
Souris Gaming Rose Sans-fil,Fun-Esports,Souris gamer,30.99,1,souris-gaming-rose-sans-fil
Souris Gaming Rose Filaire,Fun-Esports,Souris gamer,26.99,1,souris-gaming-rose-filaire
Souris Gamer Sans-Fil Rapoo VT9 Ultra-Précise 26000 DPI,Rapoo,Souris,204.99,1,souris-gamer-sans-fil-rapoo-vt9-precision-26000-dpi
Souris Gamer Filaire 2400 DPI - Précision et Confort Silencieux,Fun-Esports,Souris,28.99,1,souris-gamer-filaire-2400-dpi
Souris Gamer Sans Fil Attack Shark X6 – Précision et Confort Ultimes,Attack Shark,Souris,84.99,1,souris-gamer-sans-fil-attack-shark-x6-precision-confort
Attack Shark R1 Souris Gamer Sans-fil - Précision et Flexibilité,Attack Shark,Souris,49.99,1,souris-gamer-sans-fil-attack-shark-r1
Manette Mobile Bluetooth - Jeu iPhone & Android,Fun-Esports,Manette,62.99,1,manette-sans-fil-gaming-iphone-android-bluetooth
Manette EasySMX M05 pour Jeux Mobiles - Android,EasySMX,Manette,62.99,1,manette-android-sans-fil-easysmx-m05
Manette GameCube – Confort et Précision Optimale,Fun-Esports,Manette,26.99,1,manette-gamecube-confort-precision
Casque NUBWO G06 Rose – Performance et Élégance,Nubwo,Casque,91.99,1,casque-nubwo-g06-rose
Casque NUBWO G06 Orange – Immersion et Endurance,Nubwo,Casque,91.99,1,casque-nubwo-g06-orange
Casque NUBWO G06 Bleu – Autonomie et Connectivité Inégalées,Nubwo,Casque,91.99,1,nubwo-g06-bleu
Casque NUBWO G06 Vert - Gaming Sans Limite,Nubwo,Casque,91.99,1,casque-nubwo-g06-vert
ANBERNIC RG P01 – Manette Gaming multi-plateforme avec RGB,Anbernic,Manette,34.99,1,manette-anbernic-rg-p01
Acer Predator PGR300 - Une manette taillée pour la victoire,Acer,Manette,91.99,1,acer-predator-pgr300-manette-jeu
Manette Machenike G5 Pro Max – Précision et performances gaming,Machenike,Manette,86.99,1,machenike-g5-pro-max-manette-gaming-avec-support-de-charge
MACHENIKE G5 PRO - Gaming Multiplateforme,Machenike,Manette,63.99,1,manette-machenike-g5-pro-precision-et-connectivite-avancee
Manette Thunderobot G50S Noir – Précision et connectivité ultime,Thunderobot,Manette,63.99,1,manette-thunderobot-g50s-noir
Manette Thunderobot G50S Blanc – Contrôle précis et multi-connectivité,Thunderobot,Manette,63.99,1,manette-thunderobot-g50s-precision-et-connectivite
Souris Gamer Darmoshark M3 – Légèreté et Précision,Darmoshark,Souris,102.99,1,souris-gamer-darmoshark-m3
Souris Gamer Sans-fil Darmoshark N3,Darmoshark,Souris,105.99,1,souris-gamer-darmoshark-n3
Souris Gamer Darmoshark N5 – Légèreté et Précision Ultime,Darmoshark,Souris,129.99,1,souris-gamer-darmoshark-n5
"8BitDo Ultimate Wired - Manette Xbox & PC, Haute Précision",8BitDo,Manette,88.99,1,manette-8bitdo-ultimate-wired-xbox-pc-haute-precision
Souris Gamer Mecha – Performance et Style Personnalisé,Fun-Esports,Souris,28.99,1,souris-gamer-mecha-precision-rgb-filaire
Souris Gamer Mecha – Précision et Personnalisation Gaming,Fun-Esports,Souris,28.99,1,souris-gamer-mecha-precision-et-personnalisation-gaming
"Souris Gamer Mecha – Précision, Réactivité et Style",Fun-Esports,Souris,25.99,1,souris-gamer-mecha-precision-reactivite-et-style
8BitDo Ultimate Xbox Hall - Manette Filaire Précision Inégalée,8BitDo,Manette,84.99,1,manette-filaire-8bitdo-ultimate-xbox-hall-precision-inegalee
8BitDo Ultimate Xbox Hall – Manette Filaire Gaming,8BitDo,Manette,84.99,1,manette-filaire-8bitdo-ultimate-xbox-hall-precision-gaming
8BitDo Ultimate Xbox Hall – Manette Filaire Performance Gaming,8BitDo,Manette,84.99,1,8bitdo-ultimate-c-wired-xbox-controller-gamepads-pc-xbox-series-x-s-xbox-one-rgb-light-fire-ring-hall-effect-sticks-for-windows
Tapis de sol rond motif manettes de jeu – Ø 40 à 140 cm,Fun-Esports,Tapis de sol,23.99,1,tapis-sol-gamer-fun-esports-design-rond-resistant
Tapis de sol rond motif manette rétro – Ø 40 à 140 cm,Fun-Esports,Tapis de sol,23.99,1,tapis-sol-gamer-accessoire-geek-incontournable
Tapis de sol rond motif logo gaming – Ø 40 à 140 cm,Fun-Esports,Tapis de sol,23.99,1,tapis-sol-gamer-original-style-protection
Tapis de sol rond motif manette rétro – Ø 40 à 140 cm,Fun-Esports,Tapis de sol,23.99,1,setup-gaming-style-protection-tapis-de-sol-gamer
Tapis de sol rond motif manettes de jeu – Ø 40 à 140 cm,Fun-Esports,Tapis de sol,23.99,1,setup-gaming-colore-style-tapis-de-sol-resistant
Tapis de sol rond motif manettes de jeu – Ø 40 à 140 cm,Fun-Esports,Tapis de sol,23.99,1,tapis-rond-colore-gaming-setup-style-et-protection
Tapis de sol rond motif logo gaming – Ø 40 à 140 cm,Fun-Esports,Tapis de sol,23.99,1,tapis-rond-style-gaming-setup-immersif-protection
Tapis de sol rond motif manettes de jeu – Ø 40 à 140 cm,Fun-Esports,Tapis de sol,23.99,1,style-robustesse-setup-gaming-tapis-de-sol-design
Tapis de sol rond motif manette rétro – Ø 40 à 140 cm,Fun-Esports,Tapis de sol,23.99,1,tapis-de-sol-gamer-rond-design-geek-et-durable
Tapis de sol rond motif symboles de touches – Ø 40 à 140 cm,Fun-Esports,Tapis de sol,23.99,1,setup-gaming-style-confort-avec-tapis-de-sol-gamer
Tapis de sol rond motif logo gaming – Ø 40 à 140 cm,Fun-Esports,Tapis de sol,23.99,1,setup-gaming-accessoire-tapis-de-sol-gamer-essentiel
Tapis de sol rond motif zone interdite – Ø 40 à 140 cm,Fun-Esports,Tapis de sol,23.99,1,style-pratique-setup-gaming-tapis-de-sol-gamer-lavable
Tapis de sol rond motif zone interdite – Ø 40 à 140 cm,Fun-Esports,Tapis de sol,23.99,1,design-performance-gaming-tapis-de-sol-gamer-durable
Tapis de sol rond motif Game Over – Ø 40 à 140 cm,Fun-Esports,Tapis de sol,23.99,1,univers-geek-style-tapis-de-sol-gamer-ultra-resistant
Tapis de sol rond motif manette moderne – Ø 40 à 140 cm,Fun-Esports,Tapis de sol,23.99,1,accessoire-gaming-geek-tapis-de-sol-gamer-durable
Tapis de sol rond motif logo gaming – Ø 40 à 140 cm,Fun-Esports,Tapis de sol,23.99,1,tapis-rond-gaming-look-geek-confort-et-resistance
Tapis de sol rond motif zone interdite – Ø 40 à 140 cm,Fun-Esports,Tapis de sol,23.99,1,setup-gaming-rond-tapis-de-sol-gamer-design-et-style
Tapis de sol rond motif manettes de jeu – Ø 40 à 140 cm,Fun-Esports,Tapis de sol,23.99,1,look-gaming-rond-style-tapis-de-sol-gamer-confortable
EasySMX X05 – Manette Switch Hall Effect avec éclairage RGB,EasySMX,Manette,55.99,1,easysmx-x05-manette-switch-rgb-hall
Flydigi Apex 4 – Manette switch Sans Fil Multiplateforme Ultra Réactive,Flydigy,Manette,232.99,1,flydigi-apex-4-manette-gamer-sans-fil-multiplateforme
ROG Raikiri – Précision Pro pour PC & Xbox,Asus,Manette,112.99,1,rog-raikiri-precision-pro-pour-pc-xbox
SanDisk microSD Pokémon 256 Go pour Nintendo Switch,SanDisk,Cartes SD,114.99,1,sandisk-microsd-pokemon-256-go-pour-nintendo-switch
SanDisk microSDXC Fortnite 128 Go pour Nintendo Switch,SanDisk,Cartes SD,65.99,1,sandisk-microsdxc-fortnite-128-go-pour-nintendo-switch
Cartes microSDXC sous licence Nintendo® pour Nintendo Switch™,SanDisk,Cartes SD,57.99,1,cartes-microsdxc-sous-licence-nintendo®-pour-nintendo-switch™
TRIMUI Smart Pro S - Écran 720p & WiFi 6,TrimUI,Console rétro portable,155.99,1,trimui-smart-pro-s
Anbernic RG DS : Console Rétro Double Écran Android 14,Anbernic,Console rétro portable,157.99,1,console-anbernic-rg-ds
Manette Switch Pro avec RGB et Turbo,Fun-Esports,Manette,54.99,1,manette-switch-pro-fun-esports-rgb-turbo-2
Retroid Pocket Classic - Console Android,Retroid Pocket,Console rétro portable,263.99,1,retroid-pocket-classic-console-android
Anbernic RG476H - Console portable rétrogaming,Anbernic,Console rétro portable,272.99,1,anbernic-rg476h-console-portable-retrogaming
Magicx Zero 40 Console retrogaming android,MagicX,Console rétro portable,136.99,1,magicx-zero-40-console-retrogaming-android
Retroid Officiel Dock – Station 7-en-1 pour consoles,Retroid Pocket,Accessoires,122.99,1,retroid-officiel-dock-station-7-en-1-pour-consoles
Housse Retroid Pocket Flip 2,Retroid Pocket,Accessoires,63.99,1,housse-retroid-pocket-flip-2
Retroid Dual Screen Add-on – Écran AMOLED portable,Retroid Pocket,Accessoires,221.99,1,retroid-dual-screen-add-on-ecran-amoled-portable
Housse Anbernic RG406V,Anbernic,Accessoires,29.99,1,housse-anbernic-rg406v
Housse Anbernic RG35XX H – Protection Compacte et Durable,Anbernic,Accessoires,29.99,1,housse-anbernic-rg35xx-h-protection-compacte-et-durable
Housse Anbernic RG556 – Protection Élégante et Robuste,Anbernic,Accessoires,48.99,1,housse-anbernic-rg556-protection-elegante-et-robuste
Etui Anbernic RG35XXSP – Protection Premium Compacte,Anbernic,Accessoires,29.99,1,etui-anbernic-rg35xxsp-protection-premium-compacte
Étui Rigide Anbernic RG 40XXV,Anbernic,Accessoires,29.99,1,etui-rigide-anbernic-rg-40xxv
Étui de Protection Rigide Anbernic pour RG Cubexx,Anbernic,Accessoires,29.99,1,etui-de-protection-rigide-anbernic-pour-rg-cubexx
Housse Anbernic RG34XX – Élégance et transport sécurisé,Anbernic,Accessoires,29.99,1,housse-anbernic-rg34xx-elegance-et-transport-securise
Housse Anbernic RG353V - Protection compacte et efficace,Anbernic,Accessoires,29.99,1,housse-anbernic-rg353v-protection-compacte-et-efficace
Housse Anbernic RG557 – Protection colorée et stylée,Anbernic,Accessoires,48.99,1,housse-anbernic-rg557-protection-coloree-et-stylee
Housse Anbernic RG 35XXPro – Protection rigide gamer,Anbernic,Accessoires,29.99,1,housse-anbernic-rg-35xxpro-protection-rigide-gamer
Housse Anbernic RG Slide – Protection rigide & stylée,Anbernic,Accessoires,29.99,1,housse-anbernic-rg-slide-protection-rigide-stylee
Housse Anbernic RG 477M - Protection gamer stylée,Anbernic,Accessoires,29.99,1,housse-anbernic-rg-477m-protection-gamer-stylee
Housse Anbernic RG476H – Étui rigide de protection console,Anbernic,Accessoires,29.99,1,housse-anbernic-rg476h-etui-rigide-de-protection-console
Grip pour console portable RG35XX H,Fun-Esports,Grip,47.99,1,grip-pour-console-portable-rg35xx-h
Étui de protection Retroid Pocket 5,Fun-Esports,Housse et étui de transport,59.99,1,etui-de-protection-retroid-pocket-5
Grip Trimui Brick,Fun-Esports,Grip,46.99,1,grip-trimui-brick
Grip ergonomique Miyoo Mini Plus,Fun-Esports,Grip,47.99,1,grip-ergonomique-miyoo-mini-plus
Grip pour Anbernic RG-Slide,Fun-Esports,Grip,49.99,1,grip-pour-anbernic-rg-slide
Étui de transport ultra-résistant pour Retroid Pocket 5,Fun-Esports,Protection d'écran,32.99,1,etui-de-transport-ultra-resistant-pour-retroid-pocket-5
Protection écran verre trempé RG35XX Pro,Fun-Esports,Protection d'écran,17.99,1,protection-ecran-verre-trempe-rg35xx-pro
Verre trempé - Protection écran pour RG CubeXX,Fun-Esports,Protection d'écran,17.99,1,protection-ecran-pour-rg-cubexx
Grip ergonomique - Pour Retroid Pocket 5,Fun-Esports,Grip,49.99,1,grip-ergonomique-pour-retroid-pocket-5
Protection écran Anbernic RG40XXV,Fun-Esports,Protection d'écran,16.99,1,protection-ecran-anbernic-rg40xxv
Protection écran Trimui Brick,Fun-Esports,Protection d'écran,17.99,1,protection-ecran-trimui-brick
Verre trempé RP5F — Protection écran Retroid Pocket 5,Fun-Esports,Protection d'écran,27.99,1,verre-trempe-rp5f-protection-ecran-retroid-pocket-5
Housse Anbernic RG556,Fun-Esports,Housse et étui de transport,16.99,1,housse-anbernic-rg556
SanDisk microSD GamePlay  – jeux mobiles et consoles,SanDisk,Cartes SD,45.99,1,sandisk-microsd-gameplay-256-go-jeux-mobiles-et-consoles
AYN Odin 2 Portal — Console portable AMOLED 7'' 1080p,Ayn,Console rétro portable,619.99,1,ayn-odin-2-portal
Trimui Brick,TrimUI,Console rétro portable,119.99,1,trimui-brick
Trimui Smart Pro,TrimUI,Console rétro portable,113.99,1,trimui-smart-pro
Retroid Pocket 4 pro,Retroid Pocket,Console rétro portable,339.99,1,retroid-pocket-4-pro
Anbernic RG 477M,Anbernic,Console rétro portable,450.99,1,anbernic-rg-477m
Retroid Pocket Flip 2,Retroid Pocket,Console rétro portable,413.99,1,retroid-pocket-flip-2
Retroid Pocket 5,Retroid Pocket,Console rétro portable,382.99,1,retroid-pocket-5
Anbernic RG557,Anbernic,Console rétro portable,394.9,1,anbernic-rg557
Anbernic RG35XX Pro,Anbernic,Console rétro portable,105.99,1,anbernic-rg35xx-pro
Anbernic RG Slide,Anbernic,Console rétro portable,288.99,1,anbernic-rg-slide
Thousand Sunny One Piece - Tapis de souris XXL,Fun-Esports,Tapis de souris,26.99,1,thousand-sunny-one-piece-tapis-de-souris-xxl
Luffy manga One Piece - Tapis de souris XXL,Fun-Esports,Tapis de souris,26.99,1,luffy-manga-one-piece-tapis-de-souris-xxl
Zoro rouge artistique - Tapis de souris XXL,Fun-Esports,Tapis de souris,26.99,1,zoro-rouge-artistique-tapis-de-souris-xxl
One Piece Red Pirate - Tapis de souris XXL,Fun-Esports,Tapis de souris,26.99,1,one-piece-red-pirate-tapis-de-souris-xxl
Zoro Roronoa One Piece- Tapis de souris XXL,Fun-Esports,Tapis de souris,26.99,1,zoro-roronoa-one-piece-tapis-de-souris-xxl
Luffy chapeau de paille - Tapis de souris XXL,Fun-Esports,Tapis de souris,26.99,1,luffy-chapeau-de-paille-tapis-de-souris-xxl
Luffy Gear 4 One Piece - Tapis de souris XXL,Fun-Esports,Tapis de souris,26.99,1,luffy-gear-4-one-piece-tapis-de-souris-xxl
Zoro One Piece - Tapis de souris XXL,Fun-Esports,Tapis de souris,26.99,1,zoro-one-piece-tapis-de-souris-xxl
Zoro sabres Vert - Tapis de souris XXL,Fun-Esports,Tapis de souris,26.99,1,zoro-sabres-vert-tapis-de-souris-xxl
One Piece Zoro Manga - Tapis de souris XXL,Fun-Esports,Tapis de souris,26.99,1,one-piece-zoro-manga-tapis-de-souris-xxl
One Piece Équipage complet - Tapis de souris XXL,Fun-Esports,Tapis de souris,26.99,1,one-piece-equipage-complet-tapis-de-souris-xxl
Tapis de souris XXL One Piece – Luffy et éclairs bleus,Fun-Esports,Tapis de souris,27.99,1,one-piece-gaming-mouse-pad-anime-gamer-keyboard-mouse-mat-speed-xxl-rubber-900x400x2mm-cartoon-big-motbook-computer-pc-mousepad-8
"Tapis de souris XXL One Piece – Luffy, Ace et Sabo sur fond enflammé",Fun-Esports,Tapis de souris,26.99,1,one-piece-ace-sabo-luffy-tapis-de-souris-xxl
Zoro King of Hell - Tapis de souris XXL,Fun-Esports,Tapis de souris,26.99,1,zoro-king-of-hell-tapis-de-souris-xxl
One Piece - Tapis de souris XXL Luffy,Fun-Esports,Tapis de souris,26.99,1,one-piece-tapis-de-souris-xxl-luffy
One Piece - Tapis de souris XXL Zoro classique,Fun-Esports,Tapis de souris,27.99,1,one-piece-tapis-de-souris-xxl-zoro-classique
One Piece - Tapis de souris XXL Zoro démoniaque,Fun-Esports,Tapis de souris,26.99,1,one-piece-tapis-de-souris-xxl-zoro-demoniaque
Tapis de souris XXL Luffy Gear 5 - Ultra stylé,Fun-Esports,Tapis de souris,26.99,1,luffy-gear-5-one-piece-tapis-de-souris-xxl
One Piece - Tapis de souris XXL Zoro,Fun-Esports,Tapis de souris,26.99,1,tapis-de-souris-xxl-zoro-one-piece
One Piece - Tapis de souris XXL désigne épique,Fun-Esports,Tapis de souris,26.99,1,tapis-de-souris-xxl-one-piece-epique
Anbernic RG35XXSP – Console rétro portable à écran IPS,Anbernic,Console rétro portable,129.99,1,anbernic-rg35xxsp-console-retro-portable
Design Arcane violet – Tapis de souris XXL Jinx Powder,Fun-Esports,Tapis de souris,25.99,1,jinx-powder-tapis-de-souris-xxl-gamer-arcane
Un setup prêt à exploser – Tapis de souris gamer Jinx,Fun-Esports,Tapis de souris,25.99,1,jinx-gaming-tapis-souris-gachette-folle-xxl-antiderapant
Super Roquette de Jinx – Tapis de souris XXL,Fun-Esports,Tapis de souris,26.99,1,jinx-super-roquette-tapis-de-souris-xxl-gaming-style
Tapis de souris XXL Jinx – personnage seul sur fond sombre,Fun-Esports,Tapis de souris,25.99,1,tapis-souris-xxl-jinx-gaming-design-antiderapant
Un setup sombre et stylé – Tapis de souris XXL Arcane,Fun-Esports,Tapis de souris,25.99,1,arcane-fond-noir-tapis-de-souris-xxl-gaming-style
"Tapis de souris XXL Jinx, Vi et Silco – le trio d'Arcane",Fun-Esports,Tapis de souris,25.99,1,arcane-jinx-vi-silco-tapis-de-souris-xxl-gaming
Un duo explosif pour ton setup – Tapis de souris XXL Jinx & Poiscaille,Fun-Esports,Tapis de souris,24.99,1,jinx-poiscaille-lol-tapis-de-souris-xxl-arcane-gaming
L’univers de Piltover à ton poignet – Tapis de souris XXL Jinx,Fun-Esports,Tapis de souris,25.99,1,jinx-piltover-tapis-de-souris-xxl-gaming-arcane
Vi & Jinx en action – Tapis de souris XXL Arcane pour setup gaming,Fun-Esports,Tapis de souris,24.99,1,vi-jinx-arcane-tapis-de-souris-xxl-gaming-style
Confort de jeu et univers LoL – Tapis de souris gaming précis,Fun-Esports,Tapis de souris,25.99,1,league-of-legends-gaming-tapis-de-souris-xxl-precision
Design Arcane et contrôle fluide – Tapis de souris XXL gamer,Fun-Esports,Tapis de souris,26.99,1,arcane-lol-tapis-de-souris-xxl-gaming-design
Un setup inspiré de Runeterra – Tapis de souris XXL League of Legends,Fun-Esports,Tapis de souris,25.99,1,league-of-legends-tapis-de-souris-xxl-gaming-style
Immersion RGB et contrôle parfait – Tapis de souris gamer Sova Valorant,Fun-Esports,Tapis de souris,33.99,1,valorant-sova-tapis-de-souris-gamer-rgb-xxl
Reyna en mode RGB – Tapis de souris gamer XXL antidérapant,Fun-Esports,Tapis de souris,33.99,1,valorant-reyna-tapis-de-souris-gamer-xxl-rgb
Confort et maîtrise en jeu – Tapis de souris gamer Valorant Brimstone,Fun-Esports,Tapis de souris,33.99,1,valorant-brimstone-tapis-de-souris-gamer-xxl
Style explosif et contrôle RGB – Tapis de souris gamer Valorant Raze,Fun-Esports,Tapis de souris,33.99,1,valorant-raze-tapis-de-souris-gamer-xxl-rgb
"Tapis de souris XXL Viper – Valorant, contour LED RGB",Fun-Esports,Tapis de souris,33.99,1,valorant-viper-tapis-de-souris-gamer-xxl-rgb
Confort lumineux et précision – Tapis de souris gamer Valorant Phoenix,Fun-Esports,Tapis de souris,33.99,1,valorant-phoenix-tapis-de-souris-xxl-gamer-rgb
Technologie et précision gaming – Tapis de souris XXL Valorant Killjoy,Fun-Esports,Tapis de souris,33.99,1,valorant-killjoy-tapis-de-souris-gamer-xxl-rgb
Éclairage immersif et contrôle total – Tapis de souris gamer Valorant,Fun-Esports,Tapis de souris,33.99,1,valorant-tapis-de-souris-gamer-xxl-rgb
Effets lumineux et contrôle précis – Tapis de souris XXL Valorant Skye,Fun-Esports,Tapis de souris,33.99,1,valorant-skye-tapis-de-souris-gamer-xxl-rgb
LED et réactivité maximale – Tapis de souris gamer Valorant Jett RGB,Fun-Esports,Tapis de souris,33.99,1,valorant-jett-tapis-de-souris-gamer-xxl-rgb
Vision tactique et LED stylée – Tapis de souris gamer Valorant Cypher,Fun-Esports,Tapis de souris,33.99,1,valorant-cypher-tapis-de-souris-gamer-xxl-rgb
RGB immersif et contrôle extrême – Tapis de souris gamer Viper Valorant,Fun-Esports,Tapis de souris,33.99,1,viper-valorant-tapis-de-souris-gamer-rgb-xxl
Équilibre parfait et design RGB – Tapis de souris gamer Valorant Sage,Fun-Esports,Tapis de souris,33.99,1,valorant-sage-tapis-de-souris-gamer-xxl-rgb
"Tapis de souris XXL Valorant – identité du jeu, contour LED RGB",Fun-Esports,Tapis de souris,33.99,1,valorant-rgb-tapis-de-souris-gamer-xxl
RGB tactique et visée précise – Tapis de souris XXL Valorant Sova,Fun-Esports,Tapis de souris,33.99,1,valorant-sova-tapis-de-souris-gamer-xxl-rgb
Gaming en équipe et contrôle précis – Tapis de souris gamer Valorant,Fun-Esports,Tapis de souris,33.99,1,tapis-de-souris-gamer-valorant-edition-team-rgb-xxl
"Tapis de souris XXL Reyna – Valorant, premier visuel, contour LED RGB",Fun-Esports,Tapis de souris,33.99,1,un-setup-valorant-reyna-tapis-de-souris-led-rgb
"Tapis de souris XXL Reyna – Valorant, second visuel, contour LED RGB",Fun-Esports,Tapis de souris,33.99,1,valorant-reyna-tapis-de-souris-xxl-gamer-led-rgb
Setup RGB et contrôle ultime – Tapis de souris gamer Valorant Ultra Game,Fun-Esports,Tapis de souris,33.99,1,valorant-ultra-game-tapis-de-souris-gamer-xxl-rgb
Équipe légendaire et contrôle RGB – Tapis de souris gamer Valorant Team,Fun-Esports,Tapis de souris,33.99,1,valorant-super-team-tapis-de-souris-gamer-xxl-rgb
RGB dynamique et esprit d'équipe – Tapis de souris XXL Valorant Mega Team,Fun-Esports,Tapis de souris,33.99,1,valorant-mega-team-tapis-de-souris-gamer-xxl-rgb
RGB tactique et contrôle précis – Tapis de souris XXL Valorant Cypher,Fun-Esports,Tapis de souris,33.99,1,valorant-cypher-rgb-tapis-de-souris-gamer-xxl
Puissance RGB – Tapis de souris gamer Valorant Phoenix,Fun-Esports,Tapis de souris,33.99,1,valorant-phoenix-tapis-de-souris-gamer-xxl-rgb
Maîtrise du terrain – Tapis de souris gamer Valorant Brimstone,Fun-Esports,Tapis de souris,33.99,1,valorant-brimstone-tapis-de-souris-gamer-xxl-rgb
Confort de glisse et contrôle total – Tapis de souris gamer Valorant,Fun-Esports,Tapis de sol,37.99,1,valorant-tapis-de-souris-xxl-gamer-performance
Précision synchronisée et stabilité – Tapis de souris gamer Valorant,Fun-Esports,Tapis de souris,33.99,1,valorant-double-team-tapis-de-souris-gamer-xxl
Stabilité silencieuse – Tapis de souris gamer Valorant Fade,Fun-Esports,Tapis de souris,33.99,1,valorant-fade-tapis-de-souris-gamer-xxl
"Tapis de souris XXL Jinx et Vi – cinq visuels, contour LED USB",Fun-Esports,Tapis de souris,36.99,1,tapis-souris-xxl-rgb-league-of-legends-jinx
Tapis de souris Star Trek - Gaming & Bureautique,Fun-Esports,Tapis de souris,25.99,1,tapis-de-souris-star-trek-gaming-bureautique
Tapis de Souris XXL Effet Lumière Stylé,Fun-Esports,Tapis de souris,19.99,0,tapis-souris-xxl-effet-lumiere-style
Tapis de Souris XXL Effet Lumière Design - Gamer,Fun-Esports,Tapis de souris,17.99,1,tapis-de-souris-xxl-effet-lumiere-design
Tapis de Souris XXL Effet Lumière - Confort,Fun-Esports,Tapis de souris,19.99,1,tapis-souris-xxl-effet-lumiere
Tapis de souris XXL - Horizon Zero Dawn Forbidden West,Fun-Esports,Tapis de souris,25.99,1,tapis-de-souris-xxl-horizon-zero-dawn-forbidden-west
Tapis de Souris XXL - Couleurs Vives pour Gaming et Bureau,Fun-Esports,Tapis de souris,27.99,1,tapis-souris-xxl-couleurs-gaming-bureau
Tapis de souris XXL - Horizon Zero Dawn,Fun-Esports,Tapis de souris,26.99,1,tapis-de-souris-xxl-horizon-zero-dawn
Tapis de Souris XXL Jinx RGB,Fun-Esports,Tapis de souris,35.99,1,tapis-de-souris-xxl-jinx-rgb-league-of-legends
Tapis de Souris XXL RGB Jinx Arcane,Fun-Esports,Tapis de souris,35.99,1,tapis-de-souris-xxl-rgb-jinx-arcane
Anbernic RG34XX,Anbernic,Console rétro portable,113.99,1,anbernic-rg34xx
Tapis de Souris XXL RGB Jinx & Vi,Fun-Esports,Tapis de souris,35.99,1,tapis-de-souris-xxl-rgb-jinx-vi
Tapis de Souris XXL RGB Jinx – Style Arcane,Fun-Esports,Tapis de souris,33.99,1,tapis-de-souris-xxl-rgb-jinx-style-arcane
"Tapis de souris XXL Jinx, Powder et Silco – contour LED USB, 3 mm",Fun-Esports,Tapis de souris,35.99,1,tapis-souris-xxl-rgb-league-of-legends-jinx-confort
ANBERNIC RG405M – Puissance et Portabilité,Anbernic,Console rétro portable,258.99,1,console-anbernic-rg405m
Manette Switch Sans Fil – Précision et Confort,Fun-Esports,Manette,29.99,1,manette-switch-sans-fil-precision-confort
Powkiddy X55,Powkiddy,Console rétro portable,154.99,1,powkiddy-x55
Anbernic RG353V - Console rétro portable avec écran IPS,Anbernic,Console rétro portable,127.99,1,console-retro-portable-anbernic-rg353v-vs
ANBERNIC RG28XX - Console rétro portable avec écran IPS,Anbernic,Console rétro portable,107.99,1,console-retro-portable-anbernic-rg28xx
ANBERNIC RG CubeXX - Console rétro portable avec écran carré IPS 3.95 Pouces,Anbernic,Console rétro portable,112.99,1,console-retro-anbernic-rg-cubexx
Anbernic RG406V - Console de jeu portable Android 13 avec écran 4 pouces,Anbernic,Console rétro portable,296.99,1,anbernic-rg406v-console-retrogaming
"Anbernic RG35XX H - Console de jeu portable rétro avec écran IPS 3,5""",Anbernic,Console rétro portable,112.99,1,console-retro-portable-anbernic-rg35xx-h
"POWKIDDY RGB20S avec écran IPS 3,5""",Powkiddy,Console rétro portable,109.99,1,powkiddy-rgb20s-console-retro-portable
Anbernic RG353PS - Performance et Style,Anbernic,Console rétro portable,140.99,1,console-retro-gaming-anbernic-rg353ps
MIYOO Mini Plus - Expérience de Jeu Rétro Ultime,Miyoo,Console rétro portable,102.99,1,miyoo-mini-plus-experience-de-jeu-retro-ultime
Anbernic RG 40XXV – Console Rétro Portable Performante,Anbernic,Console rétro portable,115.99,1,anbernic-rg-40xxv-console-retro-portable
Anbernic RG40XX H Console Portable Rétro,Anbernic,Console rétro portable,116.99,1,anbernic-rg40xx-h-console-retro
Anbernic RG556 – Console Android AMOLED,Anbernic,Console rétro portable,328.99,1,anbernic-rg556-console-android-amoled
Tapis de souris XXL Dota 2 – cinq coloris dont violet et orange,Fun-Esports,Tapis de souris,25.99,1,tapis-souris-xxl-dota-2
Tapis de souris XXL Dota 2 – cinq coloris dont vert et violet,Fun-Esports,Tapis de souris,25.99,1,tapis-souris-xxl-dota-2-moba
Tapis de souris XXL Dota 2 – six coloris dont blanc et jaune,Fun-Esports,Tapis de souris,26.99,1,tapis-souris-xxl-dota
Tapis de Souris XXL Demon Slayer & Friends,Fun-Esports,Tapis de souris,24.99,1,tapis-souris-xxl-demon-slayer-friends
Tapis de Souris XXL Demon Slayer - Confort et Style,Fun-Esports,Tapis de souris,24.99,1,tapis-souris-xxl-demon-slayer
"Tapis de souris XXL League of Legends – Jinx, Lux, Yasuo ou Ashe",Fun-Esports,Tapis de souris,18.99,1,tapis-de-souris-xxl-league-of-legends-2
Tapis de souris XXL League of Legends – 5 champions au choix,Fun-Esports,Tapis de souris,18.99,1,tapis-de-souris-xxl-league-of-legends
Tapis de Souris Gamer Mortal Kombat Dragon - Grand Format,Fun-Esports,Tapis de souris,19.99,1,tapis-souris-gamer-mortal-kombat-dragon
Tapis de Souris Gamer Noir Mortal Kombat Dragon,Fun-Esports,Tapis de souris,19.99,1,tapis-souris-gamer-noir-mortal-kombat-dragon
Tapis de Souris Gamer Mortal Kombat - Grand Format,Fun-Esports,Tapis de souris,19.99,1,tapis-souris-gamer-mortal-kombat
Tapis de Souris XXL Dragon Chinois - Style et Stabilité,Fun-Esports,Tapis de souris,27.99,1,tapis-souris-xxl-dragon-chinois
Tapis de Souris XXL Dragon Japonais - Confort et Style,Fun-Esports,Tapis de souris,19.99,1,tapis-souris-xxl-dragon-japonais
Tapis de Souris XXL Noir - Confort Gaming,Fun-Esports,Tapis de souris,31.99,1,tapis-souris-xxl-noir
Tapis de Souris XXL Art Japonais - Confort,Fun-Esports,Tapis de souris,27.99,1,tapis-souris-xxl-art-japonais
Tapis de Souris XXL Apex Legends - Précision et Confort,Fun-Esports,Tapis de souris,18.99,1,tapis-souris-xxl-apex-legends
Tapis de Souris XXL Noir - Liberté et Confort,Fun-Esports,Tapis de souris,20.99,1,tapis-souris-xxl-noir-fun-esports
