mot_cle,volume,volume_dfs,ratio_dfs_sem,kd,kd_dfs,cpc,mode,source
shampouineuse,74000,90500,1.223,34,,"0,29 $",PRODUIT PUR,mesure-express-pur-lot1-local.json
huile essentielle,60500,74000,1.223,44,10,,UNIVERS,mission-b-28/08
cave a vin,60500,74000,1.223,41,21,,UNIVERS,mission-b-28/08
tapis de marche,60500,74000,1.223,44,,"0,53 $",PRODUIT PUR,mesure-express-pur-lot1-local.json
tapis de course,60500,74000,1.223,42,,"0,30 $",PRODUIT PUR,mesure-express-pur-lot1-local.json
planche,40500,18100,0.447,25,0,,UNIVERS,mission-b-28/08
bougie,40500,60500,1.494,26,10,,UNIVERS,mission-b-28/08
rideau,40500,40500,1.0,30,5,,UNIVERS,mission-b-28/08
rideau occultant,33100,49500,1.495,32,2,,UNIVERS,mission-b-28/08
rideau thermique,33100,49500,1.495,29,0,,UNIVERS,mission-b-28/08
humidificateur d'air,33100,33100,1.0,29,,"0,18 $",PRODUIT PUR,mesure-express-pur-lot3-local.json
déshumidificateur,27100,74000,2.731,44,,"0,33 $",PRODUIT PUR,mesure-express-pur-lot1-local.json
couverture lestée,27100,33100,1.221,34,,"0,32 $",PRODUIT PUR,mesure-express-pur-lot1-local.json
kettlebell,27100,40500,1.494,33,,"0,20 $",PRODUIT PUR,mesure-express-pur-lot3-local.json
rideaux,22200,22200,1.0,46,15,,UNIVERS,mission-b-28/08
diffuseur,18100,14800,0.818,24,0,,UNIVERS,mission-b-28/08
rideaux occultants,18100,49500,2.735,31,0,,UNIVERS,mission-b-28/08
tringle rideau,18100,22200,1.227,23,0,,UNIVERS,mission-b-28/08
pressothérapie,18100,22200,1.227,25,,"0,65 $",PRODUIT PUR,mesure-express-pur-lot1-local.json
parc bebe,18100,27100,1.497,24,,"0,13 $",PRODUIT PUR,mesure-express-pur-lot3-local.json
planche a decouper,14800,18100,1.223,17,0,,UNIVERS,mission-b-28/08
diffuseur huile essentielle,14800,18100,1.223,47,3,,UNIVERS,mission-b-28/08
tringle a rideau,14800,22200,1.5,22,0,,UNIVERS,mission-b-28/08
tapis de marche pliable,14800,18100,1.223,33,,"0,23 $",PRODUIT PUR,mesure-express-pur-lot1-local.json
machine sous vide,14800,18100,1.223,25,,"0,28 $",PRODUIT PUR,mesure-express-pur-lot2-local.json
bougie parfumée,12100,12100,1.0,31,17,,UNIVERS,mission-b-28/08
rideaux voilage,12100,27100,2.24,31,0,,UNIVERS,mission-b-28/08
tire bouchon,12100,14800,1.223,24,0,,UNIVERS,mission-b-28/08
verre a vin,12100,18100,1.496,23,0,,UNIVERS,mission-b-28/08
ventilateur colonne,12100,27100,2.24,27,,"0,14 $",PRODUIT PUR,mesure-express-pur-lot1-local.json
shampouineuse canapé,12100,12100,1.0,24,,"0,42 $",PRODUIT PUR,mesure-express-pur-lot1-local.json
glacière électrique,12100,14800,1.223,28,,"0,14 $",PRODUIT PUR,mesure-express-pur-lot1-local.json
tente gonflable,12100,18100,1.496,22,,"0,15 $",PRODUIT PUR,mesure-express-pur-lot2-local.json
tarière,12100,14800,1.223,26,,"0,26 $",PRODUIT PUR,mesure-express-pur-lot3-local.json
planche apero,9900,14800,1.495,17,0,,UNIVERS,mission-b-28/08
rideau occultant thermique,9900,22200,2.242,27,0,,UNIVERS,mission-b-28/08
rideaux thermiques,9900,49500,5.0,31,0,,UNIVERS,mission-b-28/08
tringle rideau sans percer,9900,18100,1.828,25,0,,UNIVERS,mission-b-28/08
limonadier,9900,12100,1.222,23,4,,UNIVERS,mission-b-28/08
déshumidificateur d'air,9900,12100,1.222,38,,"0,36 $",PRODUIT PUR,mesure-express-pur-lot1-local.json
carré potager,9900,14800,1.495,30,,"0,18 $",PRODUIT PUR,mesure-express-pur-lot1-local.json
tarière thermique,9900,12100,1.222,18,,"0,26 $",PRODUIT PUR,mesure-express-pur-lot3-local.json
voilage,8100,8100,1.0,27,5,,UNIVERS,mission-b-28/08
rideaux et voilages,8100,27100,3.346,31,0,,UNIVERS,mission-b-28/08
récupérateur d'eau de pluie,8100,12100,1.494,33,,"0,16 $",PRODUIT PUR,mesure-express-pur-lot2-local.json
parc enfant,8100,,,21,,0 $,PRODUIT PUR,mesure-express-pur-lot3-local.json
humidificateur,8100,8100,1.0,31,,"0,27 $",PRODUIT PUR,mesure-express-pur-lot3-local.json
planche à découper,6600,5400,0.818,21,0,,UNIVERS,mission-b-28/08
oenologie,6600,12100,1.833,43,20,,UNIVERS,mission-b-28/08
walking pad,6600,8100,1.227,28,,"1,30 $",PRODUIT PUR,mesure-express-pur-lot1-local.json
pulvérisateur électrique,6600,8100,1.227,25,,"0,24 $",PRODUIT PUR,mesure-express-pur-lot2-local.json
lombricomposteur,6600,6600,1.0,25,,"0,27 $",PRODUIT PUR,mesure-express-pur-lot2-local.json
panneau japonais,6600,9900,1.5,21,,"0,56 $",PRODUIT PUR,mesure-express-pur-lot3-local.json
plateau bois,5400,5400,1.0,14,0,,UNIVERS,mission-b-28/08
plateau charcuterie,5400,8100,1.5,15,0,,UNIVERS,mission-b-28/08
rideau lin,5400,4400,0.815,19,0,,UNIVERS,mission-b-28/08
taille haie sur perche,5400,8100,1.5,19,,"0,23 $",PRODUIT PUR,mesure-express-pur-lot3-local.json
art de la table,4400,5400,1.227,33,10,,UNIVERS,mission-b-28/08
billot,4400,5400,1.227,14,0,,UNIVERS,mission-b-28/08
rideau thermique anti froid,4400,5400,1.227,16,0,,UNIVERS,mission-b-28/08
rideau phonique,4400,4400,1.0,15,0,,UNIVERS,mission-b-28/08
tringle à rideau,4400,6600,1.5,26,0,,UNIVERS,mission-b-28/08
embrasse rideau,4400,6600,1.5,,,,UNIVERS,mission-b-28/08
double rideaux,4400,5400,1.227,20,0,,UNIVERS,mission-b-28/08
tire bouchon electrique,4400,5400,1.227,17,0,,UNIVERS,mission-b-28/08
cave a vin encastrable,4400,4400,1.0,13,0,,UNIVERS,mission-b-28/08
cave a vin la sommeliere,4400,6600,1.5,23,23,,UNIVERS,mission-b-28/08
bottes de pressothérapie,4400,6600,1.5,17,,"0,58 $",PRODUIT PUR,mesure-express-pur-lot1-local.json
pompe piscine hors sol,4400,4400,1.0,17,,"0,16 $",PRODUIT PUR,mesure-express-pur-lot3-local.json
plateau apero,3600,6600,1.833,15,0,,UNIVERS,mission-b-28/08
parfum d'intérieur,3600,5400,1.5,25,0,,UNIVERS,mission-b-28/08
brule parfum,3600,5400,1.5,15,0,,UNIVERS,mission-b-28/08
rideau isolant thermique,3600,5400,1.5,33,17,,UNIVERS,mission-b-28/08
isolant thermique pour rideaux,3600,5400,1.5,15,17,,UNIVERS,mission-b-28/08
rideau en lin,3600,5400,1.5,23,0,,UNIVERS,mission-b-28/08
rideau sur mesure,3600,5400,1.5,28,8,,UNIVERS,mission-b-28/08
rideaux sur mesure,3600,5400,1.5,28,8,,UNIVERS,mission-b-28/08
aerateur de vin,3600,8100,2.25,15,0,,UNIVERS,mission-b-28/08
petite cave a vin,3600,3600,1.0,13,0,,UNIVERS,mission-b-28/08
cave a vin autour de moi,3600,6600,1.833,19,0,,UNIVERS,mission-b-28/08
ventilateur colonne silencieux,3600,6600,1.833,26,,"0,12 $",PRODUIT PUR,mesure-express-pur-lot1-local.json
cheminée électrique,3600,4400,1.222,30,,"0,33 $",PRODUIT PUR,mesure-express-pur-lot1-local.json
simulateur d'aube,3600,4400,1.222,33,,"0,12 $",PRODUIT PUR,mesure-express-pur-lot1-local.json
réveil simulateur d'aube,3600,14800,4.111,30,,"0,12 $",PRODUIT PUR,mesure-express-pur-lot1-local.json
serre tunnel,3600,4400,1.222,19,,"0,32 $",PRODUIT PUR,mesure-express-pur-lot2-local.json
top case moto,3600,4400,1.222,17,,"0,17 $",PRODUIT PUR,mesure-express-pur-lot2-local.json
remorque vélo,3600,14800,4.111,21,,"0,14 $",PRODUIT PUR,mesure-express-pur-lot2-local.json
airless peinture,3600,4400,1.222,24,,"0,45 $",PRODUIT PUR,mesure-express-pur-lot3-local.json
niche pour chat,3600,3600,1.0,20,,"0,15 $",PRODUIT PUR,mesure-express-pur-lot3-local.json
plateau de service,2900,4400,1.517,21,0,,UNIVERS,mission-b-28/08
planche apéro,2900,14800,5.103,12,0,,UNIVERS,mission-b-28/08
diffuseur parfum maison,2900,2900,1.0,29,0,,UNIVERS,mission-b-28/08
parfum d'ambiance,2900,2900,1.0,28,0,,UNIVERS,mission-b-28/08
parfum voiture,2900,3600,1.241,16,0,,UNIVERS,mission-b-28/08
desodorisant voiture,2900,4400,1.517,15,0,,UNIVERS,mission-b-28/08
verres à vin,2900,4400,1.517,21,0,,UNIVERS,mission-b-28/08
escalier chien,2900,6600,2.276,19,,"0,23 $",PRODUIT PUR,mesure-express-pur-lot1-local.json
bac potager,2900,4400,1.517,27,,"0,20 $",PRODUIT PUR,mesure-express-pur-lot1-local.json
ventilateur tour,2900,6600,2.276,26,,"0,12 $",PRODUIT PUR,mesure-express-pur-lot1-local.json
serre de jardin tunnel,2900,2900,1.0,26,,"0,29 $",PRODUIT PUR,mesure-express-pur-lot2-local.json
récupérateur eau de pluie,2900,2400,0.828,29,,"0,18 $",PRODUIT PUR,mesure-express-pur-lot2-local.json
appareil sous vide,2900,2900,1.0,26,,"0,21 $",PRODUIT PUR,mesure-express-pur-lot2-local.json
planche charcuterie,2400,3600,1.5,16,0,,UNIVERS,mission-b-28/08
coffret bougie,2400,2900,1.208,16,0,,UNIVERS,mission-b-28/08
diffuseur voiture,2400,2400,1.0,17,0,,UNIVERS,mission-b-28/08
désodorisant voiture,2400,4400,1.833,16,0,,UNIVERS,mission-b-28/08
rideau anti bruit,2400,2400,1.0,13,0,,UNIVERS,mission-b-28/08
rideau acoustique,2400,2400,1.0,23,34,,UNIVERS,mission-b-28/08
ouvre bouteille,2400,2400,1.0,12,0,,UNIVERS,mission-b-28/08
carafe vin,2400,2900,1.208,31,0,,UNIVERS,mission-b-28/08
verre à vin,2400,2900,1.208,19,0,,UNIVERS,mission-b-28/08
déshumidificateur maison,2400,2900,1.208,36,,"0,39 $",PRODUIT PUR,mesure-express-pur-lot1-local.json
rampe chien,2400,4400,1.833,22,,"0,19 $",PRODUIT PUR,mesure-express-pur-lot1-local.json
potager surélevé,2400,3600,1.5,24,,"0,24 $",PRODUIT PUR,mesure-express-pur-lot1-local.json
shampouineuse tapis,2400,2400,1.0,26,,"0,40 $",PRODUIT PUR,mesure-express-pur-lot1-local.json
berceau cododo,2400,2400,1.0,24,,"0,25 $",PRODUIT PUR,mesure-express-pur-lot2-local.json
machine sous vide alimentaire,2400,2900,1.208,25,,"0,27 $",PRODUIT PUR,mesure-express-pur-lot2-local.json
citerne eau de pluie,2400,2400,1.0,17,,"0,37 $",PRODUIT PUR,mesure-express-pur-lot3-local.json
pistolet peinture airless,2400,3600,1.5,31,,"0,48 $",PRODUIT PUR,mesure-express-pur-lot3-local.json
taille haie électrique,2400,14800,6.167,28,,"0,20 $",PRODUIT PUR,mesure-express-pur-lot3-local.json
pompe filtration piscine,2400,2400,1.0,19,,"0,23 $",PRODUIT PUR,mesure-express-pur-lot3-local.json
store japonais,2400,2900,1.208,17,,"0,49 $",PRODUIT PUR,mesure-express-pur-lot3-local.json
fondant parfumé,1900,2400,1.263,10,0,,UNIVERS,mission-b-28/08
rideau velours,1900,2900,1.526,17,0,,UNIVERS,mission-b-28/08
rideaux velours,1900,2900,1.526,17,0,,UNIVERS,mission-b-28/08
anneaux rideaux,1900,2900,1.526,,,,UNIVERS,mission-b-28/08
carafe a vin,1900,2400,1.263,22,0,,UNIVERS,mission-b-28/08
carafe à vin,1900,1900,1.0,17,0,,UNIVERS,mission-b-28/08
coffret vin,1900,1900,1.0,33,8,,UNIVERS,mission-b-28/08
bougie parfumee,1600,1300,0.812,31,24,,UNIVERS,mission-b-28/08
rideau isolant,1600,1900,1.188,29,0,,UNIVERS,mission-b-28/08
voilage lin,1600,1900,1.188,14,0,,UNIVERS,mission-b-28/08
verres a vin,1600,18100,11.312,21,0,,UNIVERS,mission-b-28/08
verres à vins,1600,4400,2.75,32,0,,UNIVERS,mission-b-28/08
cave a vin de vieillissement,1600,1300,0.812,20,0,,UNIVERS,mission-b-28/08
bottes de compression,1600,3600,2.25,17,,"0,65 $",PRODUIT PUR,mesure-express-pur-lot1-local.json
parc pour bebe,1600,27100,16.938,27,,"0,15 $",PRODUIT PUR,mesure-express-pur-lot3-local.json
niche chat,1600,1900,1.188,17,,"0,23 $",PRODUIT PUR,mesure-express-pur-lot3-local.json
diffuseur batonnets,1300,40,0.031,14,0,,UNIVERS,mission-b-28/08
rideau isolant phonique,1300,1300,1.0,25,0,,UNIVERS,mission-b-28/08
tire-bouchon,1300,14800,11.385,21,0,,UNIVERS,mission-b-28/08
tire bouchon personnalisé,1300,1300,1.0,13,0,,UNIVERS,mission-b-28/08
decanteur de vin,1300,1600,1.231,15,0,,UNIVERS,mission-b-28/08
verre inao,1300,1600,1.231,11,0,,UNIVERS,mission-b-28/08
glacière à compression,1300,2400,1.846,19,,0 $,PRODUIT PUR,mesure-express-pur-lot1-local.json
capteur co2,1300,1000,0.769,16,,"0,51 $",PRODUIT PUR,mesure-express-pur-lot1-local.json
auvent voiture,1300,1600,1.231,19,,"0,34 $",PRODUIT PUR,mesure-express-pur-lot3-local.json
diffuseur bâtonnets,1000,90,0.09,15,0,,UNIVERS,mission-b-28/08
senteur maison,1000,1000,1.0,30,0,,UNIVERS,mission-b-28/08
tire bouchon électrique,1000,5400,5.4,15,0,,UNIVERS,mission-b-28/08
tire bouchon electronique,1000,5400,5.4,24,0,,UNIVERS,mission-b-28/08
limonadier personnalisé,1000,1000,1.0,18,4,,UNIVERS,mission-b-28/08
verre a vin personnalisable,1000,1000,1.0,18,0,,UNIVERS,mission-b-28/08
verre a vin plastique,1000,1300,1.3,11,0,,UNIVERS,mission-b-28/08
verre à vin blanc,1000,1300,1.3,13,0,,UNIVERS,mission-b-28/08
verre à vin rouge,1000,1600,1.6,14,0,,UNIVERS,mission-b-28/08
œnologie,1000,12100,12.1,33,19,,UNIVERS,mission-b-28/08
pulvérisateur à dos,1000,1300,1.3,13,,"0,24 $",PRODUIT PUR,mesure-express-pur-lot2-local.json
plateau petit déjeuner,880,1300,1.477,22,0,,UNIVERS,mission-b-28/08
recharge diffuseur,880,320,0.364,12,0,,UNIVERS,mission-b-28/08
tire bouchon mural,880,720,0.818,8,0,,UNIVERS,mission-b-28/08
tire bouchon sommelier,880,1000,1.136,11,0,,UNIVERS,mission-b-28/08
ouvre bouteille electrique,880,880,1.0,20,0,,UNIVERS,mission-b-28/08
carafe décantation vin,880,1300,1.477,18,0,,UNIVERS,mission-b-28/08
decanteur vin,880,1000,1.136,16,0,,UNIVERS,mission-b-28/08
coffret cadeau vin,880,1000,1.136,25,0,,UNIVERS,mission-b-28/08
coffret pour vin,880,1900,2.159,19,0,,UNIVERS,mission-b-28/08
coffret vin personnalisé,880,390,0.443,14,0,,UNIVERS,mission-b-28/08
tente glamping,880,880,1.0,11,,"0,43 $",PRODUIT PUR,mesure-express-pur-lot2-local.json
extracteur de miel,880,1000,1.136,12,,"0,30 $",PRODUIT PUR,mesure-express-pur-lot2-local.json
extracteur miel,880,1000,1.136,12,,"0,37 $",PRODUIT PUR,mesure-express-pur-lot2-local.json
diffuseur nébulisation,720,720,1.0,19,0,,UNIVERS,mission-b-28/08
batonnet parfum,720,880,1.222,19,0,,UNIVERS,mission-b-28/08
bougie cire végétale,720,1000,1.389,17,0,,UNIVERS,mission-b-28/08
bougie cire vegetale,720,1000,1.389,13,0,,UNIVERS,mission-b-28/08
rideau anti froid,720,880,1.222,19,0,,UNIVERS,mission-b-28/08
tire bouchon a levier,720,320,0.444,13,0,,UNIVERS,mission-b-28/08
tire bouchon a air,720,880,1.222,11,0,,UNIVERS,mission-b-28/08
limonadier professionnel,720,880,1.222,14,0,,UNIVERS,mission-b-28/08
carafe à décanter le vin,720,1300,1.806,12,0,,UNIVERS,mission-b-28/08
carafe à décanter vin,720,1300,1.806,13,0,,UNIVERS,mission-b-28/08
decanteur,720,720,1.0,18,0,,UNIVERS,mission-b-28/08
inao verre,720,1600,2.222,10,0,,UNIVERS,mission-b-28/08
coffret dégustation vin,720,1000,1.389,21,12,,UNIVERS,mission-b-28/08
coffret degustation vin,720,1000,1.389,27,12,,UNIVERS,mission-b-28/08
coffret sommelier,720,720,1.0,29,0,,UNIVERS,mission-b-28/08
accessoire vin,720,1000,1.389,21,0,,UNIVERS,mission-b-28/08
vin accessoire,720,1000,1.389,21,0,,UNIVERS,mission-b-28/08
déshumidificateur cave,720,2400,3.333,14,,"0,45 $",PRODUIT PUR,mesure-express-pur-lot1-local.json
plaid lesté,720,880,1.222,31,,"0,25 $",PRODUIT PUR,mesure-express-pur-lot1-local.json
composteur appartement,720,720,1.0,25,,"0,24 $",PRODUIT PUR,mesure-express-pur-lot2-local.json
panneau coulissant,720,880,1.222,27,,"0,44 $",PRODUIT PUR,mesure-express-pur-lot3-local.json
plateau petit dejeuner,590,1300,2.203,22,0,,UNIVERS,mission-b-28/08
planche à fromage,590,1300,2.203,11,0,,UNIVERS,mission-b-28/08
bouquet parfumé,590,390,0.661,15,0,,UNIVERS,mission-b-28/08
rideau lin lavé,590,880,1.492,11,0,,UNIVERS,mission-b-28/08
tire bouchon bilame,590,720,1.22,10,0,,UNIVERS,mission-b-28/08
ouvre bouteille personnalisé,590,590,1.0,8,0,,UNIVERS,mission-b-28/08
aérateur de vin,590,720,1.22,20,0,,UNIVERS,mission-b-28/08
bouchon vin,590,880,1.492,16,0,,UNIVERS,mission-b-28/08
bouchon bouteille vin,590,720,1.22,15,0,,UNIVERS,mission-b-28/08
bouchons à vin,590,880,1.492,18,0,,UNIVERS,mission-b-28/08
accessoire à vin,590,1000,1.695,22,0,,UNIVERS,mission-b-28/08
accessoires pour le vin,590,1000,1.695,20,0,,UNIVERS,mission-b-28/08
vin et accessoires,590,1000,1.695,21,0,,UNIVERS,mission-b-28/08
couverture pondérée,590,590,1.0,32,,"0,37 $",PRODUIT PUR,mesure-express-pur-lot1-local.json
frigo portable,590,720,1.22,29,,"0,17 $",PRODUIT PUR,mesure-express-pur-lot1-local.json
détecteur co2,590,1900,3.22,17,,"0,34 $",PRODUIT PUR,mesure-express-pur-lot1-local.json
parc modulable bébé,590,,,19,,0 $,PRODUIT PUR,mesure-express-pur-lot2-local.json
plateau ardoise,480,590,1.229,11,0,,UNIVERS,mission-b-28/08
diffuseur ultrasonique,480,480,1.0,16,0,,UNIVERS,mission-b-28/08
carafe à vin à décanter,480,1300,2.708,15,0,,UNIVERS,mission-b-28/08
carafe pour decanter le vin,480,1300,2.708,19,0,,UNIVERS,mission-b-28/08
carafe décanteur vin,480,1300,2.708,19,0,,UNIVERS,mission-b-28/08
aerateur vin,480,590,1.229,12,0,,UNIVERS,mission-b-28/08
décanteur de vin,480,1600,3.333,11,0,,UNIVERS,mission-b-28/08
décanteur vin,480,590,1.229,17,0,,UNIVERS,mission-b-28/08
bouchon de bouteille de vin,480,590,1.229,14,0,,UNIVERS,mission-b-28/08
pompe a vin,480,480,1.0,12,0,,UNIVERS,mission-b-28/08
verre à vin dégustation,480,720,1.5,19,0,,UNIVERS,mission-b-28/08
verres inao,480,1600,3.333,8,0,,UNIVERS,mission-b-28/08
coffret oenologie,480,480,1.0,14,0,,UNIVERS,mission-b-28/08
accessoires du vin,480,1000,2.083,23,0,,UNIVERS,mission-b-28/08
glacière 12v,480,880,1.833,25,,"0,23 $",PRODUIT PUR,mesure-express-pur-lot1-local.json
convertisseur pur sinus,480,590,1.229,10,,"0,31 $",PRODUIT PUR,mesure-express-pur-lot2-local.json
lombricomposteur appartement,480,480,1.0,17,,"0,28 $",PRODUIT PUR,mesure-express-pur-lot2-local.json
coffret senteur,390,390,1.0,15,0,,UNIVERS,mission-b-28/08
limonadiers,390,12100,31.026,21,4,,UNIVERS,mission-b-28/08
decanteur a vin,390,1000,2.564,11,0,,UNIVERS,mission-b-28/08
décanteur,390,480,1.231,21,0,,UNIVERS,mission-b-28/08
coffret de vin,390,390,1.0,31,10,,UNIVERS,mission-b-28/08
coffret du sommelier,390,720,1.846,12,0,,UNIVERS,mission-b-28/08
détecteur de co2,390,1000,2.564,20,,"0,26 $",PRODUIT PUR,mesure-express-pur-lot1-local.json
limonadier sommelier,320,210,0.656,13,0,,UNIVERS,mission-b-28/08
ouvre bouteille vin,320,320,1.0,22,0,,UNIVERS,mission-b-28/08
aerateur a vin,320,590,1.844,21,0,,UNIVERS,mission-b-28/08
vin aerateur,320,590,1.844,13,0,,UNIVERS,mission-b-28/08
pompe a vide vin,320,320,1.0,8,0,,UNIVERS,mission-b-28/08
réveil lumière,320,1600,5.0,28,,"0,16 $",PRODUIT PUR,mesure-express-pur-lot1-local.json
pulvérisateur batterie,320,2400,7.5,24,,"0,20 $",PRODUIT PUR,mesure-express-pur-lot2-local.json
centrifugeuse miel,320,480,1.5,15,,"0,20 $",PRODUIT PUR,mesure-express-pur-lot2-local.json
top case aluminium,320,320,1.0,11,,"0,34 $",PRODUIT PUR,mesure-express-pur-lot2-local.json
coffre moto,320,390,1.219,17,,"0,18 $",PRODUIT PUR,mesure-express-pur-lot2-local.json
humidificateur maison,320,260,0.812,30,,"0,22 $",PRODUIT PUR,mesure-express-pur-lot3-local.json
bouchon sous vide vin,260,320,1.231,11,0,,UNIVERS,mission-b-28/08
bouchon vin sous vide,260,320,1.231,16,0,,UNIVERS,mission-b-28/08
pompe a vide pour le vin,260,320,1.231,8,0,,UNIVERS,mission-b-28/08
pompe vin,260,320,1.231,13,0,,UNIVERS,mission-b-28/08
pompe à vin,260,320,1.231,12,0,,UNIVERS,mission-b-28/08
coffret sommelier personnalisé,260,170,0.654,6,0,,UNIVERS,mission-b-28/08
serre tunnel jardin,260,320,1.231,20,,"0,33 $",PRODUIT PUR,mesure-express-pur-lot2-local.json
taille-haie perche,260,8100,31.154,17,,"0,23 $",PRODUIT PUR,mesure-express-pur-lot3-local.json
bouchon conservation vin,210,260,1.238,11,0,,UNIVERS,mission-b-28/08
bouchon pour conserver le vin,210,260,1.238,9,0,,UNIVERS,mission-b-28/08
bouchon vide air vin,210,320,1.524,11,0,,UNIVERS,mission-b-28/08
kettlebell réglable,210,1000,4.762,19,,"0,21 $",PRODUIT PUR,mesure-express-pur-lot3-local.json
kit toilettage chien,210,260,1.238,8,,"0,21 $",PRODUIT PUR,mesure-express-pur-lot3-local.json
conservateur vin,170,260,1.529,11,0,,UNIVERS,mission-b-28/08
coffret accessoire vin,170,210,1.235,10,0,,UNIVERS,mission-b-28/08
remorque vélo cargo,170,590,3.471,15,,"0,19 $",PRODUIT PUR,mesure-express-pur-lot2-local.json
auvent camping-car,170,3600,21.176,13,,"0,23 $",PRODUIT PUR,mesure-express-pur-lot3-local.json
pompe de filtration,170,170,1.0,22,,"0,25 $",PRODUIT PUR,mesure-express-pur-lot3-local.json
planche a fromage,140,170,1.214,22,0,,UNIVERS,mission-b-28/08
aérateur vin,140,140,1.0,14,0,,UNIVERS,mission-b-28/08
tarière essence,140,110,0.786,13,,"0,44 $",PRODUIT PUR,mesure-express-pur-lot3-local.json
halteres réglables,140,260,1.857,24,,"0,22 $",PRODUIT PUR,mesure-express-pur-lot3-local.json
recharge parfum d'intérieur,110,140,1.273,9,0,,UNIVERS,mission-b-28/08
escalier chien voiture,110,140,1.273,19,,"0,20 $",PRODUIT PUR,mesure-express-pur-lot1-local.json
parfum interieur maison,90,40,0.444,30,31,,UNIVERS,mission-b-28/08
carré potager métal,90,880,9.778,8,,"0,29 $",PRODUIT PUR,mesure-express-pur-lot1-local.json
auvent latéral,90,70,0.778,19,,"0,30 $",PRODUIT PUR,mesure-express-pur-lot3-local.json
pulvérisateur airless,90,110,1.222,21,,"0,40 $",PRODUIT PUR,mesure-express-pur-lot3-local.json
aspirateur poils chien,90,320,3.556,20,,"0,39 $",PRODUIT PUR,mesure-express-pur-lot3-local.json
coffret parfum maison,70,90,1.286,13,0,,UNIVERS,mission-b-28/08
appareil pour conserver une bouteille de vin ouverte,70,20,0.286,10,48,,UNIVERS,mission-b-28/08
abonnement coffret vin,70,70,1.0,25,82,,UNIVERS,mission-b-28/08
recharge parfum interieur,50,20,0.4,10,48,,UNIVERS,mission-b-28/08
convertisseur 12v 220,40,90,2.25,,,"0,45 $",PRODUIT PUR,mesure-express-pur-lot2-local.json
cuve récupération eau pluie,40,90,2.25,,,"0,35 $",PRODUIT PUR,mesure-express-pur-lot2-local.json
aspirateur toilettage,40,20,0.5,,,"0,17 $",PRODUIT PUR,mesure-express-pur-lot3-local.json
rideau occultant total,30,30,1.0,,,,UNIVERS,mission-b-28/08
cheminée effet flamme,30,50,1.667,,,"0,36 $",PRODUIT PUR,mesure-express-pur-lot1-local.json
marchepied chien,20,40,2.0,,,"0,20 $",PRODUIT PUR,mesure-express-pur-lot1-local.json
moniteur co2,20,30,1.5,,,"0,49 $",PRODUIT PUR,mesure-express-pur-lot1-local.json
remorque vélo transport,20,50,2.5,,,0 $,PRODUIT PUR,mesure-express-pur-lot2-local.json
récupérateur eau pluie design,10,,,,,0 $,PRODUIT PUR,mesure-express-pur-lot3-local.json
plateau,,,,29,10,,UNIVERS,mission-b-28/08
