family,site,direct_page,offer_and_price_observed,catalogue_depth,copy_or_method_paraphrase,delivery_or_delay_observed,platform,ads_search_observed,limits
montres,JQueen Watch Winders,https://www.jqueenwatchwinders.co.uk/watch-boxes.html,Watch boxes / winders; visible UK prices approx £119.99–£239.99 for selected boxes/winders,"Filters 2, 5, 6, 10, 12, 20 pieces; broad watch-box catalogue",Walnut/ebony/PU-leather storage; quiet/rapid-logistics and warranty claims shown,"UK standard express generally 1–7 working days; free standard shipping stated; 30-day return, 18-month warranty",Indeterminate from page fetch,No result for selected jqueen target,Collection page observed; prices can vary by SKU
montres,Mozsly,https://www.mozsly.com/collections/double-watch-winder,Double winders shown around $159.99; Shopping result £118.37 for Mozsly,Collection shows roughly a dozen double-winder variants plus single/boxes/rolls/accessories,"Quiet Japanese motors, independent settings, AC/battery and collector positioning",UK free standard; estimated 3–8 business days; processing 1–3 days; 30-day return; 3-year warranty page,Shopify detected,Ads Search observed: 10 text creatives; advertiser title Guangzhou legal entity; 2025-03-19 to 2026-09-07,Page currency is USD while Shopping result is GBP
montres,Rapport London,https://rapportlondon.com/collections/double-watch-winders,"Five double-winder products: £175 Evolution Double Frame (frame/accessory, not complete winder); £935–£1,045 premium models",5 products in double-winder collection,"Fine woods/leathers/metals; independent winding, LCD, lock/key and adjustable cushion claims",Free UK delivery; same-day dispatch before 14:00 stated; 2-year warranty; 30-day returns,Shopify detected,Ads Search observed: 19 text creatives; M.A. Rapport & Co Ltd,Premium benchmark; no unit sales inferred
TX850/détecteurs,GadgetShack,https://gadgetshack.co.uk/product-page/tianxun-tx-850-waterproof-metal-detector/,Tianxun TX850 £134.99; 5 in stock on page,"Metal-detector categories include gold, ground scanners and accessories","19.23 kHz, waterproof 11-inch coil, all-metal/discrimination/pinpoint and manual ground-balance claims","Free international shipping; page-stated delivery dates Jul 24–29, 2026 are stale relative to observation; 12-month warranty and 30-day return",Indeterminate,No Ads Search result for selected target,Page ETA is stale; do not treat as current promise
TX850/détecteurs,Garegear,https://garegear.com/product/tianxun-tx-850/,TX850 £109.99 sale from £196.04; 26 reviews shown,Metal-detector catalogue not fully counted; TX850 product observed,"Up to 2.5 m, portable LCD, discrimination/pinpoint, waterproof coil, CE and battery-not-included claims",Free Delivery; current ETA not found on page,WooCommerce detected,No Ads Search result for selected target,Old reviews mention delivery but are not current delivery proof
TX850/détecteurs,UK Metal Detectors,https://uk-metal-detectors.co.uk/,Beginner/pro products shown from £79.95 to £3499; no TX850 observed,Specialist categories for beginner/pro/beach/security plus brands; 8+ popular products visible,Homepage presents tested-by-experts positioning and beginner guidance,Free shipping all orders stated; ETA not found on homepage,WooCommerce detected,No Ads Search result for selected target,"Comparable specialist, not exact TX850 SKU"
échecs,Regency Chess,https://www.regencychess.co.uk/chess-sets-c-25.html,146 products; visible examples approx £55–£611,"146 chess-set products; folding/travel, wooden and luxury categories","Matching board/piece sets, wood/material craftsmanship, extra queens and storage; 1-working-day dispatch stated",Dispatch within 1 working day; shipping fee/ETA not clear on collection page,Indeterminate/legacy page,Ads Search observed: 5 creatives; Regency Chess Company and Mathias Kraft,Price spread covers different constructions and tiers
échecs,Jaques London,https://www.jaqueslondon.co.uk/products/19-inch-folding-chess-set,Folding set sale £42.99 from £58.99; product page observed out of stock,Wooden-chess collection present; exact page is one SKU,"Hand-carved Staunton walnut/sycamore, folding storage board, 32 pieces",Ships 2–3 business days; shipping calculated at checkout; 60-day warranty,Shopify detected,Ads Search observed: 32 creatives; John Jaques and Son Limited,Exact observed SKU unavailable at check
échecs,Chess.co.uk / London Chess Centre,https://chess.co.uk/products/alekhine-wooden-folding-magnetic-travel-chess-set-10-x-5,Alekhine 10 x 5 inch £49.95; exact page observed sold out,43 travel/folding products; 8 wooden products in wooden collection; whole catalogue 3863 includes books/accessories,"Sheesham/Boxwood folding board, internal storage, magnetic locks and magnetic boxwood pieces",Worldwide shipping stated; UK fee/ETA not captured on collection page,Shopify detected,Ads Search observed: 36 creatives; Chess & Bridge Limited,TT total catalogue cannot be used as SKU traffic; exact Alekhine currently sold out
