handle;audite_11_08;medias_avant;medias_aujourdhui;retires_12_08;methode_retrait;nature_retraits;maison_ajoutes;maison_aujourdhui;aliexpress_aujourdhui;groupes_apparence;couverture_maison;source_locale_fournisseur
28-5mm-dial-diy-arabic-alphabet-surface-no-date-watch-faces-mechanical-watch-replace-accessories-for-nh35-nh36-movement;oui;16;12;16;fileDelete (definitif);100% photos AliExpress;12;12;0;12;complete;non
aiguilles-baton-argent-nh35;oui;9;3;9;fileDelete (definitif);100% photos AliExpress;3;3;0;3;complete;oui
aiguilles-c3-super-lume-62;oui;7;2;7;fileDelete (definitif);100% photos AliExpress;2;2;0;3;complete;oui
aiguilles-cathedrale-nh35;oui;12;12;0;-;-;0;0;12;8;aucune;oui
aiguilles-dauphine-polies-nh35;oui;12;6;12;fileDelete (definitif);100% photos AliExpress;6;6;0;6;complete;oui
aiguilles-gmt-nh34;oui;22;22;0;-;-;0;0;22;21;aucune;oui
aiguilles-nh35-or-rose-argent;oui;13;13;0;-;-;0;0;13;9;aucune;oui
aiguilles-plongeuse-nh35;oui;17;17;0;-;-;0;0;17;12;aucune;oui
aiguilles-sport-nh34-nh72;oui;13;13;0;-;-;0;0;13;10;aucune;oui
aiguilles-vintage-sub-nh35;oui;68;68;0;-;-;0;0;68;68;aucune;oui
aviateur-acier-cadran-chiffres-arabes;non;(cf. inventaire 08/08);1;0;-;-;0;1;0;;complete;non
boitier-36-40-4-finitions;oui;54;54;0;-;-;0;0;54;28;aucune;oui
boitier-argent-40-saphir-120-clics;oui;50;50;0;-;-;0;0;50;27;aucune;oui
boitier-argente-36-39-biseaute;oui;10;4;10;fileDelete (definitif);100% photos AliExpress;4;4;0;4;complete;oui
boitier-lunette-cannelee-36-39;oui;24;24;0;-;-;0;0;24;20;aucune;oui
boitier-octogonal-42-fond-saphir;oui;5;1;5;fileDelete (definitif);100% photos AliExpress;1;1;0;1;complete;oui
boitier-pilote-pvd-noir-36-39;oui;10;6;10;fileDelete (definitif);100% photos AliExpress;6;6;0;6;complete;oui
boitier-plongee-40-200m-jubile;oui;52;52;0;-;-;0;0;52;48;aucune;oui
boitier-plongee-40-lunette-noire;oui;54;54;0;-;-;0;0;54;49;aucune;oui
boitier-saphir-36-40-nh35;oui;10;4;10;fileDelete (definitif);100% photos AliExpress;4;4;0;4;complete;oui
boitier-saphir-noir-or-rose;oui;25;25;0;-;-;0;4;21;24;partielle;oui
cadran-arabe-oriental-argent-28-5;oui;24;24;0;-;-;0;0;24;23;aucune;oui
cadran-arabe-oriental-noir-blanc-28-5;oui;9;7;7;fileDelete (definitif);100% photos AliExpress;5;7;0;5;complete;oui
cadran-arabe-oriental-sunburst-29;oui;17;17;0;-;-;0;0;17;11;aucune;oui
cadran-arabe-romain-emaille-bleu-28-5;oui;34;34;0;-;-;0;3;31;25;partielle;oui
cadran-argente-sterile-29;oui;9;5;9;fileDelete (definitif);100% photos AliExpress;5;5;0;5;complete;oui
cadran-calligraphie-arabe-email-33;oui;27;27;0;-;-;0;0;27;22;aucune;oui
cadran-ciel-etoile-28-5;oui;7;1;7;fileDelete (definitif);100% photos AliExpress;1;1;0;1;complete;oui
cadran-creux-plaque-circulaire-nh70;oui;10;10;0;-;-;0;0;10;8;aucune;oui
cadran-evide-vert-nh70;oui;11;7;11;fileDelete (definitif);100% photos AliExpress;7;7;0;7;complete;oui
cadran-lapis-lazuli-28-5;oui;14;14;0;-;-;0;0;14;9;aucune;oui
cadran-meteorite-28-5;oui;12;12;0;-;-;0;12;0;9;complete;oui
cadran-pilote-29-classique-nh36;oui;28;28;0;-;-;0;1;27;21;partielle;oui
cadran-pilote-29-mod-nh35;oui;14;14;0;-;-;0;9;5;11;partielle;oui
cadran-pilote-33-5-aiguilles-blanches;oui;7;7;0;-;-;0;7;0;5;complete;oui
cadran-pilote-33-5-aiguilles-lumineuses;oui;16;16;5;fileDelete (definitif);100% photos AliExpress;5;16;0;13;complete;oui
cadran-pilote-38-aiguilles-nh35;oui;12;12;0;-;-;0;2;10;9;partielle;oui
cadran-pilote-noir-33-5-nh34;oui;9;9;3;fileDelete (definitif);100% photos AliExpress;3;9;0;6;complete;oui
cadran-pilote-sterile-28-5-sans-logo;oui;8;6;8;fileDelete (definitif);100% photos AliExpress;6;6;0;6;complete;oui
cadran-retro-blanc-rose-nh35;oui;11;5;11;fileDelete (definitif);100% photos AliExpress;5;5;0;5;complete;oui
cadran-squelette-29-noir-blanc;oui;10;5;10;fileDelete (definitif);100% photos AliExpress;5;5;0;5;complete;oui
cadran-squelette-ajoure-index-metal;oui;7;3;7;fileDelete (definitif);100% photos AliExpress;3;3;0;3;complete;oui
cadran-squelette-nh70-3-coloris;oui;13;7;13;fileDelete (definitif);100% photos AliExpress;7;7;0;6;complete;oui
cadran-squelette-nh70-anneau-lumineux;oui;14;14;0;-;-;0;0;14;8;aucune;oui
cadran-squelette-nh70-noir-argent;oui;15;15;0;-;-;0;8;7;11;partielle;oui
cadran-squelette-noir-blanc-29;oui;14;14;0;-;-;0;0;14;9;aucune;oui
cadran-squelette-transparent-31-8;oui;13;13;0;-;-;0;0;13;7;aucune;oui
cadran-sterile-28-5-aiguilles;oui;57;57;0;-;-;0;0;57;35;aucune;oui
cadran-sterile-couronne-3h-28-5;oui;10;10;0;-;-;0;10;0;7;complete;oui
cadran-sterile-date-aiguilles-29;oui;12;12;0;-;-;0;0;12;10;aucune;oui
cadran-sterile-lumineux-28-5;oui;20;20;0;-;-;0;20;0;18;complete;oui
cadran-sterile-saumon-29-aiguilles;oui;14;14;0;-;-;0;3;11;10;partielle;oui
cadran-sterile-sunburst-28-5;oui;15;15;0;-;-;0;15;0;12;complete;oui
cadran-sterile-vert-lumineux-28-5;oui;13;13;0;-;-;0;0;13;7;aucune;oui
cadran-texture-paon-29-sans-logo;oui;15;15;0;-;-;0;0;15;10;aucune;oui
cadran-vierge-sterile-28-5;oui;15;15;0;-;-;0;15;0;12;complete;oui
contre-la-montre-chronographe-panda;non;(cf. inventaire 08/08);25;0;-;-;0;20;5;;partielle;non
enrouleur-ressort-nh35;oui;6;4;6;fileDelete (definitif);100% photos AliExpress;4;4;0;4;complete;oui
heritage-plongeuse-vintage-42;non;(cf. inventaire 08/08);8;0;-;-;0;3;5;;partielle;non
insert-aluminium-38-di-30;oui;26;26;0;-;-;0;0;26;24;aucune;oui
insert-aluminium-gmt-38;oui;21;21;0;-;-;0;0;21;19;aucune;oui
insert-ceramique-chiffres-arabes-38;oui;14;14;0;-;-;0;0;14;8;aucune;oui
insert-ceramique-incline-38-lumineux;oui;34;34;0;-;-;0;0;34;29;aucune;oui
insert-ceramique-incurve-38;oui;23;23;0;-;-;0;0;23;20;aucune;oui
insert-ceramique-lumineux-38-plat;oui;18;18;0;-;-;0;0;18;12;aucune;oui
insert-lunette-aluminium-38-31-5;oui;45;45;0;-;-;0;0;45;42;aucune;oui
insert-lunette-aluminium-38-plat;oui;46;46;0;-;-;0;0;46;42;aucune;oui
insert-lunette-bleu-lumineux-38;oui;13;13;0;-;-;0;0;13;10;aucune;oui
insert-resine-38-31-5;oui;43;43;0;-;-;0;0;43;41;aucune;oui
integrale-sport-chic-acier;non;(cf. inventaire 08/08);12;0;-;-;0;7;5;;partielle;non
montre-pilote-plongee-39-chiffres-arabes;oui;16;16;0;-;-;0;0;16;10;aucune;oui
montre-sterile-40-nh35-saphir;oui;12;6;12;fileDelete (definitif);100% photos AliExpress;6;6;0;6;complete;oui
mouvement-famille-nh-34-72;oui;26;26;0;-;-;0;0;26;13;aucune;oui
mouvement-miyota-8215-nh34-gmt;oui;10;4;10;fileDelete (definitif);100% photos AliExpress;4;4;0;4;complete;oui
mouvement-nh35-date-blanche;oui;6;1;6;fileDelete (definitif);100% photos AliExpress;1;1;0;1;complete;oui
mouvement-nh35-date-rouge;oui;12;6;12;fileDelete (definitif);100% photos AliExpress;6;6;0;6;complete;oui
mouvement-nh36-jour-date;oui;13;8;13;fileDelete (definitif);100% photos AliExpress;8;8;0;8;complete;oui
new-arabic-sky-blue-nh35-28-5mm-sunburst-watch-dial-arabic-numeral-watch-faces-with-nh35-watch-hands-for-nh35-nh36-4r-movement;oui;26;11;26;fileDelete (definitif);100% photos AliExpress;11;11;0;11;complete;non
noirmont-deux-plongeuse-ceramique;non;(cf. inventaire 08/08);5;0;-;-;0;0;5;;aucune;non
porte-mouvement-multi-calibres;oui;13;13;0;-;-;0;0;13;7;aucune;oui
porte-mouvement-nh35;oui;7;1;7;fileDelete (definitif);100% photos AliExpress;1;1;0;1;complete;oui
presse-aiguilles-base;oui;2;1;2;fileDelete (definitif);100% photos AliExpress;1;1;0;7;complete;oui
remontoir-bois;non;(cf. inventaire 08/08);5;0;-;-;0;4;1;;partielle;non
remontoir-collection;non;(cf. inventaire 08/08);6;0;-;-;0;5;1;;partielle;non
rouleau-de-voyage-cuir;non;(cf. inventaire 08/08);5;0;-;-;0;4;1;;partielle;non
set-aiguilles-lumineuses-nh35;oui;9;4;9;fileDelete (definitif);100% photos AliExpress;4;4;0;4;complete;oui
support-mouvement-acrylique;oui;4;4;0;-;-;0;0;4;20;aucune;oui
support-mouvement-aluminium;oui;7;4;7;fileDelete (definitif);100% photos AliExpress;4;4;0;4;complete;oui
verre-saphir-dome-1-2;oui;5;1;5;fileDelete (definitif);100% photos AliExpress;1;1;0;1;complete;oui
verre-saphir-dome-1-5;oui;5;1;5;fileDelete (definitif);100% photos AliExpress;1;1;0;1;complete;oui
verre-saphir-dome-ar-bleu;oui;7;1;7;fileDelete (definitif);100% photos AliExpress;1;1;0;2;complete;oui
verre-saphir-double-dome-26-38;oui;5;5;0;-;-;0;0;5;30;aucune;oui
verre-saphir-loupe-30-5;oui;8;2;8;fileDelete (definitif);100% photos AliExpress;2;2;0;2;complete;oui
verre-saphir-plat-28-38;oui;6;1;6;fileDelete (definitif);100% photos AliExpress;1;1;0;1;complete;oui
voyageur-gmt-automatique;non;(cf. inventaire 08/08);11;0;-;-;0;11;0;;complete;non
