handle;item_id;shopify_id;touche_12_08;detruites;recuperees;confirmation;ventes;titre_api
28-5mm-dial-diy-arabic-alphabet-surface-no-date-watch-faces-mechanical-watch-replace-accessories-for-nh35-nh36-movement;1005007348127532;11017842458962;oui;16;16;image-API (exact);57;Cadran de 28.5mm, Surface de l'alphabet arabe, sans Date, visages de montre mécanique, accessoires de remplacement pour mouvement NH35/NH36
aiguilles-baton-argent-nh35;1005007884473587;11013069144402;oui;9;9;image-API (exact);900+;Aiguilles pour carnet de notes Nh35 NH36, aiguilles en argent poli, 8x12x12.5mm, Style bâton, Datejust, aiguilles de montre C3, remplacement lumineux bleu
aiguilles-c3-super-lume-62;1005010529978866;11013059674450;oui;7;7;image-API (exact);221;Aiguilles de montre C3 Super Lume 62MAS, pour NH35 NH36 NH38 NH70 NH71 NH72 4R35 4RS6 ETA2824 PT5000 SW200, accessoires MOD argent/gris pistolet
aiguilles-cathedrale-nh35;1005008331507670;11013069209938;non;0;0;2 sources locales;;
aiguilles-dauphine-polies-nh35;1005007896534058;11013069111634;oui;12;12;image-API (exact);1000+;NH35 NH38 aiguilles polies 10*14*15mm Dauphine Aiguille présage Cocktail Style montre montre à main accessoires aiguilles pointeur
aiguilles-gmt-nh34;1005008382665794;11013069177170;non;0;0;2 sources locales;;
aiguilles-nh35-or-rose-argent;1005007306682346;11013069013330;non;0;0;2 sources locales;;
aiguilles-plongeuse-nh35;1005008659046962;11013069046098;non;0;0;2 sources locales;;
aiguilles-sport-nh34-nh72;1005008019163632;11013059641682;non;0;0;2 sources locales;;
aiguilles-vintage-sub-nh35;1005008616812146;11013069078866;non;0;0;2 sources locales;;
boitier-36-40-4-finitions;1005007313498737;11013059576146;non;0;0;2 sources locales;;
boitier-argent-40-saphir-120-clics;1005009141784587;11013059477842;non;0;0;2 sources locales;;
boitier-argente-36-39-biseaute;1005006489170451;11013057708370;oui;10;10;image-API (exact);371;Neiton – boîtier de montre argenté 36mm/39mm, saphir adapté au mouvement NH36 NH34 NH35, bord biseauté, bonne qualité, acier inoxydable 316L
boitier-lunette-cannelee-36-39;1005008309552951;11013059412306;non;0;0;2 sources locales;;
boitier-octogonal-42-fond-saphir;1005008639164026;11013059543378;oui;5;5;titre-API + 2 sources locales;900+;Boîtier de montre automatique octogonal en acier inoxydable, 42mm, Bracelet MOD, dos Transparent saphir adapté à NH34 NH35 NH36 NH38 NH70 NH72
boitier-pilote-pvd-noir-36-39;1005009937589354;11013057675602;oui;10;10;image-API (exact);401;Pilot NH35 36MM/39MM PVD noir saphir cristal plongeur brossé boîtier de montre adapté NH34 NH35 NH36 PT5000 ETA 2824 mouvement vis couronne
boitier-plongee-40-200m-jubile;1005007805509882;11013059445074;non;0;0;2 sources locales;;
boitier-plongee-40-lunette-noire;1005006993985843;11013059608914;non;0;0;2 sources locales;;
boitier-saphir-36-40-nh35;1005006783022622;11013059346770;oui;10;10;image-API (exact);2000+;Neiton – boîtier de montre en verre saphir pour hommes, 36mm/40mm, adapté au mouvement NH36 NH34 NH35, à la mode, étanche, en acier inoxydable
boitier-saphir-noir-or-rose;1005007805695119;11013059510610;non;0;0;2 sources locales;;
cadran-arabe-oriental-argent-28-5;1005009056835202;11013081203026;non;0;0;2 sources locales;;
cadran-arabe-oriental-noir-blanc-28-5;1005012137091344;11013081170258;oui;7;7;image-API (exact);19;Cadran de montre de 28,5 mm pour mouvement NH35, chiffres arabes, noir et blanc, pièces de modification de cadran de montre, accessoires, logo personnalisé possible.
cadran-arabe-oriental-sunburst-29;1005007976392353;11013081137490;non;0;0;2 sources locales;;
cadran-arabe-romain-emaille-bleu-28-5;1005011774911570;11013081268562;non;0;0;2 sources locales;;
cadran-argente-sterile-29;1005006987515689;11013077205330;oui;9;9;image-API (exact);90;NEITON – cadran de montre argenté stérile de 29mm, lumineux, adapté au mouvement NH35, ETA2824, Miyota8215, MingzhuDG2813, 3804, accessoires de montre
cadran-calligraphie-arabe-email-33;1005008580932006;11013078483282;non;0;0;2 sources locales;;
cadran-ciel-etoile-28-5;1005010692631891;11013068652882;oui;7;7;image-API (exact);10;Cadran de montre ciel étoilé bleu, 28.5mm, sans logo, Texture émaillée, arabe pour Seiko Datejust NH35/36, boîtier de mouvement automatique, pièces Mod
cadran-creux-plaque-circulaire-nh70;1005006777442209;11013068947794;non;0;0;2 sources locales;;
cadran-evide-vert-nh70;1005008066853454;11013068882258;oui;11;11;image-API (exact);48;Cadran de montre évidé, cadrans de montre Shoous verts, accessoires, pièces de réparation, mouvement NH70, NH35, NH36, 31mm
cadran-lapis-lazuli-28-5;1005008812013694;11013077434706;non;0;0;2 sources locales;;
cadran-lumineux-28-5-nh35;1005009995274657;11013078909266;non;0;0;2 sources locales;;
cadran-meteorite-28-5;1005009479823229;11013077664082;non;0;0;2 sources locales;;
cadran-pilote-29-aiguilles-nh35;1005006012512581;11013081563474;non;0;0;2 sources locales;;
cadran-pilote-29-classique-nh36;1005007635155982;11013081432402;non;0;0;2 sources locales;;
cadran-pilote-29-mod-nh35;1005009148826972;11013081497938;non;0;0;2 sources locales;;
cadran-pilote-33-5-aiguilles-blanches;1005009253533306;11013081596242;non;0;0;2 sources locales;;
cadran-pilote-33-5-aiguilles-lumineuses;1005010303631276;11013081399634;oui;5;13;image-API (exact);190;Cadran de montre pilote 33,5 mm + aiguilles lumineuses, couleur noire/bleue/argent/verte, compatible avec les mouvements NH35 NH36 NH38 ETA2824 PT5000 Miyota8215 821A
cadran-pilote-38-aiguilles-nh35;1005009101607137;11013078352210;non;0;0;2 sources locales;;
cadran-pilote-noir-33-5-nh34;1005008660462030;11013081465170;oui;3;6;image-API (exact);115;Cadran de montre noir 33.5mm, adapté au mouvement automatique NH34 NH36 NH35, chiffres arabes
cadran-pilote-noir-33-5-nh35;1005003002119259;11013081629010;non;0;0;2 sources locales;;
cadran-pilote-sterile-28-5-sans-logo;1005009643278179;11013078417746;oui;8;8;image-API (exact);38;Cadran pilote à chiffres arabes stériles, 28.5mm, sans logo, pour Seiko NH35/36/38/4R/6R, boîtier de mouvement automatique, mains, pièces Mod
cadran-plongee-33-5-aiguilles;1005008481615291;11013078581586;non;0;0;2 sources locales;;
cadran-retro-33-5-aiguilles-nh35;1005008471050885;11013078286674;non;0;0;2 sources locales;;
cadran-retro-blanc-rose-nh35;1005008468061052;11013078221138;oui;11;11;image-API (exact);59;Tandorio nouveau rétro blanc rose mat chiffre arabe cadran de montre pour NH35 NH36 NH38 ETA2824 PT5000 mouvement hommes montre Vintage
cadran-squelette-29-noir-blanc;1005009288581598;11013068816722;oui;10;10;image-API (exact);74;Cadran de montre noir et blanc 29mm, pour NH70 NH72 NH71 NH35, squelette creux, anneau lumineux, accessoires de montre
cadran-squelette-ajoure-index-metal;1005007676819549;11013068783954;oui;7;7;image-API (exact);47;Cadran de montre squelette ajouré pour NH35 NH36 NH38 NH70 NH71 NH72 4R35 4R36 Movt, marqueurs métalliques 29mm, cadran de montre argent noir
cadran-squelette-nh70-3-coloris;1005008395512841;11013068915026;oui;13;13;image-API (exact);65;NH-Cadran de Montre Noir, Vert, Bleu, 28.5x24.5mm, pour Modules de Mouvement NH70, NH72, Seton Creux, Anneau Shoous, Accessoires
cadran-squelette-nh70-anneau-lumineux;1005005282410219;11013068685650;non;0;0;2 sources locales;;
cadran-squelette-nh70-noir-argent;1005009076254369;11013068718418;non;0;0;2 sources locales;;
cadran-squelette-noir-blanc-29;1005009022665700;11013068980562;non;0;0;2 sources locales;;
cadran-squelette-transparent-31-8;1005012089200639;11013068751186;non;0;0;2 sources locales;;
cadran-sterile-28-5-aiguilles;1005004795495451;11013077270866;non;0;0;2 sources locales;;
cadran-sterile-bleu-lumineux-28-5;1005005879175706;11013078810962;non;0;0;2 sources locales;;
cadran-sterile-couronne-3h-28-5;1005008397086684;11013077533010;non;0;0;2 sources locales;;
cadran-sterile-date-aiguilles-29;1005009148482089;11013078647122;non;0;0;2 sources locales;;
cadran-sterile-index-35;1005010465015558;11013068620114;non;0;0;2 sources locales;;
cadran-sterile-lumineux-28-5;1005007629207114;11013078712658;non;0;0;2 sources locales;;
cadran-sterile-saumon-29-aiguilles;1005010122462262;11013077369170;non;0;0;2 sources locales;;
cadran-sterile-sunburst-28-5;1005008380303345;11013078778194;non;0;0;2 sources locales;;
cadran-sterile-vert-lumineux-28-5;1005009523161505;11013077303634;non;0;0;2 sources locales;;
cadran-texture-paon-29-sans-logo;1005010122830689;11013077107026;non;0;0;2 sources locales;;
cadran-transparent-lume-28-5;1005007524889100;11013068849490;non;0;0;2 sources locales;;
cadran-vierge-sterile-28-5;1005009761337861;11013077598546;non;0;0;2 sources locales;;
enrouleur-ressort-nh35;1005008717442651;11013057216850;oui;6;6;image-API (exact);41;Outil d'enroulement de montre NH35, enrouleur de ressort principal, réparation des outils de roulement de mouvement
insert-aluminium-38-di-30;1005008927121122;11013059281234;non;0;0;2 sources locales;;
insert-aluminium-gmt-38;1005009534631613;11013059248466;non;0;0;2 sources locales;;
insert-ceramique-chiffres-arabes-38;1005006297065004;11013059379538;non;0;0;2 sources locales;;
insert-ceramique-incline-38-lumineux;1005009341063856;11013059117394;non;0;0;2 sources locales;;
insert-ceramique-incurve-38;1005007293732155;11013059215698;non;0;0;2 sources locales;;
insert-ceramique-lumineux-38-plat;1005007512911309;11013059182930;non;0;0;2 sources locales;;
insert-lunette-aluminium-38-31-5;1005007843450973;11013059739986;non;0;0;2 sources locales;;
insert-lunette-aluminium-38-plat;1005008645932150;11013059707218;non;0;0;2 sources locales;;
insert-lunette-bleu-lumineux-38;1005009525190588;11013059314002;non;0;0;2 sources locales;;
insert-resine-38-31-5;1005007863813766;11013059150162;non;0;0;2 sources locales;;
montre-cadran-arabe-oriental-36-39;1005010249362754;11013081366866;non;0;0;2 sources locales;;
montre-pilote-plongee-39-chiffres-arabes;1005005673165828;11013081301330;non;0;0;2 sources locales;;
montre-sterile-40-nh35-saphir;1005005673324130;11013081334098;oui;12;12;image-API (exact);143;Montre pour hommes stérile 40mm véritable NH35 mouvement automatique 10ATM résistant à l'eau verre saphir cadran noir Date 316L Bracelet huître
mouvement-famille-nh-34-72;1005001430226835;11013057577298;non;0;0;2 sources locales;;
mouvement-miyota-8215-nh34-gmt;1005012175538270;11013057249618;oui;10;10;image-API (exact);184;Mouvement automatique mécanique japonais Miyota 8215/8205 NH34 NH35, 21 rubis, GMT, date, double calendrier, haute précision, accessoires de montre
mouvement-nh35-date-blanche;1005008494235697;11013057511762;oui;6;6;titre-API + 2 sources locales;2000+;Mouvement mécanique automatique nh35 Original du japon, 24 bijoux, roue de date blanche de haute précision 3:00 24 pour mouvement Seiko NH35A
mouvement-nh35-date-rouge;1005009853779041;11013057610066;oui;12;12;image-API (exact);145;Mouvement mécanique NH35, roue de date rouge modifiée, couronne 3.0/3.8, japon Mod, mécanisme NH35A, disque noir/bleu/Vintage-argent
mouvement-nh35-japon;1005005597724853;11013057478994;non;0;0;2 sources locales;;
mouvement-nh36-jour-date;1005007995556187;11013057544530;oui;13;13;image-API (exact);216;Couronne NH35 à 3.8 japon Original Nh35A Nh36A, mouvement automatique à remontage automatique, Date/jour, pièce de rechange pour montre Seiko Mod
new-arabic-sky-blue-nh35-28-5mm-sunburst-watch-dial-arabic-numeral-watch-faces-with-nh35-watch-hands-for-nh35-nh36-4r-movement;1005009751528666;11017842360658;oui;26;26;image-API (exact);202;Nouveau cadran de montre arabe bleu ciel NH35 28.5MM Sunburst, cadran de montre à chiffres arabes avec aiguilles de montre NH35 pour mouvement NH35 NH36 4R
porte-mouvement-multi-calibres;1005008695397789;11013057085778;non;0;0;2 sources locales;;
porte-mouvement-nh35;1005008518115553;11013057053010;oui;7;7;image-API (exact);5000+;Support de mouvement de montre NH34 NH35, adapté à NH36 SKX007 7S26 4R35 4R36 2824 2836 8215, outils d'assemblage de réparation de Base Mod
presse-aiguilles-base;1005008635496479;11013057184082;oui;2;2;titre-API + 2 sources locales;19;Base de support de mouvement de montre pour le pressage des broches
set-aiguilles-lumineuses-nh35;1005007733703969;11013068587346;oui;9;9;image-API (exact);1000+;Aiguille NH35 ensemble d'aiguilles or Rose argent aiguilles de montre vert lumineux pour NH34 NH35 NH36 Nh35 Nautilus aiguilles montres pointeurs
support-mouvement-acrylique;1005008727414152;11013057118546;non;0;0;2 sources locales;;
support-mouvement-aluminium;1005010551172634;11013057151314;oui;7;7;image-API (exact);237;Support universel pour mouvement de montre, base en aluminium double face pour ETA 2824-2 Miyota 8200 9015 Seiko NH35 NH34 7S26, outil de réparation
verre-saphir-dome-1-2;1005007976167717;11013057380690;oui;5;5;titre-API + 2 sources locales;99;Verre de montre saphir à dôme unique, épaisseur de bord de 1.2mm, cristal rond, lentille grossissante de 18-40mm de diamètre pour montre
verre-saphir-dome-1-5;1005004810355096;11013057446226;oui;5;5;titre-API + 2 sources locales;53;Verre de montre en saphir à dôme unique, épaisseur de bord de 1,5 mm, cristal rond, diamètre de 30 à 39,5 mm, lentille grossissante pour montre YZC104
verre-saphir-dome-ar-bleu;1005010361616521;11013057315154;oui;7;7;image-API (exact);181;Verre de montre saphir de remplacement, Double dôme AR bleu, 2.0mm de diamètre d'épaisseur 28mm-38.5mm, cristal Transparent pour horloger, 1 pièce
verre-saphir-double-dome-26-38;1005007226573789;11013057282386;non;0;0;2 sources locales;;
verre-saphir-loupe-30-5;1005004587063688;11013057413458;oui;8;8;image-API (exact);27;Verre saphir de montre plat/loupe de 30.5mm, accessoire de remplacement de lentille, pièce ronde de 2.5mm, outils de réparation de joint de miroir de montre
verre-saphir-plat-28-38;1005008965173152;11013057347922;oui;6;6;image-API (exact);141;28/ 30/ 30.5/ 32/33mm 34mm 35mm 36mm 36.5mm 38mm lentille miroir en verre saphir adapté aux lentilles plates 2.0 épaisseurs verre de montre
