terme,date,indice,source
boîte à musique,2021-01-01,69,trends-q4-boite-musique.json
boîte à musique,2021-02-01,51,trends-q4-boite-musique.json
boîte à musique,2021-03-01,54,trends-q4-boite-musique.json
boîte à musique,2021-04-01,55,trends-q4-boite-musique.json
boîte à musique,2021-05-01,64,trends-q4-boite-musique.json
boîte à musique,2021-06-01,48,trends-q4-boite-musique.json
boîte à musique,2021-07-01,47,trends-q4-boite-musique.json
boîte à musique,2021-08-01,56,trends-q4-boite-musique.json
boîte à musique,2021-09-01,59,trends-q4-boite-musique.json
boîte à musique,2021-10-01,69,trends-q4-boite-musique.json
boîte à musique,2021-11-01,98,trends-q4-boite-musique.json
boîte à musique,2021-12-01,91,trends-q4-boite-musique.json
boîte à musique,2022-01-01,63,trends-q4-boite-musique.json
boîte à musique,2022-02-01,62,trends-q4-boite-musique.json
boîte à musique,2022-03-01,66,trends-q4-boite-musique.json
boîte à musique,2022-04-01,59,trends-q4-boite-musique.json
boîte à musique,2022-05-01,59,trends-q4-boite-musique.json
boîte à musique,2022-06-01,65,trends-q4-boite-musique.json
boîte à musique,2022-07-01,51,trends-q4-boite-musique.json
boîte à musique,2022-08-01,48,trends-q4-boite-musique.json
boîte à musique,2022-09-01,71,trends-q4-boite-musique.json
boîte à musique,2022-10-01,77,trends-q4-boite-musique.json
boîte à musique,2022-11-01,94,trends-q4-boite-musique.json
boîte à musique,2022-12-01,93,trends-q4-boite-musique.json
boîte à musique,2023-01-01,58,trends-q4-boite-musique.json
boîte à musique,2023-02-01,61,trends-q4-boite-musique.json
boîte à musique,2023-03-01,59,trends-q4-boite-musique.json
boîte à musique,2023-04-01,51,trends-q4-boite-musique.json
boîte à musique,2023-05-01,53,trends-q4-boite-musique.json
boîte à musique,2023-06-01,51,trends-q4-boite-musique.json
boîte à musique,2023-07-01,44,trends-q4-boite-musique.json
boîte à musique,2023-08-01,54,trends-q4-boite-musique.json
boîte à musique,2023-09-01,55,trends-q4-boite-musique.json
boîte à musique,2023-10-01,71,trends-q4-boite-musique.json
boîte à musique,2023-11-01,82,trends-q4-boite-musique.json
boîte à musique,2023-12-01,100,trends-q4-boite-musique.json
boîte à musique,2024-01-01,63,trends-q4-boite-musique.json
boîte à musique,2024-02-01,54,trends-q4-boite-musique.json
boîte à musique,2024-03-01,55,trends-q4-boite-musique.json
boîte à musique,2024-04-01,48,trends-q4-boite-musique.json
boîte à musique,2024-05-01,53,trends-q4-boite-musique.json
boîte à musique,2024-06-01,52,trends-q4-boite-musique.json
boîte à musique,2024-07-01,40,trends-q4-boite-musique.json
boîte à musique,2024-08-01,50,trends-q4-boite-musique.json
boîte à musique,2024-09-01,54,trends-q4-boite-musique.json
boîte à musique,2024-10-01,56,trends-q4-boite-musique.json
boîte à musique,2024-11-01,97,trends-q4-boite-musique.json
boîte à musique,2024-12-01,91,trends-q4-boite-musique.json
boîte à musique,2025-01-01,52,trends-q4-boite-musique.json
boîte à musique,2025-02-01,50,trends-q4-boite-musique.json
boîte à musique,2025-03-01,53,trends-q4-boite-musique.json
boîte à musique,2025-04-01,43,trends-q4-boite-musique.json
boîte à musique,2025-05-01,46,trends-q4-boite-musique.json
boîte à musique,2025-06-01,53,trends-q4-boite-musique.json
boîte à musique,2025-07-01,49,trends-q4-boite-musique.json
boîte à musique,2025-08-01,57,trends-q4-boite-musique.json
boîte à musique,2025-09-01,57,trends-q4-boite-musique.json
boîte à musique,2025-10-01,64,trends-q4-boite-musique.json
boîte à musique,2025-11-01,96,trends-q4-boite-musique.json
boîte à musique,2025-12-01,87,trends-q4-boite-musique.json
boîte à musique,2026-01-01,53,trends-q4-boite-musique.json
boîte à musique,2026-02-01,64,trends-q4-boite-musique.json
boîte à musique,2026-03-01,51,trends-q4-boite-musique.json
boîte à musique,2026-04-01,42,trends-q4-boite-musique.json
boîte à musique,2026-05-01,54,trends-q4-boite-musique.json
boîte à musique,2026-06-01,50,trends-q4-boite-musique.json
boîte à musique,2026-07-01,41,trends-q4-boite-musique.json
boîte à musique,2026-08-01,60,trends-q4-boite-musique.json
coffret calligraphie,2021-01-01,,trends-q4-calligraphie-coffret.json
coffret calligraphie,2021-02-01,,trends-q4-calligraphie-coffret.json
coffret calligraphie,2021-03-01,53,trends-q4-calligraphie-coffret.json
coffret calligraphie,2021-04-01,,trends-q4-calligraphie-coffret.json
coffret calligraphie,2021-05-01,,trends-q4-calligraphie-coffret.json
coffret calligraphie,2021-06-01,,trends-q4-calligraphie-coffret.json
coffret calligraphie,2021-07-01,,trends-q4-calligraphie-coffret.json
coffret calligraphie,2021-08-01,,trends-q4-calligraphie-coffret.json
coffret calligraphie,2021-09-01,,trends-q4-calligraphie-coffret.json
coffret calligraphie,2021-10-01,,trends-q4-calligraphie-coffret.json
coffret calligraphie,2021-11-01,,trends-q4-calligraphie-coffret.json
coffret calligraphie,2021-12-01,89,trends-q4-calligraphie-coffret.json
coffret calligraphie,2022-01-01,,trends-q4-calligraphie-coffret.json
coffret calligraphie,2022-02-01,,trends-q4-calligraphie-coffret.json
coffret calligraphie,2022-03-01,,trends-q4-calligraphie-coffret.json
coffret calligraphie,2022-04-01,,trends-q4-calligraphie-coffret.json
coffret calligraphie,2022-05-01,,trends-q4-calligraphie-coffret.json
coffret calligraphie,2022-06-01,,trends-q4-calligraphie-coffret.json
coffret calligraphie,2022-07-01,,trends-q4-calligraphie-coffret.json
coffret calligraphie,2022-08-01,,trends-q4-calligraphie-coffret.json
coffret calligraphie,2022-09-01,,trends-q4-calligraphie-coffret.json
coffret calligraphie,2022-10-01,45,trends-q4-calligraphie-coffret.json
coffret calligraphie,2022-11-01,86,trends-q4-calligraphie-coffret.json
coffret calligraphie,2022-12-01,100,trends-q4-calligraphie-coffret.json
coffret calligraphie,2023-01-01,,trends-q4-calligraphie-coffret.json
coffret calligraphie,2023-02-01,,trends-q4-calligraphie-coffret.json
coffret calligraphie,2023-03-01,,trends-q4-calligraphie-coffret.json
coffret calligraphie,2023-04-01,,trends-q4-calligraphie-coffret.json
coffret calligraphie,2023-05-01,,trends-q4-calligraphie-coffret.json
coffret calligraphie,2023-06-01,,trends-q4-calligraphie-coffret.json
coffret calligraphie,2023-07-01,,trends-q4-calligraphie-coffret.json
coffret calligraphie,2023-08-01,,trends-q4-calligraphie-coffret.json
coffret calligraphie,2023-09-01,,trends-q4-calligraphie-coffret.json
coffret calligraphie,2023-10-01,,trends-q4-calligraphie-coffret.json
coffret calligraphie,2023-11-01,82,trends-q4-calligraphie-coffret.json
coffret calligraphie,2023-12-01,94,trends-q4-calligraphie-coffret.json
coffret calligraphie,2024-01-01,,trends-q4-calligraphie-coffret.json
coffret calligraphie,2024-02-01,,trends-q4-calligraphie-coffret.json
coffret calligraphie,2024-03-01,,trends-q4-calligraphie-coffret.json
coffret calligraphie,2024-04-01,,trends-q4-calligraphie-coffret.json
coffret calligraphie,2024-05-01,,trends-q4-calligraphie-coffret.json
coffret calligraphie,2024-06-01,,trends-q4-calligraphie-coffret.json
coffret calligraphie,2024-07-01,,trends-q4-calligraphie-coffret.json
coffret calligraphie,2024-08-01,,trends-q4-calligraphie-coffret.json
coffret calligraphie,2024-09-01,,trends-q4-calligraphie-coffret.json
coffret calligraphie,2024-10-01,,trends-q4-calligraphie-coffret.json
coffret calligraphie,2024-11-01,,trends-q4-calligraphie-coffret.json
coffret calligraphie,2024-12-01,68,trends-q4-calligraphie-coffret.json
coffret calligraphie,2025-01-01,,trends-q4-calligraphie-coffret.json
coffret calligraphie,2025-02-01,,trends-q4-calligraphie-coffret.json
coffret calligraphie,2025-03-01,,trends-q4-calligraphie-coffret.json
coffret calligraphie,2025-04-01,,trends-q4-calligraphie-coffret.json
coffret calligraphie,2025-05-01,,trends-q4-calligraphie-coffret.json
coffret calligraphie,2025-06-01,,trends-q4-calligraphie-coffret.json
coffret calligraphie,2025-07-01,,trends-q4-calligraphie-coffret.json
coffret calligraphie,2025-08-01,,trends-q4-calligraphie-coffret.json
coffret calligraphie,2025-09-01,,trends-q4-calligraphie-coffret.json
coffret calligraphie,2025-10-01,,trends-q4-calligraphie-coffret.json
coffret calligraphie,2025-11-01,,trends-q4-calligraphie-coffret.json
coffret calligraphie,2025-12-01,92,trends-q4-calligraphie-coffret.json
coffret calligraphie,2026-01-01,,trends-q4-calligraphie-coffret.json
coffret calligraphie,2026-02-01,,trends-q4-calligraphie-coffret.json
coffret calligraphie,2026-03-01,,trends-q4-calligraphie-coffret.json
coffret calligraphie,2026-04-01,,trends-q4-calligraphie-coffret.json
coffret calligraphie,2026-05-01,,trends-q4-calligraphie-coffret.json
coffret calligraphie,2026-06-01,,trends-q4-calligraphie-coffret.json
coffret calligraphie,2026-07-01,,trends-q4-calligraphie-coffret.json
coffret calligraphie,2026-08-01,9,trends-q4-calligraphie-coffret.json
carrousel musical,2021-01-01,,trends-q4-carrousel-musical.json
carrousel musical,2021-02-01,,trends-q4-carrousel-musical.json
carrousel musical,2021-03-01,,trends-q4-carrousel-musical.json
carrousel musical,2021-04-01,,trends-q4-carrousel-musical.json
carrousel musical,2021-05-01,,trends-q4-carrousel-musical.json
carrousel musical,2021-06-01,,trends-q4-carrousel-musical.json
carrousel musical,2021-07-01,,trends-q4-carrousel-musical.json
carrousel musical,2021-08-01,,trends-q4-carrousel-musical.json
carrousel musical,2021-09-01,,trends-q4-carrousel-musical.json
carrousel musical,2021-10-01,,trends-q4-carrousel-musical.json
carrousel musical,2021-11-01,95,trends-q4-carrousel-musical.json
carrousel musical,2021-12-01,100,trends-q4-carrousel-musical.json
carrousel musical,2022-01-01,,trends-q4-carrousel-musical.json
carrousel musical,2022-02-01,,trends-q4-carrousel-musical.json
carrousel musical,2022-03-01,,trends-q4-carrousel-musical.json
carrousel musical,2022-04-01,,trends-q4-carrousel-musical.json
carrousel musical,2022-05-01,,trends-q4-carrousel-musical.json
carrousel musical,2022-06-01,48,trends-q4-carrousel-musical.json
carrousel musical,2022-07-01,,trends-q4-carrousel-musical.json
carrousel musical,2022-08-01,,trends-q4-carrousel-musical.json
carrousel musical,2022-09-01,,trends-q4-carrousel-musical.json
carrousel musical,2022-10-01,43,trends-q4-carrousel-musical.json
carrousel musical,2022-11-01,60,trends-q4-carrousel-musical.json
carrousel musical,2022-12-01,65,trends-q4-carrousel-musical.json
carrousel musical,2023-01-01,,trends-q4-carrousel-musical.json
carrousel musical,2023-02-01,,trends-q4-carrousel-musical.json
carrousel musical,2023-03-01,,trends-q4-carrousel-musical.json
carrousel musical,2023-04-01,,trends-q4-carrousel-musical.json
carrousel musical,2023-05-01,,trends-q4-carrousel-musical.json
carrousel musical,2023-06-01,,trends-q4-carrousel-musical.json
carrousel musical,2023-07-01,,trends-q4-carrousel-musical.json
carrousel musical,2023-08-01,,trends-q4-carrousel-musical.json
carrousel musical,2023-09-01,65,trends-q4-carrousel-musical.json
carrousel musical,2023-10-01,,trends-q4-carrousel-musical.json
carrousel musical,2023-11-01,64,trends-q4-carrousel-musical.json
carrousel musical,2023-12-01,52,trends-q4-carrousel-musical.json
carrousel musical,2024-01-01,,trends-q4-carrousel-musical.json
carrousel musical,2024-02-01,,trends-q4-carrousel-musical.json
carrousel musical,2024-03-01,,trends-q4-carrousel-musical.json
carrousel musical,2024-04-01,,trends-q4-carrousel-musical.json
carrousel musical,2024-05-01,,trends-q4-carrousel-musical.json
carrousel musical,2024-06-01,,trends-q4-carrousel-musical.json
carrousel musical,2024-07-01,,trends-q4-carrousel-musical.json
carrousel musical,2024-08-01,,trends-q4-carrousel-musical.json
carrousel musical,2024-09-01,,trends-q4-carrousel-musical.json
carrousel musical,2024-10-01,,trends-q4-carrousel-musical.json
carrousel musical,2024-11-01,,trends-q4-carrousel-musical.json
carrousel musical,2024-12-01,56,trends-q4-carrousel-musical.json
carrousel musical,2025-01-01,,trends-q4-carrousel-musical.json
carrousel musical,2025-02-01,,trends-q4-carrousel-musical.json
carrousel musical,2025-03-01,,trends-q4-carrousel-musical.json
carrousel musical,2025-04-01,,trends-q4-carrousel-musical.json
carrousel musical,2025-05-01,,trends-q4-carrousel-musical.json
carrousel musical,2025-06-01,,trends-q4-carrousel-musical.json
carrousel musical,2025-07-01,,trends-q4-carrousel-musical.json
carrousel musical,2025-08-01,,trends-q4-carrousel-musical.json
carrousel musical,2025-09-01,,trends-q4-carrousel-musical.json
carrousel musical,2025-10-01,,trends-q4-carrousel-musical.json
carrousel musical,2025-11-01,68,trends-q4-carrousel-musical.json
carrousel musical,2025-12-01,,trends-q4-carrousel-musical.json
carrousel musical,2026-01-01,,trends-q4-carrousel-musical.json
carrousel musical,2026-02-01,,trends-q4-carrousel-musical.json
carrousel musical,2026-03-01,,trends-q4-carrousel-musical.json
carrousel musical,2026-04-01,,trends-q4-carrousel-musical.json
carrousel musical,2026-05-01,,trends-q4-carrousel-musical.json
carrousel musical,2026-06-01,,trends-q4-carrousel-musical.json
carrousel musical,2026-07-01,,trends-q4-carrousel-musical.json
carrousel musical,2026-08-01,4,trends-q4-carrousel-musical.json
crèche de noël,2021-01-01,9,trends-q4-creche.json
crèche de noël,2021-02-01,3,trends-q4-creche.json
crèche de noël,2021-03-01,,trends-q4-creche.json
crèche de noël,2021-04-01,,trends-q4-creche.json
crèche de noël,2021-05-01,,trends-q4-creche.json
crèche de noël,2021-06-01,,trends-q4-creche.json
crèche de noël,2021-07-01,,trends-q4-creche.json
crèche de noël,2021-08-01,,trends-q4-creche.json
crèche de noël,2021-09-01,2,trends-q4-creche.json
crèche de noël,2021-10-01,11,trends-q4-creche.json
crèche de noël,2021-11-01,44,trends-q4-creche.json
crèche de noël,2021-12-01,66,trends-q4-creche.json
crèche de noël,2022-01-01,9,trends-q4-creche.json
crèche de noël,2022-02-01,,trends-q4-creche.json
crèche de noël,2022-03-01,2,trends-q4-creche.json
crèche de noël,2022-04-01,1,trends-q4-creche.json
crèche de noël,2022-05-01,2,trends-q4-creche.json
crèche de noël,2022-06-01,1,trends-q4-creche.json
crèche de noël,2022-07-01,,trends-q4-creche.json
crèche de noël,2022-08-01,2,trends-q4-creche.json
crèche de noël,2022-09-01,4,trends-q4-creche.json
crèche de noël,2022-10-01,10,trends-q4-creche.json
crèche de noël,2022-11-01,40,trends-q4-creche.json
crèche de noël,2022-12-01,71,trends-q4-creche.json
crèche de noël,2023-01-01,11,trends-q4-creche.json
crèche de noël,2023-02-01,2,trends-q4-creche.json
crèche de noël,2023-03-01,1,trends-q4-creche.json
crèche de noël,2023-04-01,1,trends-q4-creche.json
crèche de noël,2023-05-01,,trends-q4-creche.json
crèche de noël,2023-06-01,1,trends-q4-creche.json
crèche de noël,2023-07-01,1,trends-q4-creche.json
crèche de noël,2023-08-01,2,trends-q4-creche.json
crèche de noël,2023-09-01,4,trends-q4-creche.json
crèche de noël,2023-10-01,13,trends-q4-creche.json
crèche de noël,2023-11-01,42,trends-q4-creche.json
crèche de noël,2023-12-01,82,trends-q4-creche.json
crèche de noël,2024-01-01,10,trends-q4-creche.json
crèche de noël,2024-02-01,3,trends-q4-creche.json
crèche de noël,2024-03-01,2,trends-q4-creche.json
crèche de noël,2024-04-01,,trends-q4-creche.json
crèche de noël,2024-05-01,1,trends-q4-creche.json
crèche de noël,2024-06-01,2,trends-q4-creche.json
crèche de noël,2024-07-01,,trends-q4-creche.json
crèche de noël,2024-08-01,2,trends-q4-creche.json
crèche de noël,2024-09-01,5,trends-q4-creche.json
crèche de noël,2024-10-01,12,trends-q4-creche.json
crèche de noël,2024-11-01,41,trends-q4-creche.json
crèche de noël,2024-12-01,85,trends-q4-creche.json
crèche de noël,2025-01-01,10,trends-q4-creche.json
crèche de noël,2025-02-01,6,trends-q4-creche.json
crèche de noël,2025-03-01,2,trends-q4-creche.json
crèche de noël,2025-04-01,2,trends-q4-creche.json
crèche de noël,2025-05-01,2,trends-q4-creche.json
crèche de noël,2025-06-01,2,trends-q4-creche.json
crèche de noël,2025-07-01,2,trends-q4-creche.json
crèche de noël,2025-08-01,2,trends-q4-creche.json
crèche de noël,2025-09-01,6,trends-q4-creche.json
crèche de noël,2025-10-01,14,trends-q4-creche.json
crèche de noël,2025-11-01,57,trends-q4-creche.json
crèche de noël,2025-12-01,100,trends-q4-creche.json
crèche de noël,2026-01-01,11,trends-q4-creche.json
crèche de noël,2026-02-01,2,trends-q4-creche.json
crèche de noël,2026-03-01,2,trends-q4-creche.json
crèche de noël,2026-04-01,3,trends-q4-creche.json
crèche de noël,2026-05-01,2,trends-q4-creche.json
crèche de noël,2026-06-01,,trends-q4-creche.json
crèche de noël,2026-07-01,,trends-q4-creche.json
crèche de noël,2026-08-01,1,trends-q4-creche.json
jeu de go,2021-01-01,61,trends-q4-go.json
jeu de go,2021-02-01,67,trends-q4-go.json
jeu de go,2021-03-01,51,trends-q4-go.json
jeu de go,2021-04-01,52,trends-q4-go.json
jeu de go,2021-05-01,46,trends-q4-go.json
jeu de go,2021-06-01,47,trends-q4-go.json
jeu de go,2021-07-01,45,trends-q4-go.json
jeu de go,2021-08-01,50,trends-q4-go.json
jeu de go,2021-09-01,41,trends-q4-go.json
jeu de go,2021-10-01,45,trends-q4-go.json
jeu de go,2021-11-01,64,trends-q4-go.json
jeu de go,2021-12-01,78,trends-q4-go.json
jeu de go,2022-01-01,58,trends-q4-go.json
jeu de go,2022-02-01,60,trends-q4-go.json
jeu de go,2022-03-01,51,trends-q4-go.json
jeu de go,2022-04-01,48,trends-q4-go.json
jeu de go,2022-05-01,46,trends-q4-go.json
jeu de go,2022-06-01,51,trends-q4-go.json
jeu de go,2022-07-01,50,trends-q4-go.json
jeu de go,2022-08-01,53,trends-q4-go.json
jeu de go,2022-09-01,47,trends-q4-go.json
jeu de go,2022-10-01,57,trends-q4-go.json
jeu de go,2022-11-01,72,trends-q4-go.json
jeu de go,2022-12-01,82,trends-q4-go.json
jeu de go,2023-01-01,96,trends-q4-go.json
jeu de go,2023-02-01,59,trends-q4-go.json
jeu de go,2023-03-01,79,trends-q4-go.json
jeu de go,2023-04-01,79,trends-q4-go.json
jeu de go,2023-05-01,63,trends-q4-go.json
jeu de go,2023-06-01,56,trends-q4-go.json
jeu de go,2023-07-01,59,trends-q4-go.json
jeu de go,2023-08-01,60,trends-q4-go.json
jeu de go,2023-09-01,68,trends-q4-go.json
jeu de go,2023-10-01,66,trends-q4-go.json
jeu de go,2023-11-01,96,trends-q4-go.json
jeu de go,2023-12-01,96,trends-q4-go.json
jeu de go,2024-01-01,63,trends-q4-go.json
jeu de go,2024-02-01,65,trends-q4-go.json
jeu de go,2024-03-01,64,trends-q4-go.json
jeu de go,2024-04-01,92,trends-q4-go.json
jeu de go,2024-05-01,65,trends-q4-go.json
jeu de go,2024-06-01,55,trends-q4-go.json
jeu de go,2024-07-01,49,trends-q4-go.json
jeu de go,2024-08-01,55,trends-q4-go.json
jeu de go,2024-09-01,52,trends-q4-go.json
jeu de go,2024-10-01,64,trends-q4-go.json
jeu de go,2024-11-01,84,trends-q4-go.json
jeu de go,2024-12-01,100,trends-q4-go.json
jeu de go,2025-01-01,62,trends-q4-go.json
jeu de go,2025-02-01,61,trends-q4-go.json
jeu de go,2025-03-01,85,trends-q4-go.json
jeu de go,2025-04-01,87,trends-q4-go.json
jeu de go,2025-05-01,78,trends-q4-go.json
jeu de go,2025-06-01,61,trends-q4-go.json
jeu de go,2025-07-01,60,trends-q4-go.json
jeu de go,2025-08-01,68,trends-q4-go.json
jeu de go,2025-09-01,64,trends-q4-go.json
jeu de go,2025-10-01,75,trends-q4-go.json
jeu de go,2025-11-01,90,trends-q4-go.json
jeu de go,2025-12-01,91,trends-q4-go.json
jeu de go,2026-01-01,67,trends-q4-go.json
jeu de go,2026-02-01,62,trends-q4-go.json
jeu de go,2026-03-01,63,trends-q4-go.json
jeu de go,2026-04-01,62,trends-q4-go.json
jeu de go,2026-05-01,65,trends-q4-go.json
jeu de go,2026-06-01,63,trends-q4-go.json
jeu de go,2026-07-01,56,trends-q4-go.json
jeu de go,2026-08-01,70,trends-q4-go.json
goban,2021-01-01,48,trends-q4-goban.json
goban,2021-02-01,62,trends-q4-goban.json
goban,2021-03-01,41,trends-q4-goban.json
goban,2021-04-01,61,trends-q4-goban.json
goban,2021-05-01,,trends-q4-goban.json
goban,2021-06-01,,trends-q4-goban.json
goban,2021-07-01,,trends-q4-goban.json
goban,2021-08-01,44,trends-q4-goban.json
goban,2021-09-01,77,trends-q4-goban.json
goban,2021-10-01,,trends-q4-goban.json
goban,2021-11-01,,trends-q4-goban.json
goban,2021-12-01,,trends-q4-goban.json
goban,2022-01-01,48,trends-q4-goban.json
goban,2022-02-01,,trends-q4-goban.json
goban,2022-03-01,32,trends-q4-goban.json
goban,2022-04-01,34,trends-q4-goban.json
goban,2022-05-01,52,trends-q4-goban.json
goban,2022-06-01,39,trends-q4-goban.json
goban,2022-07-01,42,trends-q4-goban.json
goban,2022-08-01,,trends-q4-goban.json
goban,2022-09-01,44,trends-q4-goban.json
goban,2022-10-01,32,trends-q4-goban.json
goban,2022-11-01,38,trends-q4-goban.json
goban,2022-12-01,45,trends-q4-goban.json
goban,2023-01-01,40,trends-q4-goban.json
goban,2023-02-01,47,trends-q4-goban.json
goban,2023-03-01,50,trends-q4-goban.json
goban,2023-04-01,,trends-q4-goban.json
goban,2023-05-01,,trends-q4-goban.json
goban,2023-06-01,,trends-q4-goban.json
goban,2023-07-01,35,trends-q4-goban.json
goban,2023-08-01,,trends-q4-goban.json
goban,2023-09-01,,trends-q4-goban.json
goban,2023-10-01,35,trends-q4-goban.json
goban,2023-11-01,48,trends-q4-goban.json
goban,2023-12-01,,trends-q4-goban.json
goban,2024-01-01,38,trends-q4-goban.json
goban,2024-02-01,37,trends-q4-goban.json
goban,2024-03-01,34,trends-q4-goban.json
goban,2024-04-01,57,trends-q4-goban.json
goban,2024-05-01,37,trends-q4-goban.json
goban,2024-06-01,39,trends-q4-goban.json
goban,2024-07-01,40,trends-q4-goban.json
goban,2024-08-01,39,trends-q4-goban.json
goban,2024-09-01,,trends-q4-goban.json
goban,2024-10-01,37,trends-q4-goban.json
goban,2024-11-01,55,trends-q4-goban.json
goban,2024-12-01,61,trends-q4-goban.json
goban,2025-01-01,44,trends-q4-goban.json
goban,2025-02-01,70,trends-q4-goban.json
goban,2025-03-01,,trends-q4-goban.json
goban,2025-04-01,45,trends-q4-goban.json
goban,2025-05-01,65,trends-q4-goban.json
goban,2025-06-01,48,trends-q4-goban.json
goban,2025-07-01,60,trends-q4-goban.json
goban,2025-08-01,52,trends-q4-goban.json
goban,2025-09-01,59,trends-q4-goban.json
goban,2025-10-01,64,trends-q4-goban.json
goban,2025-11-01,66,trends-q4-goban.json
goban,2025-12-01,100,trends-q4-goban.json
goban,2026-01-01,46,trends-q4-goban.json
goban,2026-02-01,50,trends-q4-goban.json
goban,2026-03-01,,trends-q4-goban.json
goban,2026-04-01,,trends-q4-goban.json
goban,2026-05-01,,trends-q4-goban.json
goban,2026-06-01,,trends-q4-goban.json
goban,2026-07-01,,trends-q4-goban.json
goban,2026-08-01,56,trends-q4-goban.json
kalimba,2021-01-01,66,trends-q4-kalimba.json
kalimba,2021-02-01,53,trends-q4-kalimba.json
kalimba,2021-03-01,50,trends-q4-kalimba.json
kalimba,2021-04-01,54,trends-q4-kalimba.json
kalimba,2021-05-01,45,trends-q4-kalimba.json
kalimba,2021-06-01,43,trends-q4-kalimba.json
kalimba,2021-07-01,49,trends-q4-kalimba.json
kalimba,2021-08-01,42,trends-q4-kalimba.json
kalimba,2021-09-01,36,trends-q4-kalimba.json
kalimba,2021-10-01,45,trends-q4-kalimba.json
kalimba,2021-11-01,56,trends-q4-kalimba.json
kalimba,2021-12-01,100,trends-q4-kalimba.json
kalimba,2022-01-01,66,trends-q4-kalimba.json
kalimba,2022-02-01,52,trends-q4-kalimba.json
kalimba,2022-03-01,48,trends-q4-kalimba.json
kalimba,2022-04-01,44,trends-q4-kalimba.json
kalimba,2022-05-01,45,trends-q4-kalimba.json
kalimba,2022-06-01,51,trends-q4-kalimba.json
kalimba,2022-07-01,50,trends-q4-kalimba.json
kalimba,2022-08-01,48,trends-q4-kalimba.json
kalimba,2022-09-01,45,trends-q4-kalimba.json
kalimba,2022-10-01,43,trends-q4-kalimba.json
kalimba,2022-11-01,52,trends-q4-kalimba.json
kalimba,2022-12-01,90,trends-q4-kalimba.json
kalimba,2023-01-01,66,trends-q4-kalimba.json
kalimba,2023-02-01,47,trends-q4-kalimba.json
kalimba,2023-03-01,67,trends-q4-kalimba.json
kalimba,2023-04-01,57,trends-q4-kalimba.json
kalimba,2023-05-01,48,trends-q4-kalimba.json
kalimba,2023-06-01,45,trends-q4-kalimba.json
kalimba,2023-07-01,44,trends-q4-kalimba.json
kalimba,2023-08-01,49,trends-q4-kalimba.json
kalimba,2023-09-01,40,trends-q4-kalimba.json
kalimba,2023-10-01,47,trends-q4-kalimba.json
kalimba,2023-11-01,48,trends-q4-kalimba.json
kalimba,2023-12-01,79,trends-q4-kalimba.json
kalimba,2024-01-01,43,trends-q4-kalimba.json
kalimba,2024-02-01,36,trends-q4-kalimba.json
kalimba,2024-03-01,36,trends-q4-kalimba.json
kalimba,2024-04-01,41,trends-q4-kalimba.json
kalimba,2024-05-01,39,trends-q4-kalimba.json
kalimba,2024-06-01,35,trends-q4-kalimba.json
kalimba,2024-07-01,36,trends-q4-kalimba.json
kalimba,2024-08-01,34,trends-q4-kalimba.json
kalimba,2024-09-01,30,trends-q4-kalimba.json
kalimba,2024-10-01,35,trends-q4-kalimba.json
kalimba,2024-11-01,41,trends-q4-kalimba.json
kalimba,2024-12-01,52,trends-q4-kalimba.json
kalimba,2025-01-01,32,trends-q4-kalimba.json
kalimba,2025-02-01,27,trends-q4-kalimba.json
kalimba,2025-03-01,33,trends-q4-kalimba.json
kalimba,2025-04-01,31,trends-q4-kalimba.json
kalimba,2025-05-01,29,trends-q4-kalimba.json
kalimba,2025-06-01,31,trends-q4-kalimba.json
kalimba,2025-07-01,29,trends-q4-kalimba.json
kalimba,2025-08-01,29,trends-q4-kalimba.json
kalimba,2025-09-01,25,trends-q4-kalimba.json
kalimba,2025-10-01,29,trends-q4-kalimba.json
kalimba,2025-11-01,36,trends-q4-kalimba.json
kalimba,2025-12-01,47,trends-q4-kalimba.json
kalimba,2026-01-01,28,trends-q4-kalimba.json
kalimba,2026-02-01,27,trends-q4-kalimba.json
kalimba,2026-03-01,22,trends-q4-kalimba.json
kalimba,2026-04-01,25,trends-q4-kalimba.json
kalimba,2026-05-01,27,trends-q4-kalimba.json
kalimba,2026-06-01,22,trends-q4-kalimba.json
kalimba,2026-07-01,24,trends-q4-kalimba.json
kalimba,2026-08-01,28,trends-q4-kalimba.json
acheter mahjong,2021-01-01,,trends-q4-mahjong-achat.json
acheter mahjong,2021-02-01,,trends-q4-mahjong-achat.json
acheter mahjong,2021-03-01,,trends-q4-mahjong-achat.json
acheter mahjong,2021-04-01,,trends-q4-mahjong-achat.json
acheter mahjong,2021-05-01,,trends-q4-mahjong-achat.json
acheter mahjong,2021-06-01,,trends-q4-mahjong-achat.json
acheter mahjong,2021-07-01,,trends-q4-mahjong-achat.json
acheter mahjong,2021-08-01,,trends-q4-mahjong-achat.json
acheter mahjong,2021-09-01,,trends-q4-mahjong-achat.json
acheter mahjong,2021-10-01,,trends-q4-mahjong-achat.json
acheter mahjong,2021-11-01,95,trends-q4-mahjong-achat.json
acheter mahjong,2021-12-01,,trends-q4-mahjong-achat.json
acheter mahjong,2022-01-01,,trends-q4-mahjong-achat.json
acheter mahjong,2022-02-01,79,trends-q4-mahjong-achat.json
acheter mahjong,2022-03-01,,trends-q4-mahjong-achat.json
acheter mahjong,2022-04-01,,trends-q4-mahjong-achat.json
acheter mahjong,2022-05-01,,trends-q4-mahjong-achat.json
acheter mahjong,2022-06-01,,trends-q4-mahjong-achat.json
acheter mahjong,2022-07-01,,trends-q4-mahjong-achat.json
acheter mahjong,2022-08-01,,trends-q4-mahjong-achat.json
acheter mahjong,2022-09-01,,trends-q4-mahjong-achat.json
acheter mahjong,2022-10-01,,trends-q4-mahjong-achat.json
acheter mahjong,2022-11-01,,trends-q4-mahjong-achat.json
acheter mahjong,2022-12-01,,trends-q4-mahjong-achat.json
acheter mahjong,2023-01-01,,trends-q4-mahjong-achat.json
acheter mahjong,2023-02-01,,trends-q4-mahjong-achat.json
acheter mahjong,2023-03-01,,trends-q4-mahjong-achat.json
acheter mahjong,2023-04-01,,trends-q4-mahjong-achat.json
acheter mahjong,2023-05-01,,trends-q4-mahjong-achat.json
acheter mahjong,2023-06-01,,trends-q4-mahjong-achat.json
acheter mahjong,2023-07-01,,trends-q4-mahjong-achat.json
acheter mahjong,2023-08-01,,trends-q4-mahjong-achat.json
acheter mahjong,2023-09-01,,trends-q4-mahjong-achat.json
acheter mahjong,2023-10-01,,trends-q4-mahjong-achat.json
acheter mahjong,2023-11-01,,trends-q4-mahjong-achat.json
acheter mahjong,2023-12-01,,trends-q4-mahjong-achat.json
acheter mahjong,2024-01-01,,trends-q4-mahjong-achat.json
acheter mahjong,2024-02-01,,trends-q4-mahjong-achat.json
acheter mahjong,2024-03-01,,trends-q4-mahjong-achat.json
acheter mahjong,2024-04-01,,trends-q4-mahjong-achat.json
acheter mahjong,2024-05-01,,trends-q4-mahjong-achat.json
acheter mahjong,2024-06-01,,trends-q4-mahjong-achat.json
acheter mahjong,2024-07-01,,trends-q4-mahjong-achat.json
acheter mahjong,2024-08-01,,trends-q4-mahjong-achat.json
acheter mahjong,2024-09-01,,trends-q4-mahjong-achat.json
acheter mahjong,2024-10-01,,trends-q4-mahjong-achat.json
acheter mahjong,2024-11-01,,trends-q4-mahjong-achat.json
acheter mahjong,2024-12-01,85,trends-q4-mahjong-achat.json
acheter mahjong,2025-01-01,,trends-q4-mahjong-achat.json
acheter mahjong,2025-02-01,,trends-q4-mahjong-achat.json
acheter mahjong,2025-03-01,,trends-q4-mahjong-achat.json
acheter mahjong,2025-04-01,,trends-q4-mahjong-achat.json
acheter mahjong,2025-05-01,,trends-q4-mahjong-achat.json
acheter mahjong,2025-06-01,,trends-q4-mahjong-achat.json
acheter mahjong,2025-07-01,,trends-q4-mahjong-achat.json
acheter mahjong,2025-08-01,,trends-q4-mahjong-achat.json
acheter mahjong,2025-09-01,,trends-q4-mahjong-achat.json
acheter mahjong,2025-10-01,,trends-q4-mahjong-achat.json
acheter mahjong,2025-11-01,,trends-q4-mahjong-achat.json
acheter mahjong,2025-12-01,100,trends-q4-mahjong-achat.json
acheter mahjong,2026-01-01,,trends-q4-mahjong-achat.json
acheter mahjong,2026-02-01,,trends-q4-mahjong-achat.json
acheter mahjong,2026-03-01,,trends-q4-mahjong-achat.json
acheter mahjong,2026-04-01,,trends-q4-mahjong-achat.json
acheter mahjong,2026-05-01,,trends-q4-mahjong-achat.json
acheter mahjong,2026-06-01,,trends-q4-mahjong-achat.json
acheter mahjong,2026-07-01,,trends-q4-mahjong-achat.json
acheter mahjong,2026-08-01,9,trends-q4-mahjong-achat.json
