terme,date,indice,source
crokinole,2021-01-01,48,trends-q4-crokinole.json
crokinole,2021-02-01,42,trends-q4-crokinole.json
crokinole,2021-03-01,30,trends-q4-crokinole.json
crokinole,2021-04-01,41,trends-q4-crokinole.json
crokinole,2021-05-01,42,trends-q4-crokinole.json
crokinole,2021-06-01,,trends-q4-crokinole.json
crokinole,2021-07-01,,trends-q4-crokinole.json
crokinole,2021-08-01,,trends-q4-crokinole.json
crokinole,2021-09-01,,trends-q4-crokinole.json
crokinole,2021-10-01,,trends-q4-crokinole.json
crokinole,2021-11-01,,trends-q4-crokinole.json
crokinole,2021-12-01,,trends-q4-crokinole.json
crokinole,2022-01-01,,trends-q4-crokinole.json
crokinole,2022-02-01,,trends-q4-crokinole.json
crokinole,2022-03-01,65,trends-q4-crokinole.json
crokinole,2022-04-01,57,trends-q4-crokinole.json
crokinole,2022-05-01,,trends-q4-crokinole.json
crokinole,2022-06-01,,trends-q4-crokinole.json
crokinole,2022-07-01,,trends-q4-crokinole.json
crokinole,2022-08-01,63,trends-q4-crokinole.json
crokinole,2022-09-01,,trends-q4-crokinole.json
crokinole,2022-10-01,44,trends-q4-crokinole.json
crokinole,2022-11-01,100,trends-q4-crokinole.json
crokinole,2022-12-01,69,trends-q4-crokinole.json
crokinole,2023-01-01,69,trends-q4-crokinole.json
crokinole,2023-02-01,42,trends-q4-crokinole.json
crokinole,2023-03-01,52,trends-q4-crokinole.json
crokinole,2023-04-01,56,trends-q4-crokinole.json
crokinole,2023-05-01,38,trends-q4-crokinole.json
crokinole,2023-06-01,,trends-q4-crokinole.json
crokinole,2023-07-01,58,trends-q4-crokinole.json
crokinole,2023-08-01,53,trends-q4-crokinole.json
crokinole,2023-09-01,,trends-q4-crokinole.json
crokinole,2023-10-01,,trends-q4-crokinole.json
crokinole,2023-11-01,51,trends-q4-crokinole.json
crokinole,2023-12-01,78,trends-q4-crokinole.json
crokinole,2024-01-01,,trends-q4-crokinole.json
crokinole,2024-02-01,46,trends-q4-crokinole.json
crokinole,2024-03-01,40,trends-q4-crokinole.json
crokinole,2024-04-01,,trends-q4-crokinole.json
crokinole,2024-05-01,43,trends-q4-crokinole.json
crokinole,2024-06-01,,trends-q4-crokinole.json
crokinole,2024-07-01,,trends-q4-crokinole.json
crokinole,2024-08-01,40,trends-q4-crokinole.json
crokinole,2024-09-01,,trends-q4-crokinole.json
crokinole,2024-10-01,,trends-q4-crokinole.json
crokinole,2024-11-01,41,trends-q4-crokinole.json
crokinole,2024-12-01,71,trends-q4-crokinole.json
crokinole,2025-01-01,70,trends-q4-crokinole.json
crokinole,2025-02-01,,trends-q4-crokinole.json
crokinole,2025-03-01,,trends-q4-crokinole.json
crokinole,2025-04-01,53,trends-q4-crokinole.json
crokinole,2025-05-01,42,trends-q4-crokinole.json
crokinole,2025-06-01,76,trends-q4-crokinole.json
crokinole,2025-07-01,41,trends-q4-crokinole.json
crokinole,2025-08-01,,trends-q4-crokinole.json
crokinole,2025-09-01,53,trends-q4-crokinole.json
crokinole,2025-10-01,,trends-q4-crokinole.json
crokinole,2025-11-01,,trends-q4-crokinole.json
crokinole,2025-12-01,59,trends-q4-crokinole.json
crokinole,2026-01-01,,trends-q4-crokinole.json
crokinole,2026-02-01,,trends-q4-crokinole.json
crokinole,2026-03-01,,trends-q4-crokinole.json
crokinole,2026-04-01,44,trends-q4-crokinole.json
crokinole,2026-05-01,49,trends-q4-crokinole.json
crokinole,2026-06-01,,trends-q4-crokinole.json
crokinole,2026-07-01,,trends-q4-crokinole.json
crokinole,2026-08-01,13,trends-q4-crokinole.json
hanten,2021-01-01,,trends-q4-hanten.json
hanten,2021-02-01,,trends-q4-hanten.json
hanten,2021-03-01,,trends-q4-hanten.json
hanten,2021-04-01,,trends-q4-hanten.json
hanten,2021-05-01,,trends-q4-hanten.json
hanten,2021-06-01,,trends-q4-hanten.json
hanten,2021-07-01,,trends-q4-hanten.json
hanten,2021-08-01,,trends-q4-hanten.json
hanten,2021-09-01,,trends-q4-hanten.json
hanten,2021-10-01,,trends-q4-hanten.json
hanten,2021-11-01,65,trends-q4-hanten.json
hanten,2021-12-01,70,trends-q4-hanten.json
hanten,2022-01-01,52,trends-q4-hanten.json
hanten,2022-02-01,,trends-q4-hanten.json
hanten,2022-03-01,,trends-q4-hanten.json
hanten,2022-04-01,,trends-q4-hanten.json
hanten,2022-05-01,,trends-q4-hanten.json
hanten,2022-06-01,,trends-q4-hanten.json
hanten,2022-07-01,,trends-q4-hanten.json
hanten,2022-08-01,,trends-q4-hanten.json
hanten,2022-09-01,,trends-q4-hanten.json
hanten,2022-10-01,,trends-q4-hanten.json
hanten,2022-11-01,64,trends-q4-hanten.json
hanten,2022-12-01,86,trends-q4-hanten.json
hanten,2023-01-01,50,trends-q4-hanten.json
hanten,2023-02-01,,trends-q4-hanten.json
hanten,2023-03-01,40,trends-q4-hanten.json
hanten,2023-04-01,47,trends-q4-hanten.json
hanten,2023-05-01,,trends-q4-hanten.json
hanten,2023-06-01,,trends-q4-hanten.json
hanten,2023-07-01,,trends-q4-hanten.json
hanten,2023-08-01,,trends-q4-hanten.json
hanten,2023-09-01,47,trends-q4-hanten.json
hanten,2023-10-01,46,trends-q4-hanten.json
hanten,2023-11-01,66,trends-q4-hanten.json
hanten,2023-12-01,60,trends-q4-hanten.json
hanten,2024-01-01,,trends-q4-hanten.json
hanten,2024-02-01,,trends-q4-hanten.json
hanten,2024-03-01,,trends-q4-hanten.json
hanten,2024-04-01,,trends-q4-hanten.json
hanten,2024-05-01,,trends-q4-hanten.json
hanten,2024-06-01,,trends-q4-hanten.json
hanten,2024-07-01,,trends-q4-hanten.json
hanten,2024-08-01,,trends-q4-hanten.json
hanten,2024-09-01,,trends-q4-hanten.json
hanten,2024-10-01,,trends-q4-hanten.json
hanten,2024-11-01,68,trends-q4-hanten.json
hanten,2024-12-01,50,trends-q4-hanten.json
hanten,2025-01-01,51,trends-q4-hanten.json
hanten,2025-02-01,,trends-q4-hanten.json
hanten,2025-03-01,59,trends-q4-hanten.json
hanten,2025-04-01,57,trends-q4-hanten.json
hanten,2025-05-01,,trends-q4-hanten.json
hanten,2025-06-01,,trends-q4-hanten.json
hanten,2025-07-01,61,trends-q4-hanten.json
hanten,2025-08-01,,trends-q4-hanten.json
hanten,2025-09-01,,trends-q4-hanten.json
hanten,2025-10-01,54,trends-q4-hanten.json
hanten,2025-11-01,76,trends-q4-hanten.json
hanten,2025-12-01,100,trends-q4-hanten.json
hanten,2026-01-01,75,trends-q4-hanten.json
hanten,2026-02-01,87,trends-q4-hanten.json
hanten,2026-03-01,,trends-q4-hanten.json
hanten,2026-04-01,,trends-q4-hanten.json
hanten,2026-05-01,,trends-q4-hanten.json
hanten,2026-06-01,,trends-q4-hanten.json
hanten,2026-07-01,,trends-q4-hanten.json
hanten,2026-08-01,9,trends-q4-hanten.json
carrom,2021-01-01,56,trends-q4-carrom.json
carrom,2021-02-01,49,trends-q4-carrom.json
carrom,2021-03-01,44,trends-q4-carrom.json
carrom,2021-04-01,46,trends-q4-carrom.json
carrom,2021-05-01,61,trends-q4-carrom.json
carrom,2021-06-01,43,trends-q4-carrom.json
carrom,2021-07-01,41,trends-q4-carrom.json
carrom,2021-08-01,42,trends-q4-carrom.json
carrom,2021-09-01,34,trends-q4-carrom.json
carrom,2021-10-01,39,trends-q4-carrom.json
carrom,2021-11-01,54,trends-q4-carrom.json
carrom,2021-12-01,78,trends-q4-carrom.json
carrom,2022-01-01,51,trends-q4-carrom.json
carrom,2022-02-01,59,trends-q4-carrom.json
carrom,2022-03-01,43,trends-q4-carrom.json
carrom,2022-04-01,41,trends-q4-carrom.json
carrom,2022-05-01,36,trends-q4-carrom.json
carrom,2022-06-01,41,trends-q4-carrom.json
carrom,2022-07-01,48,trends-q4-carrom.json
carrom,2022-08-01,59,trends-q4-carrom.json
carrom,2022-09-01,50,trends-q4-carrom.json
carrom,2022-10-01,45,trends-q4-carrom.json
carrom,2022-11-01,53,trends-q4-carrom.json
carrom,2022-12-01,100,trends-q4-carrom.json
carrom,2023-01-01,65,trends-q4-carrom.json
carrom,2023-02-01,49,trends-q4-carrom.json
carrom,2023-03-01,55,trends-q4-carrom.json
carrom,2023-04-01,52,trends-q4-carrom.json
carrom,2023-05-01,58,trends-q4-carrom.json
carrom,2023-06-01,41,trends-q4-carrom.json
carrom,2023-07-01,53,trends-q4-carrom.json
carrom,2023-08-01,77,trends-q4-carrom.json
carrom,2023-09-01,55,trends-q4-carrom.json
carrom,2023-10-01,47,trends-q4-carrom.json
carrom,2023-11-01,64,trends-q4-carrom.json
carrom,2023-12-01,78,trends-q4-carrom.json
carrom,2024-01-01,79,trends-q4-carrom.json
carrom,2024-02-01,51,trends-q4-carrom.json
carrom,2024-03-01,53,trends-q4-carrom.json
carrom,2024-04-01,59,trends-q4-carrom.json
carrom,2024-05-01,68,trends-q4-carrom.json
carrom,2024-06-01,54,trends-q4-carrom.json
carrom,2024-07-01,54,trends-q4-carrom.json
carrom,2024-08-01,59,trends-q4-carrom.json
carrom,2024-09-01,44,trends-q4-carrom.json
carrom,2024-10-01,59,trends-q4-carrom.json
carrom,2024-11-01,58,trends-q4-carrom.json
carrom,2024-12-01,86,trends-q4-carrom.json
carrom,2025-01-01,55,trends-q4-carrom.json
carrom,2025-02-01,51,trends-q4-carrom.json
carrom,2025-03-01,56,trends-q4-carrom.json
carrom,2025-04-01,56,trends-q4-carrom.json
carrom,2025-05-01,49,trends-q4-carrom.json
carrom,2025-06-01,49,trends-q4-carrom.json
carrom,2025-07-01,48,trends-q4-carrom.json
carrom,2025-08-01,70,trends-q4-carrom.json
carrom,2025-09-01,46,trends-q4-carrom.json
carrom,2025-10-01,43,trends-q4-carrom.json
carrom,2025-11-01,68,trends-q4-carrom.json
carrom,2025-12-01,74,trends-q4-carrom.json
carrom,2026-01-01,83,trends-q4-carrom.json
carrom,2026-02-01,61,trends-q4-carrom.json
carrom,2026-03-01,48,trends-q4-carrom.json
carrom,2026-04-01,51,trends-q4-carrom.json
carrom,2026-05-01,37,trends-q4-carrom.json
carrom,2026-06-01,42,trends-q4-carrom.json
carrom,2026-07-01,49,trends-q4-carrom.json
carrom,2026-08-01,57,trends-q4-carrom.json
harmonica chromatique,2021-01-01,78,trends-q4-harmonica-chromatique.json
harmonica chromatique,2021-02-01,76,trends-q4-harmonica-chromatique.json
harmonica chromatique,2021-03-01,64,trends-q4-harmonica-chromatique.json
harmonica chromatique,2021-04-01,63,trends-q4-harmonica-chromatique.json
harmonica chromatique,2021-05-01,53,trends-q4-harmonica-chromatique.json
harmonica chromatique,2021-06-01,47,trends-q4-harmonica-chromatique.json
harmonica chromatique,2021-07-01,67,trends-q4-harmonica-chromatique.json
harmonica chromatique,2021-08-01,67,trends-q4-harmonica-chromatique.json
harmonica chromatique,2021-09-01,61,trends-q4-harmonica-chromatique.json
harmonica chromatique,2021-10-01,49,trends-q4-harmonica-chromatique.json
harmonica chromatique,2021-11-01,63,trends-q4-harmonica-chromatique.json
harmonica chromatique,2021-12-01,96,trends-q4-harmonica-chromatique.json
harmonica chromatique,2022-01-01,49,trends-q4-harmonica-chromatique.json
harmonica chromatique,2022-02-01,59,trends-q4-harmonica-chromatique.json
harmonica chromatique,2022-03-01,44,trends-q4-harmonica-chromatique.json
harmonica chromatique,2022-04-01,45,trends-q4-harmonica-chromatique.json
harmonica chromatique,2022-05-01,43,trends-q4-harmonica-chromatique.json
harmonica chromatique,2022-06-01,50,trends-q4-harmonica-chromatique.json
harmonica chromatique,2022-07-01,37,trends-q4-harmonica-chromatique.json
harmonica chromatique,2022-08-01,52,trends-q4-harmonica-chromatique.json
harmonica chromatique,2022-09-01,51,trends-q4-harmonica-chromatique.json
harmonica chromatique,2022-10-01,51,trends-q4-harmonica-chromatique.json
harmonica chromatique,2022-11-01,53,trends-q4-harmonica-chromatique.json
harmonica chromatique,2022-12-01,93,trends-q4-harmonica-chromatique.json
harmonica chromatique,2023-01-01,60,trends-q4-harmonica-chromatique.json
harmonica chromatique,2023-02-01,76,trends-q4-harmonica-chromatique.json
harmonica chromatique,2023-03-01,67,trends-q4-harmonica-chromatique.json
harmonica chromatique,2023-04-01,30,trends-q4-harmonica-chromatique.json
harmonica chromatique,2023-05-01,63,trends-q4-harmonica-chromatique.json
harmonica chromatique,2023-06-01,51,trends-q4-harmonica-chromatique.json
harmonica chromatique,2023-07-01,44,trends-q4-harmonica-chromatique.json
harmonica chromatique,2023-08-01,65,trends-q4-harmonica-chromatique.json
harmonica chromatique,2023-09-01,43,trends-q4-harmonica-chromatique.json
harmonica chromatique,2023-10-01,48,trends-q4-harmonica-chromatique.json
harmonica chromatique,2023-11-01,68,trends-q4-harmonica-chromatique.json
harmonica chromatique,2023-12-01,74,trends-q4-harmonica-chromatique.json
harmonica chromatique,2024-01-01,90,trends-q4-harmonica-chromatique.json
harmonica chromatique,2024-02-01,33,trends-q4-harmonica-chromatique.json
harmonica chromatique,2024-03-01,65,trends-q4-harmonica-chromatique.json
harmonica chromatique,2024-04-01,58,trends-q4-harmonica-chromatique.json
harmonica chromatique,2024-05-01,42,trends-q4-harmonica-chromatique.json
harmonica chromatique,2024-06-01,44,trends-q4-harmonica-chromatique.json
harmonica chromatique,2024-07-01,23,trends-q4-harmonica-chromatique.json
harmonica chromatique,2024-08-01,42,trends-q4-harmonica-chromatique.json
harmonica chromatique,2024-09-01,39,trends-q4-harmonica-chromatique.json
harmonica chromatique,2024-10-01,50,trends-q4-harmonica-chromatique.json
harmonica chromatique,2024-11-01,50,trends-q4-harmonica-chromatique.json
harmonica chromatique,2024-12-01,88,trends-q4-harmonica-chromatique.json
harmonica chromatique,2025-01-01,59,trends-q4-harmonica-chromatique.json
harmonica chromatique,2025-02-01,61,trends-q4-harmonica-chromatique.json
harmonica chromatique,2025-03-01,52,trends-q4-harmonica-chromatique.json
harmonica chromatique,2025-04-01,43,trends-q4-harmonica-chromatique.json
harmonica chromatique,2025-05-01,37,trends-q4-harmonica-chromatique.json
harmonica chromatique,2025-06-01,44,trends-q4-harmonica-chromatique.json
harmonica chromatique,2025-07-01,39,trends-q4-harmonica-chromatique.json
harmonica chromatique,2025-08-01,45,trends-q4-harmonica-chromatique.json
harmonica chromatique,2025-09-01,43,trends-q4-harmonica-chromatique.json
harmonica chromatique,2025-10-01,67,trends-q4-harmonica-chromatique.json
harmonica chromatique,2025-11-01,57,trends-q4-harmonica-chromatique.json
harmonica chromatique,2025-12-01,100,trends-q4-harmonica-chromatique.json
harmonica chromatique,2026-01-01,42,trends-q4-harmonica-chromatique.json
harmonica chromatique,2026-02-01,64,trends-q4-harmonica-chromatique.json
harmonica chromatique,2026-03-01,,trends-q4-harmonica-chromatique.json
harmonica chromatique,2026-04-01,55,trends-q4-harmonica-chromatique.json
harmonica chromatique,2026-05-01,39,trends-q4-harmonica-chromatique.json
harmonica chromatique,2026-06-01,47,trends-q4-harmonica-chromatique.json
harmonica chromatique,2026-07-01,40,trends-q4-harmonica-chromatique.json
harmonica chromatique,2026-08-01,15,trends-q4-harmonica-chromatique.json
tambour chamanique,2021-01-01,61,trends-q4-tambour-chamanique.json
tambour chamanique,2021-02-01,61,trends-q4-tambour-chamanique.json
tambour chamanique,2021-03-01,57,trends-q4-tambour-chamanique.json
tambour chamanique,2021-04-01,72,trends-q4-tambour-chamanique.json
tambour chamanique,2021-05-01,80,trends-q4-tambour-chamanique.json
tambour chamanique,2021-06-01,68,trends-q4-tambour-chamanique.json
tambour chamanique,2021-07-01,66,trends-q4-tambour-chamanique.json
tambour chamanique,2021-08-01,75,trends-q4-tambour-chamanique.json
tambour chamanique,2021-09-01,81,trends-q4-tambour-chamanique.json
tambour chamanique,2021-10-01,74,trends-q4-tambour-chamanique.json
tambour chamanique,2021-11-01,80,trends-q4-tambour-chamanique.json
tambour chamanique,2021-12-01,71,trends-q4-tambour-chamanique.json
tambour chamanique,2022-01-01,80,trends-q4-tambour-chamanique.json
tambour chamanique,2022-02-01,85,trends-q4-tambour-chamanique.json
tambour chamanique,2022-03-01,91,trends-q4-tambour-chamanique.json
tambour chamanique,2022-04-01,90,trends-q4-tambour-chamanique.json
tambour chamanique,2022-05-01,93,trends-q4-tambour-chamanique.json
tambour chamanique,2022-06-01,90,trends-q4-tambour-chamanique.json
tambour chamanique,2022-07-01,85,trends-q4-tambour-chamanique.json
tambour chamanique,2022-08-01,100,trends-q4-tambour-chamanique.json
tambour chamanique,2022-09-01,78,trends-q4-tambour-chamanique.json
tambour chamanique,2022-10-01,81,trends-q4-tambour-chamanique.json
tambour chamanique,2022-11-01,91,trends-q4-tambour-chamanique.json
tambour chamanique,2022-12-01,89,trends-q4-tambour-chamanique.json
tambour chamanique,2023-01-01,90,trends-q4-tambour-chamanique.json
tambour chamanique,2023-02-01,95,trends-q4-tambour-chamanique.json
tambour chamanique,2023-03-01,94,trends-q4-tambour-chamanique.json
tambour chamanique,2023-04-01,85,trends-q4-tambour-chamanique.json
tambour chamanique,2023-05-01,82,trends-q4-tambour-chamanique.json
tambour chamanique,2023-06-01,90,trends-q4-tambour-chamanique.json
tambour chamanique,2023-07-01,72,trends-q4-tambour-chamanique.json
tambour chamanique,2023-08-01,67,trends-q4-tambour-chamanique.json
tambour chamanique,2023-09-01,88,trends-q4-tambour-chamanique.json
tambour chamanique,2023-10-01,91,trends-q4-tambour-chamanique.json
tambour chamanique,2023-11-01,81,trends-q4-tambour-chamanique.json
tambour chamanique,2023-12-01,78,trends-q4-tambour-chamanique.json
tambour chamanique,2024-01-01,67,trends-q4-tambour-chamanique.json
tambour chamanique,2024-02-01,70,trends-q4-tambour-chamanique.json
tambour chamanique,2024-03-01,73,trends-q4-tambour-chamanique.json
tambour chamanique,2024-04-01,71,trends-q4-tambour-chamanique.json
tambour chamanique,2024-05-01,55,trends-q4-tambour-chamanique.json
tambour chamanique,2024-06-01,55,trends-q4-tambour-chamanique.json
tambour chamanique,2024-07-01,58,trends-q4-tambour-chamanique.json
tambour chamanique,2024-08-01,59,trends-q4-tambour-chamanique.json
tambour chamanique,2024-09-01,59,trends-q4-tambour-chamanique.json
tambour chamanique,2024-10-01,66,trends-q4-tambour-chamanique.json
tambour chamanique,2024-11-01,66,trends-q4-tambour-chamanique.json
tambour chamanique,2024-12-01,59,trends-q4-tambour-chamanique.json
tambour chamanique,2025-01-01,43,trends-q4-tambour-chamanique.json
tambour chamanique,2025-02-01,49,trends-q4-tambour-chamanique.json
tambour chamanique,2025-03-01,60,trends-q4-tambour-chamanique.json
tambour chamanique,2025-04-01,68,trends-q4-tambour-chamanique.json
tambour chamanique,2025-05-01,64,trends-q4-tambour-chamanique.json
tambour chamanique,2025-06-01,48,trends-q4-tambour-chamanique.json
tambour chamanique,2025-07-01,53,trends-q4-tambour-chamanique.json
tambour chamanique,2025-08-01,53,trends-q4-tambour-chamanique.json
tambour chamanique,2025-09-01,48,trends-q4-tambour-chamanique.json
tambour chamanique,2025-10-01,49,trends-q4-tambour-chamanique.json
tambour chamanique,2025-11-01,55,trends-q4-tambour-chamanique.json
tambour chamanique,2025-12-01,39,trends-q4-tambour-chamanique.json
tambour chamanique,2026-01-01,35,trends-q4-tambour-chamanique.json
tambour chamanique,2026-02-01,39,trends-q4-tambour-chamanique.json
tambour chamanique,2026-03-01,47,trends-q4-tambour-chamanique.json
tambour chamanique,2026-04-01,43,trends-q4-tambour-chamanique.json
tambour chamanique,2026-05-01,35,trends-q4-tambour-chamanique.json
tambour chamanique,2026-06-01,37,trends-q4-tambour-chamanique.json
tambour chamanique,2026-07-01,37,trends-q4-tambour-chamanique.json
tambour chamanique,2026-08-01,40,trends-q4-tambour-chamanique.json
châle cachemire,2021-01-01,,trends-q4-chale-cachemire.json
châle cachemire,2021-02-01,,trends-q4-chale-cachemire.json
châle cachemire,2021-03-01,,trends-q4-chale-cachemire.json
châle cachemire,2021-04-01,78,trends-q4-chale-cachemire.json
châle cachemire,2021-05-01,59,trends-q4-chale-cachemire.json
châle cachemire,2021-06-01,,trends-q4-chale-cachemire.json
châle cachemire,2021-07-01,,trends-q4-chale-cachemire.json
châle cachemire,2021-08-01,,trends-q4-chale-cachemire.json
châle cachemire,2021-09-01,78,trends-q4-chale-cachemire.json
châle cachemire,2021-10-01,,trends-q4-chale-cachemire.json
châle cachemire,2021-11-01,69,trends-q4-chale-cachemire.json
châle cachemire,2021-12-01,,trends-q4-chale-cachemire.json
châle cachemire,2022-01-01,,trends-q4-chale-cachemire.json
châle cachemire,2022-02-01,,trends-q4-chale-cachemire.json
châle cachemire,2022-03-01,,trends-q4-chale-cachemire.json
châle cachemire,2022-04-01,,trends-q4-chale-cachemire.json
châle cachemire,2022-05-01,,trends-q4-chale-cachemire.json
châle cachemire,2022-06-01,,trends-q4-chale-cachemire.json
châle cachemire,2022-07-01,,trends-q4-chale-cachemire.json
châle cachemire,2022-08-01,,trends-q4-chale-cachemire.json
châle cachemire,2022-09-01,,trends-q4-chale-cachemire.json
châle cachemire,2022-10-01,67,trends-q4-chale-cachemire.json
châle cachemire,2022-11-01,100,trends-q4-chale-cachemire.json
châle cachemire,2022-12-01,59,trends-q4-chale-cachemire.json
châle cachemire,2023-01-01,74,trends-q4-chale-cachemire.json
châle cachemire,2023-02-01,,trends-q4-chale-cachemire.json
châle cachemire,2023-03-01,,trends-q4-chale-cachemire.json
châle cachemire,2023-04-01,,trends-q4-chale-cachemire.json
châle cachemire,2023-05-01,58,trends-q4-chale-cachemire.json
châle cachemire,2023-06-01,,trends-q4-chale-cachemire.json
châle cachemire,2023-07-01,,trends-q4-chale-cachemire.json
châle cachemire,2023-08-01,,trends-q4-chale-cachemire.json
châle cachemire,2023-09-01,,trends-q4-chale-cachemire.json
châle cachemire,2023-10-01,85,trends-q4-chale-cachemire.json
châle cachemire,2023-11-01,75,trends-q4-chale-cachemire.json
châle cachemire,2023-12-01,,trends-q4-chale-cachemire.json
châle cachemire,2024-01-01,,trends-q4-chale-cachemire.json
châle cachemire,2024-02-01,,trends-q4-chale-cachemire.json
châle cachemire,2024-03-01,,trends-q4-chale-cachemire.json
châle cachemire,2024-04-01,,trends-q4-chale-cachemire.json
châle cachemire,2024-05-01,,trends-q4-chale-cachemire.json
châle cachemire,2024-06-01,,trends-q4-chale-cachemire.json
châle cachemire,2024-07-01,,trends-q4-chale-cachemire.json
châle cachemire,2024-08-01,,trends-q4-chale-cachemire.json
châle cachemire,2024-09-01,,trends-q4-chale-cachemire.json
châle cachemire,2024-10-01,,trends-q4-chale-cachemire.json
châle cachemire,2024-11-01,,trends-q4-chale-cachemire.json
châle cachemire,2024-12-01,,trends-q4-chale-cachemire.json
châle cachemire,2025-01-01,,trends-q4-chale-cachemire.json
châle cachemire,2025-02-01,,trends-q4-chale-cachemire.json
châle cachemire,2025-03-01,,trends-q4-chale-cachemire.json
châle cachemire,2025-04-01,,trends-q4-chale-cachemire.json
châle cachemire,2025-05-01,,trends-q4-chale-cachemire.json
châle cachemire,2025-06-01,,trends-q4-chale-cachemire.json
châle cachemire,2025-07-01,,trends-q4-chale-cachemire.json
châle cachemire,2025-08-01,,trends-q4-chale-cachemire.json
châle cachemire,2025-09-01,,trends-q4-chale-cachemire.json
châle cachemire,2025-10-01,,trends-q4-chale-cachemire.json
châle cachemire,2025-11-01,,trends-q4-chale-cachemire.json
châle cachemire,2025-12-01,94,trends-q4-chale-cachemire.json
châle cachemire,2026-01-01,,trends-q4-chale-cachemire.json
châle cachemire,2026-02-01,,trends-q4-chale-cachemire.json
châle cachemire,2026-03-01,,trends-q4-chale-cachemire.json
châle cachemire,2026-04-01,,trends-q4-chale-cachemire.json
châle cachemire,2026-05-01,,trends-q4-chale-cachemire.json
châle cachemire,2026-06-01,,trends-q4-chale-cachemire.json
châle cachemire,2026-07-01,,trends-q4-chale-cachemire.json
châle cachemire,2026-08-01,9,trends-q4-chale-cachemire.json
poncho laine,2021-01-01,51,trends-q4-poncho-laine.json
poncho laine,2021-02-01,30,trends-q4-poncho-laine.json
poncho laine,2021-03-01,17,trends-q4-poncho-laine.json
poncho laine,2021-04-01,13,trends-q4-poncho-laine.json
poncho laine,2021-05-01,15,trends-q4-poncho-laine.json
poncho laine,2021-06-01,10,trends-q4-poncho-laine.json
poncho laine,2021-07-01,14,trends-q4-poncho-laine.json
poncho laine,2021-08-01,18,trends-q4-poncho-laine.json
poncho laine,2021-09-01,44,trends-q4-poncho-laine.json
poncho laine,2021-10-01,58,trends-q4-poncho-laine.json
poncho laine,2021-11-01,76,trends-q4-poncho-laine.json
poncho laine,2021-12-01,63,trends-q4-poncho-laine.json
poncho laine,2022-01-01,31,trends-q4-poncho-laine.json
poncho laine,2022-02-01,17,trends-q4-poncho-laine.json
poncho laine,2022-03-01,15,trends-q4-poncho-laine.json
poncho laine,2022-04-01,10,trends-q4-poncho-laine.json
poncho laine,2022-05-01,7,trends-q4-poncho-laine.json
poncho laine,2022-06-01,8,trends-q4-poncho-laine.json
poncho laine,2022-07-01,10,trends-q4-poncho-laine.json
poncho laine,2022-08-01,14,trends-q4-poncho-laine.json
poncho laine,2022-09-01,55,trends-q4-poncho-laine.json
poncho laine,2022-10-01,74,trends-q4-poncho-laine.json
poncho laine,2022-11-01,94,trends-q4-poncho-laine.json
poncho laine,2022-12-01,100,trends-q4-poncho-laine.json
poncho laine,2023-01-01,35,trends-q4-poncho-laine.json
poncho laine,2023-02-01,24,trends-q4-poncho-laine.json
poncho laine,2023-03-01,19,trends-q4-poncho-laine.json
poncho laine,2023-04-01,15,trends-q4-poncho-laine.json
poncho laine,2023-05-01,10,trends-q4-poncho-laine.json
poncho laine,2023-06-01,,trends-q4-poncho-laine.json
poncho laine,2023-07-01,7,trends-q4-poncho-laine.json
poncho laine,2023-08-01,18,trends-q4-poncho-laine.json
poncho laine,2023-09-01,30,trends-q4-poncho-laine.json
poncho laine,2023-10-01,49,trends-q4-poncho-laine.json
poncho laine,2023-11-01,68,trends-q4-poncho-laine.json
poncho laine,2023-12-01,58,trends-q4-poncho-laine.json
poncho laine,2024-01-01,35,trends-q4-poncho-laine.json
poncho laine,2024-02-01,15,trends-q4-poncho-laine.json
poncho laine,2024-03-01,17,trends-q4-poncho-laine.json
poncho laine,2024-04-01,12,trends-q4-poncho-laine.json
poncho laine,2024-05-01,6,trends-q4-poncho-laine.json
poncho laine,2024-06-01,7,trends-q4-poncho-laine.json
poncho laine,2024-07-01,,trends-q4-poncho-laine.json
poncho laine,2024-08-01,16,trends-q4-poncho-laine.json
poncho laine,2024-09-01,33,trends-q4-poncho-laine.json
poncho laine,2024-10-01,46,trends-q4-poncho-laine.json
poncho laine,2024-11-01,53,trends-q4-poncho-laine.json
poncho laine,2024-12-01,60,trends-q4-poncho-laine.json
poncho laine,2025-01-01,30,trends-q4-poncho-laine.json
poncho laine,2025-02-01,18,trends-q4-poncho-laine.json
poncho laine,2025-03-01,11,trends-q4-poncho-laine.json
poncho laine,2025-04-01,8,trends-q4-poncho-laine.json
poncho laine,2025-05-01,8,trends-q4-poncho-laine.json
poncho laine,2025-06-01,,trends-q4-poncho-laine.json
poncho laine,2025-07-01,7,trends-q4-poncho-laine.json
poncho laine,2025-08-01,22,trends-q4-poncho-laine.json
poncho laine,2025-09-01,40,trends-q4-poncho-laine.json
poncho laine,2025-10-01,38,trends-q4-poncho-laine.json
poncho laine,2025-11-01,54,trends-q4-poncho-laine.json
poncho laine,2025-12-01,52,trends-q4-poncho-laine.json
poncho laine,2026-01-01,23,trends-q4-poncho-laine.json
poncho laine,2026-02-01,17,trends-q4-poncho-laine.json
poncho laine,2026-03-01,15,trends-q4-poncho-laine.json
poncho laine,2026-04-01,,trends-q4-poncho-laine.json
poncho laine,2026-05-01,10,trends-q4-poncho-laine.json
poncho laine,2026-06-01,10,trends-q4-poncho-laine.json
poncho laine,2026-07-01,,trends-q4-poncho-laine.json
poncho laine,2026-08-01,18,trends-q4-poncho-laine.json
peignoir homme,2021-01-01,36,trends-q4-peignoir-homme.json
peignoir homme,2021-02-01,33,trends-q4-peignoir-homme.json
peignoir homme,2021-03-01,20,trends-q4-peignoir-homme.json
peignoir homme,2021-04-01,21,trends-q4-peignoir-homme.json
peignoir homme,2021-05-01,19,trends-q4-peignoir-homme.json
peignoir homme,2021-06-01,18,trends-q4-peignoir-homme.json
peignoir homme,2021-07-01,14,trends-q4-peignoir-homme.json
peignoir homme,2021-08-01,16,trends-q4-peignoir-homme.json
peignoir homme,2021-09-01,19,trends-q4-peignoir-homme.json
peignoir homme,2021-10-01,28,trends-q4-peignoir-homme.json
peignoir homme,2021-11-01,71,trends-q4-peignoir-homme.json
peignoir homme,2021-12-01,96,trends-q4-peignoir-homme.json
peignoir homme,2022-01-01,30,trends-q4-peignoir-homme.json
peignoir homme,2022-02-01,25,trends-q4-peignoir-homme.json
peignoir homme,2022-03-01,15,trends-q4-peignoir-homme.json
peignoir homme,2022-04-01,16,trends-q4-peignoir-homme.json
peignoir homme,2022-05-01,15,trends-q4-peignoir-homme.json
peignoir homme,2022-06-01,17,trends-q4-peignoir-homme.json
peignoir homme,2022-07-01,12,trends-q4-peignoir-homme.json
peignoir homme,2022-08-01,14,trends-q4-peignoir-homme.json
peignoir homme,2022-09-01,22,trends-q4-peignoir-homme.json
peignoir homme,2022-10-01,28,trends-q4-peignoir-homme.json
peignoir homme,2022-11-01,70,trends-q4-peignoir-homme.json
peignoir homme,2022-12-01,100,trends-q4-peignoir-homme.json
peignoir homme,2023-01-01,30,trends-q4-peignoir-homme.json
peignoir homme,2023-02-01,22,trends-q4-peignoir-homme.json
peignoir homme,2023-03-01,15,trends-q4-peignoir-homme.json
peignoir homme,2023-04-01,17,trends-q4-peignoir-homme.json
peignoir homme,2023-05-01,15,trends-q4-peignoir-homme.json
peignoir homme,2023-06-01,16,trends-q4-peignoir-homme.json
peignoir homme,2023-07-01,14,trends-q4-peignoir-homme.json
peignoir homme,2023-08-01,14,trends-q4-peignoir-homme.json
peignoir homme,2023-09-01,13,trends-q4-peignoir-homme.json
peignoir homme,2023-10-01,23,trends-q4-peignoir-homme.json
peignoir homme,2023-11-01,62,trends-q4-peignoir-homme.json
peignoir homme,2023-12-01,78,trends-q4-peignoir-homme.json
peignoir homme,2024-01-01,22,trends-q4-peignoir-homme.json
peignoir homme,2024-02-01,18,trends-q4-peignoir-homme.json
peignoir homme,2024-03-01,13,trends-q4-peignoir-homme.json
peignoir homme,2024-04-01,12,trends-q4-peignoir-homme.json
peignoir homme,2024-05-01,11,trends-q4-peignoir-homme.json
peignoir homme,2024-06-01,14,trends-q4-peignoir-homme.json
peignoir homme,2024-07-01,10,trends-q4-peignoir-homme.json
peignoir homme,2024-08-01,11,trends-q4-peignoir-homme.json
peignoir homme,2024-09-01,17,trends-q4-peignoir-homme.json
peignoir homme,2024-10-01,22,trends-q4-peignoir-homme.json
peignoir homme,2024-11-01,52,trends-q4-peignoir-homme.json
peignoir homme,2024-12-01,74,trends-q4-peignoir-homme.json
peignoir homme,2025-01-01,24,trends-q4-peignoir-homme.json
peignoir homme,2025-02-01,18,trends-q4-peignoir-homme.json
peignoir homme,2025-03-01,11,trends-q4-peignoir-homme.json
peignoir homme,2025-04-01,11,trends-q4-peignoir-homme.json
peignoir homme,2025-05-01,13,trends-q4-peignoir-homme.json
peignoir homme,2025-06-01,14,trends-q4-peignoir-homme.json
peignoir homme,2025-07-01,11,trends-q4-peignoir-homme.json
peignoir homme,2025-08-01,12,trends-q4-peignoir-homme.json
peignoir homme,2025-09-01,18,trends-q4-peignoir-homme.json
peignoir homme,2025-10-01,25,trends-q4-peignoir-homme.json
peignoir homme,2025-11-01,60,trends-q4-peignoir-homme.json
peignoir homme,2025-12-01,75,trends-q4-peignoir-homme.json
peignoir homme,2026-01-01,24,trends-q4-peignoir-homme.json
peignoir homme,2026-02-01,19,trends-q4-peignoir-homme.json
peignoir homme,2026-03-01,15,trends-q4-peignoir-homme.json
peignoir homme,2026-04-01,13,trends-q4-peignoir-homme.json
peignoir homme,2026-05-01,16,trends-q4-peignoir-homme.json
peignoir homme,2026-06-01,15,trends-q4-peignoir-homme.json
peignoir homme,2026-07-01,10,trends-q4-peignoir-homme.json
peignoir homme,2026-08-01,14,trends-q4-peignoir-homme.json
