keyword,location_code,language_code,search_volume,cpc_usd,low_bid_usd,high_bid_usd,source
gong,2250,fr,22200,0.36,0.15,1.61,volumes-nouvelles-graines-fr.json
harpe lyre,2250,fr,320,0.53,0.17,0.92,volumes-nouvelles-graines-fr.json
mannequin wing chun,2250,fr,110,0.09,0.09,0.35,volumes-nouvelles-graines-fr.json
presse à repasser,2250,fr,590,0.51,0.18,1.38,volumes-nouvelles-graines-fr.json
chevalet de peinture,2250,fr,720,0.51,0.15,0.6,volumes-nouvelles-graines-fr.json
chevalet atelier,2250,fr,210,0.57,0.28,1.03,volumes-nouvelles-graines-fr.json
pupitre orchestre,2250,fr,70,0.46,0.12,0.4,volumes-nouvelles-graines-fr.json
accordéon diatonique,2250,fr,4400,0.23,0.03,0.48,volumes-nouvelles-graines-fr.json
ukulele tenor,2250,fr,320,0.32,0.11,0.3,volumes-nouvelles-graines-fr.json
kalimba chromatique,2250,fr,50,0.36,0.14,0.47,volumes-nouvelles-graines-fr.json
cajon,2250,fr,8100,0.36,0.09,0.3,volumes-nouvelles-graines-fr.json
harmonium,2250,fr,5400,0.17,0.19,1.37,volumes-nouvelles-graines-fr.json
bol chantant cristal,2250,fr,720,1.43,0.3,1.93,volumes-nouvelles-graines-fr.json
banc de méditation,2250,fr,480,0.35,0.12,1.06,volumes-nouvelles-graines-fr.json
coussin méditation,2250,fr,210,0.43,0.12,0.93,volumes-nouvelles-graines-fr.json
tapis acupression,2250,fr,6600,0.44,0.18,1.02,volumes-nouvelles-graines-fr.json
coussin de lecture,2250,fr,9900,0.34,0.11,0.58,volumes-nouvelles-graines-fr.json
chaise de méditation,2250,fr,210,0.25,0.17,1.04,volumes-nouvelles-graines-fr.json
siège assis genoux,2250,fr,720,0.85,0.53,1.6,volumes-nouvelles-graines-fr.json
tabouret selle,2250,fr,210,1.6,0.43,1.58,volumes-nouvelles-graines-fr.json
chaise ergonomique enfant,2250,fr,,,,,volumes-nouvelles-graines-fr.json
repose pieds bureau,2250,fr,5400,0.57,0.14,1.31,volumes-nouvelles-graines-fr.json
rehausseur écran bureau,2250,fr,210,0.36,0.15,1.21,volumes-nouvelles-graines-fr.json
vitrine miniature,2250,fr,480,0.53,0.54,3.01,volumes-nouvelles-graines-fr.json
vitrine collection,2250,fr,1000,0.31,0.11,0.73,volumes-nouvelles-graines-fr.json
boite à bijoux,2250,fr,12100,0.85,0.31,1.41,volumes-nouvelles-graines-fr.json
coffret montre,2250,fr,1600,1.02,0.28,1,volumes-nouvelles-graines-fr.json
malle rangement,2250,fr,1000,0.37,0.15,0.62,volumes-nouvelles-graines-fr.json
valet de chambre,2250,fr,14800,0.35,0.15,0.63,volumes-nouvelles-graines-fr.json
porte manteau mural,2250,fr,33100,0.4,0.13,0.57,volumes-nouvelles-graines-fr.json
miroir barbier,2250,fr,720,0.47,0.31,1.1,volumes-nouvelles-graines-fr.json
miroir maquillage,2250,fr,2400,0.35,0.12,0.86,volumes-nouvelles-graines-fr.json
lampe loupe,2250,fr,2400,0.75,0.17,1.17,volumes-nouvelles-graines-fr.json
lampe architecte,2250,fr,880,0.62,0.35,2.11,volumes-nouvelles-graines-fr.json
table à dessin,2250,fr,2900,0.3,0.15,0.79,volumes-nouvelles-graines-fr.json
table lumineuse dessin,2250,fr,6600,0.23,0.1,0.27,volumes-nouvelles-graines-fr.json
machine à relier,2250,fr,720,0.35,0.1,0.82,volumes-nouvelles-graines-fr.json
massicot papier,2250,fr,2900,0.4,0.12,1.05,volumes-nouvelles-graines-fr.json
plastifieuse a3,2250,fr,2900,0.69,0.18,1.89,volumes-nouvelles-graines-fr.json
presse à fleurs,2250,fr,210,0.16,0.07,0.31,volumes-nouvelles-graines-fr.json
presse à chaud,2250,fr,880,1.36,0.35,2.01,volumes-nouvelles-graines-fr.json
machine à broder,2250,fr,1600,0.49,0.09,0.91,volumes-nouvelles-graines-fr.json
enrouleur tuyau air,2250,fr,170,0.66,0.15,0.87,volumes-nouvelles-graines-fr.json
pompe bassin,2250,fr,4400,0.38,0.13,0.51,volumes-nouvelles-graines-fr.json
cascade bassin,2250,fr,1000,0.23,0.12,0.54,volumes-nouvelles-graines-fr.json
aspirateur bassin,2250,fr,1000,0.61,0.11,0.52,volumes-nouvelles-graines-fr.json
écumeur bassin,2250,fr,90,0.2,0.14,0.32,volumes-nouvelles-graines-fr.json
chauffe serviette barbier,2250,fr,70,0.79,0.22,0.92,volumes-nouvelles-graines-fr.json
stérilisateur outils coiffure,2250,fr,,,,,volumes-nouvelles-graines-fr.json
distillateur eau,2250,fr,880,0.9,0.15,1.18,volumes-nouvelles-graines-fr.json
pressoir fruits,2250,fr,390,0.62,0.25,1.19,volumes-nouvelles-graines-fr.json
fumoir viande,2250,fr,320,0.28,0.11,0.61,volumes-nouvelles-graines-fr.json
hachoir à viande,2250,fr,4400,0.43,0.11,0.81,volumes-nouvelles-graines-fr.json
mélangeur viande,2250,fr,260,1,0.21,0.91,volumes-nouvelles-graines-fr.json
poussoir saucisse,2250,fr,1300,0.73,0.16,0.88,volumes-nouvelles-graines-fr.json
machine à pâtes électrique,2250,fr,1600,0.21,0.09,0.34,volumes-nouvelles-graines-fr.json
batteuse beurre,2250,fr,,,,,volumes-nouvelles-graines-fr.json
moulin à grains,2250,fr,90,0.41,0.19,1.01,volumes-nouvelles-graines-fr.json
moulin malt,2250,fr,50,0.28,0.28,0.84,volumes-nouvelles-graines-fr.json
lave bouteille,2250,fr,390,0.5,0.19,2.41,volumes-nouvelles-graines-fr.json
séchoir pâtes,2250,fr,260,0.23,0.09,0.54,volumes-nouvelles-graines-fr.json
fontaine chocolat,2250,fr,5400,0.39,0.09,0.63,volumes-nouvelles-graines-fr.json
machine barbe à papa,2250,fr,1900,0.52,0.11,0.94,volumes-nouvelles-graines-fr.json
distributeur céréales,2250,fr,880,0.31,0.11,1.44,volumes-nouvelles-graines-fr.json
chafing dish,2250,fr,5400,1.13,0.42,2.1,volumes-nouvelles-graines-fr.json
seau champagne lumineux,2250,fr,140,0.3,0.1,0.48,volumes-nouvelles-graines-fr.json
plateau tournant poterie,2250,fr,170,0.14,0.06,0.29,volumes-nouvelles-graines-fr.json
tumbler polissage,2250,fr,40,0.42,0.16,0.82,volumes-nouvelles-graines-fr.json
chambre dégazage,2250,fr,,,,,volumes-nouvelles-graines-fr.json
pot pression résine,2250,fr,,,,,volumes-nouvelles-graines-fr.json
presse découpe cuir,2250,fr,50,0.57,0.11,1.2,volumes-nouvelles-graines-fr.json
machine embossage cuir,2250,fr,30,0.69,0.13,1.94,volumes-nouvelles-graines-fr.json
fer à marquer bois,2250,fr,170,0.43,0.28,0.86,volumes-nouvelles-graines-fr.json
maroquinerie couture pince,2250,fr,,,,,volumes-nouvelles-graines-fr.json
sacoche vélo cuir,2250,fr,170,0.31,0.17,0.7,volumes-nouvelles-graines-fr.json
sacoche réservoir moto,2250,fr,320,0.27,0.1,0.26,volumes-nouvelles-graines-fr.json
sac selle moto,2250,fr,260,0.36,0.13,0.34,volumes-nouvelles-graines-fr.json
valise moto aluminium,2250,fr,70,0.3,0.19,0.45,volumes-nouvelles-graines-fr.json
coffre bateau,2250,fr,170,0.26,0.08,0.4,volumes-nouvelles-graines-fr.json
échelle bateau,2250,fr,590,0.4,0.09,0.39,volumes-nouvelles-graines-fr.json
volant bateau,2250,fr,1600,0.29,0.1,0.66,volumes-nouvelles-graines-fr.json
table camping pliante,2250,fr,6600,0.21,0.08,0.31,volumes-nouvelles-graines-fr.json
cuisine camping,2250,fr,880,0.27,0.07,0.33,volumes-nouvelles-graines-fr.json
douche camping,2250,fr,4400,0.18,0.1,0.27,volumes-nouvelles-graines-fr.json
lit de camp,2250,fr,12100,0.2,0.06,0.27,volumes-nouvelles-graines-fr.json
tente douche,2250,fr,1000,0.21,0.1,0.29,volumes-nouvelles-graines-fr.json
tente pêche,2250,fr,480,0.38,0.09,0.4,volumes-nouvelles-graines-fr.json
parapluie pêche,2250,fr,140,0.2,0.04,0.35,volumes-nouvelles-graines-fr.json
tufting,2250,fr,12100,1.62,0.57,2.83,volumes-nouvelles-graines-fr.json
tambour chamanique,2250,fr,2900,0.41,0.19,0.57,volumes-instruments-et-esthetique-fr.json
tambour chamanique acheter,2250,fr,40,0.39,0.11,0.45,volumes-instruments-et-esthetique-fr.json
tambour chamanique 40 cm,2250,fr,10,0.57,0.18,0.59,volumes-instruments-et-esthetique-fr.json
shruti box,2250,fr,1300,0.3,0.18,0.79,volumes-instruments-et-esthetique-fr.json
shruti box acheter,2250,fr,,,,,volumes-instruments-et-esthetique-fr.json
duduk,2250,fr,3600,0.27,0.21,0.69,volumes-instruments-et-esthetique-fr.json
doudouk,2250,fr,880,0.11,0.15,0.5,volumes-instruments-et-esthetique-fr.json
duduk instrument,2250,fr,880,0.16,0.1,0.39,volumes-instruments-et-esthetique-fr.json
ocarina double,2250,fr,70,0.29,0.21,0.56,volumes-instruments-et-esthetique-fr.json
ocarina triple,2250,fr,20,,,,volumes-instruments-et-esthetique-fr.json
gong méditation,2250,fr,10,1.18,,,volumes-instruments-et-esthetique-fr.json
gong acheter,2250,fr,40,0.72,0.19,0.66,volumes-instruments-et-esthetique-fr.json
bol tibétain 20 cm,2250,fr,30,0.35,0.22,0.79,volumes-instruments-et-esthetique-fr.json
bol tibétain 15 cm,2250,fr,10,0.37,0.1,0.58,volumes-instruments-et-esthetique-fr.json
bol chantant cristal,2250,fr,720,1.43,0.3,1.93,volumes-instruments-et-esthetique-fr.json
chaise de sol japonaise,2250,fr,110,0.19,,,volumes-instruments-et-esthetique-fr.json
chauffe serviette professionnel,2250,fr,40,0.48,0.22,0.83,volumes-instruments-et-esthetique-fr.json
lampe ongle demi lune,2250,fr,10,0.28,,,volumes-instruments-et-esthetique-fr.json
lampe demi lune ongle,2250,fr,170,0.64,0.17,0.69,volumes-instruments-et-esthetique-fr.json
lampe extension de cils,2250,fr,320,1.01,0.24,1.19,volumes-instruments-et-esthetique-fr.json
lampe esthetique,2250,fr,260,0.66,0.16,1.16,volumes-instruments-et-esthetique-fr.json
lampe esthéticienne,2250,fr,110,0.81,0.16,0.98,volumes-instruments-et-esthetique-fr.json
reloj flip,2724,es,480,0.08,0.06,0.23,volumes-europe-es.json
marco camiseta,2724,es,140,0.26,0.08,1.1,volumes-europe-es.json
urna funeraria,2724,es,880,0.36,0.11,1.42,volumes-europe-es.json
cuenco tibetano,2724,es,4400,0.26,0.07,0.31,volumes-europe-es.json
tambor chamanico,2724,es,480,0.58,0.11,0.75,volumes-europe-es.json
lampara media luna uñas,2724,es,,,,,volumes-europe-es.json
silla suelo japonesa,2724,es,10,0.13,,,volumes-europe-es.json
chambre à vide,2250,fr,170,1.11,0.26,4.03,volumes-techniques-jeux-fr.json
chambre de dégazage,2250,fr,10,1.16,,,volumes-techniques-jeux-fr.json
cuve sous pression résine,2250,fr,,,,,volumes-techniques-jeux-fr.json
polisseuse bijoux,2250,fr,320,0.73,0.19,1.06,volumes-techniques-jeux-fr.json
tonneau à polir,2250,fr,140,0.57,0.16,1.22,volumes-techniques-jeux-fr.json
plumeuse poulet,2250,fr,480,0.83,0.09,0.79,volumes-techniques-jeux-fr.json
machine à badge,2250,fr,1900,0.5,0.09,0.98,volumes-techniques-jeux-fr.json
machine à embosser,2250,fr,480,0.23,0.09,0.52,volumes-techniques-jeux-fr.json
presse à chaud cuir,2250,fr,10,2.15,1.2,3.91,volumes-techniques-jeux-fr.json
machine dorure à chaud,2250,fr,20,0.07,,,volumes-techniques-jeux-fr.json
agrafeuse électrique,2250,fr,5400,0.29,0.1,0.72,volumes-techniques-jeux-fr.json
relieuse thermique,2250,fr,590,0.62,0.16,1.38,volumes-techniques-jeux-fr.json
massicot électrique,2250,fr,70,1.36,0.3,1.22,volumes-techniques-jeux-fr.json
fond photo motorisé,2250,fr,,,,,volumes-techniques-jeux-fr.json
table vibrante,2250,fr,480,0.66,0.37,1.83,volumes-techniques-jeux-fr.json
sertisseuse multicouche,2250,fr,2900,0.58,0.15,1.13,volumes-techniques-jeux-fr.json
pompe à épreuve,2250,fr,320,1.32,0.42,1.77,volumes-techniques-jeux-fr.json
cintreuse tube,2250,fr,480,0.92,0.59,2.85,volumes-techniques-jeux-fr.json
rivet hydraulique,2250,fr,,,,,volumes-techniques-jeux-fr.json
extracteur de miel,2250,fr,1000,0.99,0.29,1.65,volumes-techniques-jeux-fr.json
fumoir à froid,2250,fr,720,0.25,0.1,0.75,volumes-techniques-jeux-fr.json
broyeur à grain,2250,fr,480,0.47,0.08,0.81,volumes-techniques-jeux-fr.json
moulin à malt,2250,fr,90,1.24,0.29,1.15,volumes-techniques-jeux-fr.json
presse à fruits,2250,fr,90,0.35,0.15,0.66,volumes-techniques-jeux-fr.json
pressoir fruits,2250,fr,390,0.62,0.25,1.19,volumes-techniques-jeux-fr.json
essoreuse salade professionnelle,2250,fr,480,1.21,0.39,1.91,volumes-techniques-jeux-fr.json
machine découpe bouteille,2250,fr,,,,,volumes-techniques-jeux-fr.json
laminoir argile,2250,fr,30,0.39,,,volumes-techniques-jeux-fr.json
extrudeuse argile,2250,fr,70,0.22,0.12,0.52,volumes-techniques-jeux-fr.json
tamiseur électrique,2250,fr,320,0.38,0.22,1.83,volumes-techniques-jeux-fr.json
ponceuse à ongles professionnelle,2250,fr,110,0.44,0.11,0.46,volumes-techniques-jeux-fr.json
aspirateur ongles professionnel,2250,fr,260,1.57,0.38,1.7,volumes-techniques-jeux-fr.json
machine à coudre cuir,2250,fr,590,0.18,0.05,0.3,volumes-techniques-jeux-fr.json
graveur pneumatique,2250,fr,320,0.88,0.32,1.86,volumes-techniques-jeux-fr.json
micromoteur bijouterie,2250,fr,170,0.97,0.23,1.38,volumes-techniques-jeux-fr.json
lampe polarisée photo,2250,fr,,,,,volumes-techniques-jeux-fr.json
roue chromatique coiffure,2250,fr,,,,,volumes-techniques-jeux-fr.json
bac shampoing portable,2250,fr,260,0.45,0.1,0.51,volumes-techniques-jeux-fr.json
stérilisateur billes,2250,fr,,,,,volumes-techniques-jeux-fr.json
bol chantant cristal,2250,fr,720,1.43,0.3,1.93,volumes-techniques-jeux-fr.json
sablier géant,2250,fr,210,0.27,0.12,0.98,volumes-techniques-jeux-fr.json
mahjong jeu,2250,fr,27100,0.38,0.01,0.83,volumes-techniques-jeux-fr.json
jeu de go plateau,2250,fr,140,0.11,,,volumes-techniques-jeux-fr.json
carrom,2250,fr,3600,0.3,0.17,1.06,volumes-techniques-jeux-fr.json
crokinole,2250,fr,1300,0.21,0.12,0.68,volumes-techniques-jeux-fr.json
diapason thérapeutique,2250,fr,3600,0.72,0.17,0.64,volumes-techniques-jeux-fr.json
urne funéraire,2250,fr,6600,0.3,0.16,1.08,volumes-specificites-fr.json
urne chien,2250,fr,2900,0.51,0.1,0.58,volumes-specificites-fr.json
urne chat,2250,fr,1900,0.46,0.1,0.59,volumes-specificites-fr.json
gong instrument,2250,fr,590,0.34,0.18,0.61,volumes-specificites-fr.json
gong tam tam,2250,fr,10,0.1,,,volumes-specificites-fr.json
gong 40 cm,2250,fr,10,0.89,,,volumes-specificites-fr.json
gong chinois,2250,fr,170,0.32,,,volumes-specificites-fr.json
bol tibétain,2250,fr,9900,0.55,0.14,0.61,volumes-specificites-fr.json
bol chantant,2250,fr,1600,0.7,0.2,1.29,volumes-specificites-fr.json
bol cristal,2250,fr,260,1.84,0.91,3.68,volumes-specificites-fr.json
chauffe serviette,2250,fr,2900,0.62,0.13,1.54,volumes-specificites-fr.json
chauffe serviettes,2250,fr,2900,0.62,0.13,1.54,volumes-specificites-fr.json
lampe manucure,2250,fr,210,0.57,0.17,1.16,volumes-specificites-fr.json
lampe demi lune,2250,fr,720,0.55,0.12,0.53,volumes-specificites-fr.json
lampe tatouage,2250,fr,170,1.49,0.24,1.44,volumes-specificites-fr.json
accoudoir tatouage,2250,fr,20,0.62,0.19,1.28,volumes-specificites-fr.json
imprimante tatouage,2250,fr,590,0.43,0.1,0.76,volumes-specificites-fr.json
tête malléable,2250,fr,720,0.36,0.16,0.74,volumes-specificites-fr.json
tête à coiffer professionnelle,2250,fr,1300,0.27,0.11,0.71,volumes-specificites-fr.json
tabouret selle de cheval,2250,fr,880,0.99,0.19,1.16,volumes-specificites-fr.json
chaise assis genoux,2250,fr,320,0.78,0.54,1.52,volumes-specificites-fr.json
siège ergonomique assis genoux,2250,fr,170,0.6,0.51,1.26,volumes-specificites-fr.json
table à dessin inclinable,2250,fr,590,0.3,0.08,0.4,volumes-specificites-fr.json
table dessin architecte,2250,fr,90,0.41,,,volumes-specificites-fr.json
valet de chambre bois,2250,fr,1000,0.33,0.15,0.66,volumes-specificites-fr.json
valet de nuit,2250,fr,2400,0.4,0.16,0.76,volumes-specificites-fr.json
presse repassage,2250,fr,590,0.51,0.18,1.38,volumes-specificites-fr.json
chevalet peinture,2250,fr,4400,0.36,0.09,0.53,volumes-specificites-fr.json
chevalet peinture bois,2250,fr,260,0.38,0.1,0.82,volumes-specificites-fr.json
chevalet atelier,2250,fr,210,0.57,0.28,1.03,volumes-specificites-fr.json
chafing dish électrique,2250,fr,590,1.63,0.4,1.93,volumes-specificites-fr.json
chafing dish buffet,2250,fr,90,0.67,0.31,1.8,volumes-specificites-fr.json
réchaud buffet,2250,fr,70,0.54,0.16,1.85,volumes-specificites-fr.json
distributeur de boisson,2250,fr,6600,0.5,0.27,1.86,volumes-specificites-fr.json
distributeur boisson inox,2250,fr,10,0.4,0.07,0.34,volumes-specificites-fr.json
lampe loupe sur pied,2250,fr,880,0.63,0.14,0.86,volumes-specificites-fr.json
loupe sur pied,2250,fr,720,0.47,0.11,0.62,volumes-specificites-fr.json
harpe instrument,2250,fr,720,0.23,,,volumes-specificites-fr.json
lyre instrument,2250,fr,18100,0.64,0.22,1.89,volumes-specificites-fr.json
harmonium indien,2250,fr,390,0.14,0.1,0.44,volumes-specificites-fr.json
accordéon débutant,2250,fr,170,0.27,0.04,0.33,volumes-specificites-fr.json
planche à repasser murale,2250,fr,590,0.17,0.07,0.35,volumes-specificites-fr.json
armoire à bijoux,2250,fr,2900,0.3,0.12,0.59,volumes-specificites-fr.json
miroir armoire bijoux,2250,fr,880,0.27,0.12,0.57,volumes-specificites-fr.json
valise maquillage professionnelle,2250,fr,590,0.34,0.11,0.58,volumes-specificites-fr.json
fauteuil sol,2250,fr,720,0.24,0.27,1.06,volumes-specificites-fr.json
chaise de sol,2250,fr,720,0.21,0.09,0.47,volumes-specificites-fr.json
zaisu,2250,fr,170,0.25,0.14,2.56,volumes-specificites-fr.json
chaise japonaise sol,2250,fr,50,0.15,,,volumes-specificites-fr.json
coussin de lecture avec accoudoirs,2250,fr,90,0.4,0.08,0.34,volumes-specificites-fr.json
flip clock,2250,fr,1900,0.17,0.07,0.73,volumes-flip-cadres-coffrets-fr.json
horloge flip,2250,fr,320,0.17,0.08,0.7,volumes-flip-cadres-coffrets-fr.json
horloge à palette,2250,fr,,,,,volumes-flip-cadres-coffrets-fr.json
horloge à clapet,2250,fr,140,0.17,,,volumes-flip-cadres-coffrets-fr.json
horloge retro,2250,fr,590,0.22,0.17,0.48,volumes-flip-cadres-coffrets-fr.json
horloge bureau,2250,fr,260,0.29,0.08,0.75,volumes-flip-cadres-coffrets-fr.json
boite à musique,2250,fr,2900,0.44,0.14,0.88,volumes-flip-cadres-coffrets-fr.json
boîte à musique mécanique,2250,fr,50,0.18,,,volumes-flip-cadres-coffrets-fr.json
boîte à musique piano,2250,fr,30,0.12,,,volumes-flip-cadres-coffrets-fr.json
boite à musique carrousel,2250,fr,170,0.22,0.09,0.44,volumes-flip-cadres-coffrets-fr.json
boite à bijoux bois,2250,fr,1300,0.59,0.32,0.89,volumes-flip-cadres-coffrets-fr.json
coffret bijoux cuir,2250,fr,50,1.93,0.38,1.02,volumes-flip-cadres-coffrets-fr.json
boîte à bijoux femme,2250,fr,1300,0.93,0.27,1.11,volumes-flip-cadres-coffrets-fr.json
coffret bijoux,2250,fr,1600,0.66,0.24,0.92,volumes-flip-cadres-coffrets-fr.json
boite à bijoux musicale,2250,fr,390,0.41,0.14,0.47,volumes-flip-cadres-coffrets-fr.json
cadre maillot de foot,2250,fr,2400,0.5,0.12,0.98,volumes-flip-cadres-coffrets-fr.json
cadre pour maillot,2250,fr,1600,0.66,0.14,1.31,volumes-flip-cadres-coffrets-fr.json
cadre maillot rugby,2250,fr,260,0.63,0.12,0.68,volumes-flip-cadres-coffrets-fr.json
cadre maillot basket,2250,fr,170,0.6,0.12,0.94,volumes-flip-cadres-coffrets-fr.json
balance board,2250,fr,1600,0.48,0.11,1.13,volumes-sport-equilibre-fr.json
planche equilibre adulte,2250,fr,10,0.22,,,volumes-sport-equilibre-fr.json
planche equilibre surf,2250,fr,50,0.35,0.07,0.37,volumes-sport-equilibre-fr.json
planche equilibre rouleau,2250,fr,10,,,,volumes-sport-equilibre-fr.json
barre pole dance,2250,fr,4400,0.26,0.05,0.37,volumes-sport-equilibre-fr.json
barre danse classique,2250,fr,480,0.54,0.13,1.08,volumes-sport-equilibre-fr.json
hamac yoga aérien,2250,fr,260,1.43,0.19,2.18,volumes-sport-equilibre-fr.json
yoga swing,2250,fr,20,0.23,,,volumes-sport-equilibre-fr.json
table inversion,2250,fr,480,0.45,0.1,0.38,volumes-sport-equilibre-fr.json
banc lombaire,2250,fr,2400,0.64,0.15,1.01,volumes-sport-equilibre-fr.json
banc musculation pliable,2250,fr,880,0.72,0.09,0.91,volumes-sport-equilibre-fr.json
barre traction sans fixation,2250,fr,110,0.22,0.07,0.51,volumes-sport-equilibre-fr.json
aquabike,2250,fr,14800,1.9,0.34,3.49,volumes-sport-equilibre-fr.json
tapis acrobatie gonflable,2250,fr,,,,,volumes-sport-equilibre-fr.json
airtrack,2250,fr,5400,0.58,0.16,1.06,volumes-sport-equilibre-fr.json
sac frappe autoportant,2250,fr,30,0.19,,,volumes-sport-equilibre-fr.json
chaise romaine,2250,fr,22200,0.47,0.11,0.78,volumes-sport-equilibre-fr.json
roue yoga,2250,fr,170,0.22,0.27,1.93,volumes-sport-equilibre-fr.json
parallettes,2250,fr,2900,0.64,0.19,1.25,volumes-sport-equilibre-fr.json
barres paralleles musculation,2250,fr,10,0.22,,,volumes-sport-equilibre-fr.json
orologio flip,2380,it,320,0.07,,,volumes-europe-it.json
cornice maglia,2380,it,110,0.28,0.03,0.15,volumes-europe-it.json
urna cineraria,2380,it,2400,0.38,0.3,1.16,volumes-europe-it.json
campana tibetana,2380,it,4400,0.23,0.05,0.3,volumes-europe-it.json
tamburo sciamanico,2380,it,1000,0.33,0.07,0.5,volumes-europe-it.json
lampada mezzaluna unghie,2380,it,,,,,volumes-europe-it.json
sedia da pavimento,2380,it,90,0.23,0.08,0.61,volumes-europe-it.json
monopalme,2250,fr,1000,0.27,0.11,0.61,volumes-autres-produits-fr.json
monopalme apnée,2250,fr,70,0.25,0.21,0.35,volumes-autres-produits-fr.json
tête à coiffer professionnelle,2250,fr,1300,0.27,0.11,0.71,volumes-autres-produits-fr.json
tete a coiffer cheveux naturels,2250,fr,210,0.34,0.11,0.7,volumes-autres-produits-fr.json
mannequin couture,2250,fr,9900,0.37,0.05,0.37,volumes-autres-produits-fr.json
mannequin couture reglable,2250,fr,1900,0.56,0.05,0.34,volumes-autres-produits-fr.json
bras silicone tatouage,2250,fr,10,0.19,,,volumes-autres-produits-fr.json
fausse peau tatouage,2250,fr,480,0.63,0.14,0.64,volumes-autres-produits-fr.json
presse à reliure,2250,fr,210,0.19,0.11,0.49,volumes-autres-produits-fr.json
rouleuse cigarette électrique,2250,fr,140,0.07,0.06,0.12,volumes-autres-produits-fr.json
fourreau arc,2250,fr,,,,,volumes-autres-produits-fr.json
cage perroquet,2250,fr,2900,0.74,0.09,0.44,volumes-autres-produits-fr.json
table de toilettage,2250,fr,260,0.36,0.09,0.75,volumes-autres-produits-fr.json
chariot coiffure,2250,fr,390,0.73,0.19,1.16,volumes-autres-produits-fr.json
fauteuil barbier,2250,fr,1000,2.12,0.41,1.65,volumes-autres-produits-fr.json
pédalier bureau,2250,fr,1900,0.26,0.07,0.3,volumes-autres-produits-fr.json
repose pieds bureau,2250,fr,5400,0.57,0.14,1.31,volumes-autres-produits-fr.json
repose jambes,2250,fr,720,0.29,0.09,1.15,volumes-autres-produits-fr.json
support clavier piano,2250,fr,320,0.27,0.1,0.38,volumes-autres-produits-fr.json
banquette piano,2250,fr,720,0.51,0.13,0.57,volumes-autres-produits-fr.json
lutrin bois,2250,fr,320,0.51,0.36,1.26,volumes-autres-produits-fr.json
lutrin église,2250,fr,170,0.6,,,volumes-autres-produits-fr.json
pupitre conférence,2250,fr,260,1.29,1.09,2.06,volumes-autres-produits-fr.json
horloge flip flap,2250,fr,590,0.19,0.07,0.42,volumes-seconde-vague-fr.json
horloge à tubes nixie,2250,fr,480,0.31,0.1,0.68,volumes-seconde-vague-fr.json
horloge nixie,2250,fr,590,0.31,0.1,0.68,volumes-seconde-vague-fr.json
horloge à mots,2250,fr,50,0.3,0.14,0.91,volumes-seconde-vague-fr.json
cadre maillot,2250,fr,1600,0.66,0.14,1.31,volumes-seconde-vague-fr.json
cadre vinyle,2250,fr,1300,0.23,0.08,0.5,volumes-seconde-vague-fr.json
vitrine maillot,2250,fr,30,0.18,0.1,0.61,volumes-seconde-vague-fr.json
tableau blanc mobile,2250,fr,210,2.11,0.42,3.06,volumes-seconde-vague-fr.json
tableau blanc verre,2250,fr,110,1.49,0.49,2.25,volumes-seconde-vague-fr.json
tableau lumineux dessin a1,2250,fr,,,,,volumes-seconde-vague-fr.json
lampe tableau,2250,fr,1300,0.63,0.21,1.06,volumes-seconde-vague-fr.json
lampe banquier,2250,fr,720,0.48,0.16,1.1,volumes-seconde-vague-fr.json
porte revue bois,2250,fr,720,0.26,0.11,0.84,volumes-seconde-vague-fr.json
présentoir brochure,2250,fr,320,1.6,0.98,3.09,volumes-seconde-vague-fr.json
présentoir fleurs,2250,fr,480,0.44,0.21,1.17,volumes-seconde-vague-fr.json
support guitare multiple,2250,fr,30,0.27,0.1,0.29,volumes-seconde-vague-fr.json
rack guitare,2250,fr,390,0.36,0.1,0.33,volumes-seconde-vague-fr.json
caisse transport guitare,2250,fr,10,0.31,,,volumes-seconde-vague-fr.json
violon électrique,2250,fr,2400,0.41,0.18,0.5,volumes-seconde-vague-fr.json
batterie électronique portable,2250,fr,320,0.57,0.16,0.95,volumes-seconde-vague-fr.json
saxophone électronique,2250,fr,90,0.34,0.08,0.17,volumes-seconde-vague-fr.json
clarinette électrique,2250,fr,40,0.3,,,volumes-seconde-vague-fr.json
saxophone de poche,2250,fr,50,0.28,,,volumes-seconde-vague-fr.json
harmonica chromatique,2250,fr,1300,0.38,0.12,0.3,volumes-seconde-vague-fr.json
banjo,2250,fr,12100,0.28,0.13,0.4,volumes-seconde-vague-fr.json
mandoline instrument,2250,fr,4400,0.23,0.09,0.33,volumes-seconde-vague-fr.json
ukulélé basse,2250,fr,320,0.27,0.09,0.31,volumes-seconde-vague-fr.json
kalimba 34 lames,2250,fr,10,0.42,0.1,0.3,volumes-seconde-vague-fr.json
ocarina professionnel,2250,fr,10,0.61,0.29,0.55,volumes-seconde-vague-fr.json
cadre tissage,2250,fr,140,0.28,,,volumes-seconde-vague-fr.json
kit reliure,2250,fr,320,0.17,0.09,0.38,volumes-seconde-vague-fr.json
machine à coudre sac,2250,fr,40,0.86,,,volumes-seconde-vague-fr.json
presse à œillets,2250,fr,390,0.96,0.26,2.42,volumes-seconde-vague-fr.json
machine bouton pression,2250,fr,260,0.22,0.08,0.22,volumes-seconde-vague-fr.json
presse à casquette,2250,fr,140,2.98,0.71,3.64,volumes-seconde-vague-fr.json
gaufrier bubble,2250,fr,480,0.34,0.1,0.99,volumes-seconde-vague-fr.json
gaufrier professionnel,2250,fr,4400,0.72,0.27,1.1,volumes-seconde-vague-fr.json
friteuse professionnelle,2250,fr,5400,1.52,0.4,1.71,volumes-seconde-vague-fr.json
machine sous vide cloche,2250,fr,260,2.86,0.56,2.69,volumes-seconde-vague-fr.json
scelleuse sachet,2250,fr,140,1.06,0.16,1.65,volumes-seconde-vague-fr.json
soudeuse sac,2250,fr,170,0.57,0.18,1.87,volumes-seconde-vague-fr.json
pese colis,2250,fr,170,1.25,0.38,2.46,volumes-seconde-vague-fr.json
balance colis,2250,fr,320,1.46,0.27,3.01,volumes-seconde-vague-fr.json
balance vétérinaire,2250,fr,90,1.21,0.23,1.62,volumes-seconde-vague-fr.json
kit réparation pare brise,2250,fr,1000,0.38,0.16,1.24,volumes-seconde-vague-fr.json
réparation débosselage,2250,fr,,,,,volumes-seconde-vague-fr.json
kit débosselage,2250,fr,880,0.46,0.14,0.64,volumes-seconde-vague-fr.json
microbilleuse,2250,fr,320,1.15,0.55,2.14,volumes-seconde-vague-fr.json
cabine sablage,2250,fr,1300,1.46,0.7,2.85,volumes-seconde-vague-fr.json
sableuse aérogommeuse,2250,fr,2900,0.58,0.1,1.22,volumes-seconde-vague-fr.json
polisseuse bijoux,2250,fr,320,0.73,0.19,1.06,volumes-seconde-vague-fr.json
tonneau polissage,2250,fr,50,1.29,0.26,1.3,volumes-seconde-vague-fr.json
tournebroche,2250,fr,5400,0.45,0.16,0.75,volumes-seconde-vague-fr.json
rôtissoire électrique,2250,fr,1000,0.38,0.11,0.94,volumes-seconde-vague-fr.json
rotissoire barbecue,2250,fr,390,0.52,0.13,0.64,volumes-seconde-vague-fr.json
tente photographe,2250,fr,,,,,volumes-seconde-vague-fr.json
affût photo,2250,fr,170,0.19,0.08,0.33,volumes-seconde-vague-fr.json
camouflage photographe,2250,fr,10,0.13,,,volumes-seconde-vague-fr.json
Klappzahlenuhr,2276,de,480,0.19,0.03,0.22,volumes-europe-de.json
Flip Uhr,2276,de,1900,0.23,0.06,0.59,volumes-europe-de.json
Tischuhr retro,2276,de,320,0.36,0.1,0.33,volumes-europe-de.json
Trikot Rahmen,2276,de,4400,0.56,0.13,1,volumes-europe-de.json
Trikot Bilderrahmen,2276,de,2400,0.46,0.11,1.03,volumes-europe-de.json
Urne kaufen,2276,de,1900,0.88,0.29,0.91,volumes-europe-de.json
Urne,2276,de,14800,0.69,0.29,0.89,volumes-europe-de.json
Klangschale,2276,de,6600,0.82,0.23,1.27,volumes-europe-de.json
Schamanentrommel,2276,de,590,0.75,0.34,0.57,volumes-europe-de.json
Nagellampe Halbmond,2276,de,,,,,volumes-europe-de.json
Bodenstuhl,2276,de,2400,0.47,0.08,1.16,volumes-europe-de.json
Zeichentisch,2276,de,1300,0.44,0.11,1.28,volumes-europe-de.json
Waffeleisen Bubble,2276,de,170,0.37,0.07,0.68,volumes-europe-de.json
