noir	Sa67e36040f074260acb63d3a80561cf3X.webp	https://cdn.shopify.com/s/files/1/0953/2774/8481/files/Sa67e36040f074260acb63d3a80561cf3X.webp
blanc	Sceb451918cba4887ac2fe7cd5cb9ba0ej.webp	https://cdn.shopify.com/s/files/1/0953/2774/8481/files/Sceb451918cba4887ac2fe7cd5cb9ba0ej.webp
gris	Sb65da058fe0c4b24ade101e1fed9508au.webp	https://cdn.shopify.com/s/files/1/0953/2774/8481/files/Sb65da058fe0c4b24ade101e1fed9508au.webp
rouge	Sa7685a7a75534a2bae0cfc30276f99e6x.webp	https://cdn.shopify.com/s/files/1/0953/2774/8481/files/Sa7685a7a75534a2bae0cfc30276f99e6x.webp
bordeaux	S6c6fbd432e334edea02debc45e1c1931v.webp	https://cdn.shopify.com/s/files/1/0953/2774/8481/files/S6c6fbd432e334edea02debc45e1c1931v.webp
rose	S2267a4a4b6ca42a789094be9de468f5fo.webp	https://cdn.shopify.com/s/files/1/0953/2774/8481/files/S2267a4a4b6ca42a789094be9de468f5fo.webp
rose-poudre	Sdb747fc8bcfe48238e6755a369275b6at.webp	https://cdn.shopify.com/s/files/1/0953/2774/8481/files/Sdb747fc8bcfe48238e6755a369275b6at.webp
orange	Sc4deb3418e9341698357f7bfaeee3305n.webp	https://cdn.shopify.com/s/files/1/0953/2774/8481/files/Sc4deb3418e9341698357f7bfaeee3305n.webp
jaune	S3cc747f689924e8a85b4f805e184e4b6I.webp	https://cdn.shopify.com/s/files/1/0953/2774/8481/files/S3cc747f689924e8a85b4f805e184e4b6I.webp
vert-fonce	Sf9d015826f1b46b19a569c9dcd5a5b7cJ.webp	https://cdn.shopify.com/s/files/1/0953/2774/8481/files/Sf9d015826f1b46b19a569c9dcd5a5b7cJ.webp
kaki	Sed569f6f452a4bfb9baafff7e655ee34m.webp	https://cdn.shopify.com/s/files/1/0953/2774/8481/files/Sed569f6f452a4bfb9baafff7e655ee34m.webp
bleu-clair	S5b9f7a1c247446dab843a1a7fd63e0edZ.webp	https://cdn.shopify.com/s/files/1/0953/2774/8481/files/S5b9f7a1c247446dab843a1a7fd63e0edZ.webp
bleu-marine	S044769bae6b44951bdcfcfad692c477c5.webp	https://cdn.shopify.com/s/files/1/0953/2774/8481/files/S044769bae6b44951bdcfcfad692c477c5.webp
violet	Sb53565b48a0b404384784f7625d6bfa8g.webp	https://cdn.shopify.com/s/files/1/0953/2774/8481/files/Sb53565b48a0b404384784f7625d6bfa8g.webp
camel	Se3ccc5f70e0441beb2d68172ae81e6aeX.webp	https://cdn.shopify.com/s/files/1/0953/2774/8481/files/Se3ccc5f70e0441beb2d68172ae81e6aeX.webp
indigo	S13a431c12d0a4abea02c78b2c790ce1fl.webp	https://cdn.shopify.com/s/files/1/0953/2774/8481/files/S13a431c12d0a4abea02c78b2c790ce1fl.webp
caramel	Se62edef240fa4955b4ffe01f69ce51f5Y.webp	https://cdn.shopify.com/s/files/1/0953/2774/8481/files/Se62edef240fa4955b4ffe01f69ce51f5Y.webp
