candidate_id,query,type,rank,domain,title,url,raw
A1,antivol vélo pliant,organic,1,www.velotafeur.fr,Antivols pliables : par la marque Abus et bien d'autres,https://www.velotafeur.fr/antivols-velo/antivols-pliables/,raw/30-A1-serp-0.json.gz
A1,antivol vélo pliant,organic,2,www.antivol-store.com,Antivol Pliable Vélo Abus Bordo et Trelock,https://www.antivol-store.com/collections/antivols-pliables-velo?srsltid=AfmBOorC3HLEeTYvkQN5-DF27SzbDSKCLEk1bWr27G88NhicnkYXZcEO,raw/30-A1-serp-0.json.gz
A1,antivol vélo pliant,organic,3,www.fub.fr,Choisir son antivol,https://www.fub.fr/types-antivols,raw/30-A1-serp-0.json.gz
A1,antivol vélo pliant,compare_sites,1,,Sites de produits,,raw/30-A1-serp-0.json.gz
A1,antivol vélo pliant,popular_products,1,,,,raw/30-A1-serp-0.json.gz
A1,antivol vélo pliant,organic,4,www.decathlon.fr,"Antivols Pliants, votre vélo en sécuité",https://www.decathlon.fr/tous-les-sports/velo-cyclisme/antivols-pliants-velo,raw/30-A1-serp-0.json.gz
A1,antivol vélo pliant,people_also_ask,1,,,,raw/30-A1-serp-0.json.gz
A1,antivol vélo pliant,video,1,,,,raw/30-A1-serp-0.json.gz
A1,antivol vélo pliant,popular_products,2,,,,raw/30-A1-serp-0.json.gz
A1,antivol vélo pliant,organic,5,www.abus.com,"Antivols pliables de vélo | forme, fonction et couleur",https://www.abus.com/fr/Particuliers/Antivols-pour-velos/Antivols-pliables,raw/30-A1-serp-0.json.gz
A1,antivol vélo pliant,organic,6,www.cleanrider.com,Les meilleurs antivols pliants en 2026 : sécurité et praticité ...,https://www.cleanrider.com/actus/les-meilleurs-antivols-pliants-securite-et-praticite-pour-votre-velo-electrique/,raw/30-A1-serp-0.json.gz
A1,antivol vélo pliant,organic,7,www.quechoisir.org,Antivols pour vélo - Les clés pour choisir son antivol,https://www.quechoisir.org/guide-d-achat-antivols-pour-velo-n91086/,raw/30-A1-serp-0.json.gz
A1,antivol vélo pliant,organic,8,www.bikester.fr,Antivol de vélo pliant - acheter en ligne,https://www.bikester.fr/collections/antivols-pliants?srsltid=AfmBOopJqlAbMB-h4SI3Xkz1rnWDZBG3uvT-FNAbHouMtmDzzbJAoxzB,raw/30-A1-serp-0.json.gz
A1,antivol vélo pliant,organic,9,www.antivol-velo.com,Antivol U et U pliant : Les protections les plus fiables du moment,https://www.antivol-velo.com/antivols-velo/u-et-u-pliants/,raw/30-A1-serp-0.json.gz
A1,antivol vélo pliant,related_searches,1,,,,raw/30-A1-serp-0.json.gz
A1,antivol vélo pliant,organic,10,www.bikester.fr,Antivol de vélo pliant - acheter en ligne,https://www.bikester.fr/collections/antivols-pliants?srsltid=AfmBOorNZLOSYXzcfrcgasjWYCTdaicFoCspKtWpWUnNtk_nZrlsQqlk,raw/30-A1-serp-0.json.gz
A1,antivol vélo pliant,organic,11,www.cyclable.com,Antivol vélo : Trouvez votre antivol sur Cyclable !,https://www.cyclable.com/42-antivols,raw/30-A1-serp-0.json.gz
A1,antivol vélo pliant,organic,12,www.idealo.fr,▷▷ Antivol vélo pliable 2026 au meilleur prix,https://www.idealo.fr/cat/9432F3870316/antivols-velo.html,raw/30-A1-serp-0.json.gz
A1,antivol vélo pliant,organic,13,cyclmania.com,BikeClasp™ | Antivol velo pliable robuste et compact,https://cyclmania.com/products/antivol-velo-bikeclasp?srsltid=AfmBOoouRfcqo0HS0S0txEQvx3vrIYv8B1UMoUvOuMPteD88jefAytKk,raw/30-A1-serp-0.json.gz
A1,antivol vélo pliant,organic,14,www.decathlonpro.fr,ANTIVOL VELO PLIANT haute sécurité ABUS BORDO,https://www.decathlonpro.fr/antivol-velo-abus-pliant-bordo-id-8130253.html,raw/30-A1-serp-0.json.gz
A1,antivol vélo pliant,images,1,,Images,https://www.google.com/search?sa=N&hl=fr&gl=FR&sca_esv=d1581e441e85353e&q=antivol+v%C3%A9lo+pliant&udm=2&source=univ&fir=U2hk8apllcoJNM%252CUMKU0zJnJjbRQM%252C_%253Bw-RxEeUnOVJvgM%252Ci21wQru14gejnM%252C_%253B8u5GxS6yAKebPM%252CXzN2uLeoy09UbM%252C_%253BF7tbSzwivCfN9M%252CPiM3z4iVwmdCHM%252C_%253BjNJTl0SYbVX3iM%252CH97bMMRA4BHhvM%252C_%253B2oR9yFm306MsWM%252CH3W9pRF0BEW24M%252C_%253B1TcZeFOp6p50eM%252CsuwdrI98og-DMM%252C_%253BjhEemJPD9_D1uM%252CqMJOUY4BidjgSM%252C_%253ByMl5M_WY62uuCM%252Cd2IGZMwM0WZtbM%252C_&usg=AI4_-kRKTaK7sE4s32dvdV12dpn6k6vl8A&ved=2ahUKEwiy78y20tKWAxWj5ckDHQuYKc04ChDsCXoECBoQBQ,raw/30-A1-serp-0.json.gz
A1,antivol vélo pliant,organic,15,www.amazon.fr,Antivols Pliables,https://www.amazon.fr/Antivols-Pliables/b?ie=UTF8&node=4061649031,raw/30-A1-serp-0.json.gz
A1,antivol vélo pliant,organic,16,www.transitionvelo.com,Guide 2026 : les meilleurs antivols vélo testés et approuvés,https://www.transitionvelo.com/guide-achat/les-meilleurs-antivols-velo-testes-et-approuves/,raw/30-A1-serp-0.json.gz
A1,antivol vélo pliant,organic,17,www.velostation.com,"Grand Choix d'Antivol vélo : Cadenas, chaîne ou encore U...",https://www.velostation.com/shop/antivol-velo?srsltid=AfmBOopSEciAlg3GGW9JBkEkPgezb4tZpq1lVgNFhhWW5mBK9k3q-3I8,raw/30-A1-serp-0.json.gz
A1,antivol vélo pliant,organic,18,jesuisavelo.com,"Antivols pliables | Compacts, sécurisés et faciles à ...",https://jesuisavelo.com/fr/antivols-pliables-464?srsltid=AfmBOopFv1T6YxsIghLHC-tqLbdRHsJ4T2QitMPfd7TI9DXv59H4zFKH,raw/30-A1-serp-0.json.gz
A1,antivol vélo pliant,related_searches,2,,,,raw/30-A1-serp-0.json.gz
A1,antivol vélo,organic,1,www.decathlon.fr,"Antivol vélo, Cadenas, Antivol U",https://www.decathlon.fr/tous-les-sports/velo-de-ville/antivols,raw/30-A1-serp-1.json.gz
A1,antivol vélo,people_also_ask,1,,,,raw/30-A1-serp-1.json.gz
A1,antivol vélo,organic,2,www.antivol-store.com,"Antivols Vélo Abus : U, Chaîne et câble vélo",https://www.antivol-store.com/collections/antivols-velo?srsltid=AfmBOoovh08LTMkuwGDHeHltkb--4VpRewdWHaPCkmunrkEP_QMTD5h5,raw/30-A1-serp-1.json.gz
A1,antivol vélo,video,1,,,,raw/30-A1-serp-1.json.gz
A1,antivol vélo,organic,3,www.fub.fr,Choisir son antivol,https://www.fub.fr/types-antivols,raw/30-A1-serp-1.json.gz
A1,antivol vélo,popular_products,1,,,,raw/30-A1-serp-1.json.gz
A1,antivol vélo,compare_sites,1,,Sites de produits,,raw/30-A1-serp-1.json.gz
A1,antivol vélo,popular_products,2,,,,raw/30-A1-serp-1.json.gz
A1,antivol vélo,organic,4,laka.co,Meilleur antivol vélo : lequel choisir pour éviter le vol ?,https://laka.co/fr/blog/meilleur-antivol-velo-lequel-choisir-pour-eviter-le-vol,raw/30-A1-serp-1.json.gz
A1,antivol vélo,organic,5,www.alltricks.fr,Comment choisir son antivol vélo ?,https://www.alltricks.fr/surl/choisir-antivol-velo,raw/30-A1-serp-1.json.gz
A1,antivol vélo,organic,6,www.intersport.fr,Comment choisir son antivol pour vélo ?,https://www.intersport.fr/contenus/cycle-mobilite-urbaine/comment-choisir-antivol-velo/,raw/30-A1-serp-1.json.gz
A1,antivol vélo,organic,7,www.velotafeur.fr,Antivols vélo : choisir le meilleur contre le vol de vélo,https://www.velotafeur.fr/antivols-velo/,raw/30-A1-serp-1.json.gz
A1,antivol vélo,organic,8,blog.roulezjeunesse.com,Meilleur antivol vélo 2026 : comparatif et guide d'achat,https://blog.roulezjeunesse.com/meilleurs-antivols-velo/,raw/30-A1-serp-1.json.gz
A1,antivol vélo,organic,9,www.bikester.fr,Antivol pas cher | Promos sur les antivols vélo,https://www.bikester.fr/collections/antivols?srsltid=AfmBOooJIoLjkuz1tQxiqz2i1f_3wAJ6WRHKYL8gK4h700nXFXMU_jhc,raw/30-A1-serp-1.json.gz
A1,antivol vélo,related_searches,1,,,,raw/30-A1-serp-1.json.gz
A1,antivol vélo,knowledge_graph,1,,Cyclable Villeurbanne,http://villeurbanne.cyclable.com/,raw/30-A1-serp-1.json.gz
A1,antivol vélo,google_reviews,1,,,,raw/30-A1-serp-1.json.gz
A1,antivol vélo,third_party_reviews,1,,Infobel,https://www.infobel.com/fr/france/cyclable_villeurbanne/villeurbanne/FR113405675-0982610166/businessdetails.aspx,raw/30-A1-serp-1.json.gz
A1,antivol vélo,organic,10,www.bikester.fr,Antivol pas cher | Promos sur les antivols vélo,https://www.bikester.fr/collections/antivols?srsltid=AfmBOoqjiXiEW2FBu2TG1pIXKm6ClVdSiTh0e6uG84MlvyUfied0x1Qq,raw/30-A1-serp-1.json.gz
A1,antivol vélo,organic,11,www.amazon.fr,Amazon.fr : Antivol Velo,https://www.amazon.fr/antivol-velo/s?k=antivol+velo,raw/30-A1-serp-1.json.gz
A1,antivol vélo,organic,12,www.lemonde.fr,Les meilleurs antivols et cadenas pour vélo,https://www.lemonde.fr/guides-d-achat/article/2025/09/08/le-meilleur-antivol-pour-velo_6195018_5306572.html?srsltid=AfmBOorwnZ6fyuWG3VOI5t_LBlEhijIT6aXMi4k55Z2nzSiJykiOfOOS,raw/30-A1-serp-1.json.gz
A1,antivol vélo,organic,13,fr.wikipedia.org,Antivol (vélo),https://fr.wikipedia.org/wiki/Antivol_(v%C3%A9lo),raw/30-A1-serp-1.json.gz
A1,antivol vélo,organic,14,www.cyclable.com,Antivol vélo : Trouvez votre antivol sur Cyclable !,https://www.cyclable.com/42-antivols,raw/30-A1-serp-1.json.gz
A1,antivol vélo,organic,15,www.action.com,Cadenas et antivols vélo à petit prix,https://www.action.com/fr-fr/c/bricolage/antivols-velos/,raw/30-A1-serp-1.json.gz
A1,antivol vélo,organic,16,www.velotafeur.fr,Quel antivol choisir pour mon vélo ? - Équipements,https://www.velotafeur.fr/blog/equipements/quel-antivol-choisir-pour-mon-velo.html,raw/30-A1-serp-1.json.gz
A1,antivol vélo,images,1,,Images,https://www.google.com/search?sa=N&hl=fr&gl=FR&sca_esv=d1581e441e85353e&sxsrf=APpeQnsB_qx7l78AdEAqnqXziACmdpQyPg:1788446510910&q=antivol+v%C3%A9lo&udm=2&source=univ&fir=U2hk8apllcoJNM%252CUMKU0zJnJjbRQM%252C_%253ByBpaecg-PtxlgM%252Cja6rehhnmIGnMM%252C_%253BQr5vUBJiLNISXM%252CPS87tuErSt2sbM%252C_%253BZpRRCrXvRMbHtM%252CqMJOUY4BidjgSM%252C_%253BibkKPCMB8_NSdM%252CPIuwDQIwsHA_xM%252C_%253BZRcXNWpxn2aGNM%252CG-schhY26Mj4kM%252C_%253BIX8yGxSG5yzhzM%252CPiM3z4iVwmdCHM%252C_%253B1TcZeFOp6p50eM%252CsuwdrI98og-DMM%252C_%253Bb7aO4tGjnlCvpM%252CgbYKJxpqaRH56M%252C_&usg=AI4_-kQ3h_EgW_3pk4li3jmbqqjMCqssGg&ved=2ahUKEwj53e230tKWAxUH-gIHHa2KBAM4ChDsCXoECEsQBQ,raw/30-A1-serp-1.json.gz
A1,antivol vélo,organic,17,www.decathlon.fr,Choisir un antivol vélo : le comparatif complet 2026,https://www.decathlon.fr/c/htc/choisir-un-antivol-velo-le-comparatif-complet-2026_114e76a3-6c37-48f8-8e0e-04a9ac7fdc85,raw/30-A1-serp-1.json.gz
A1,antivol vélo,organic,18,www.quechoisir.org,Antivols pour vélo - Les clés pour choisir son antivol,https://www.quechoisir.org/guide-d-achat-antivols-pour-velo-n91086/,raw/30-A1-serp-1.json.gz
A1,antivol vélo,popular_products,3,,,,raw/30-A1-serp-1.json.gz
A1,antivol vélo,popular_products,4,,,,raw/30-A1-serp-1.json.gz
A1,antivol vélo,related_searches,2,,,,raw/30-A1-serp-1.json.gz
A2,appareil photo numérique vintage,organic,1,timelens.fr,Appareils photos vintage,https://timelens.fr/collections/appareils-photos-vintage?srsltid=AfmBOorpWbJrCzwjVmyr1jeBJJtiRcZiBEFkYlsDu1-P0m1z0eJzbs3o,raw/30-A2-serp-0.json.gz
A2,appareil photo numérique vintage,organic,2,www.kodak.gtcie.com,Appareils Photo Vintage : Revivez l'âge d'or de la ... - Kodak,https://www.kodak.gtcie.com/fr/53-appareils-photo-vintage,raw/30-A2-serp-0.json.gz
A2,appareil photo numérique vintage,organic,3,www.reddit.com,Quels sont les meilleurs appareils photo compacts pour un ...,https://www.reddit.com/r/AnalogCommunity/comments/1m39di1/best_pointandshoot_cameras_for_a_true_vintage/?tl=fr,raw/30-A2-serp-0.json.gz
A2,appareil photo numérique vintage,images,1,,Images,https://www.google.com/search?sca_esv=d1581e441e85353e&hl=fr&gl=FR&q=appareil+photo+num%C3%A9rique+vintage&udm=2&source=univ&fir=aVEXBcBeJA-bBM%252CI8PaW4O58rKJkM%252C_%253BUTRBeSwoJK4ZyM%252CKLOVvKEQIU88UM%252C_%253Bis8ECCMOWb31dM%252CB7eFcwa5x6JC3M%252C_%253Bk0jTzfjuBz2-VM%252Cf8j2MV5o3ZQLBM%252C_%253BEFVxta2vOnf3OM%252C5by5u3KpnvqxVM%252C_%253BXXC0YRfTTbqyeM%252CB7eFcwa5x6JC3M%252C_%253Bb-oG-t-cVX3i8M%252Cf-6HfPs6RFxG9M%252C_%253BvuzuyDe9tlLQyM%252C-l6OszKVYfMmiM%252C_%253BupOKDPPlm89ZtM%252CjTQOW7FJIkARZM%252C_%253Bsfi6kFZmMLBsvM%252Cf-KiybuQFTNyiM%252C_%253B6iP3IvaL9TQfvM%252CUx9l6T_RyB_AOM%252C_%253Bck_x0oQY-e3_aM%252C3OBpTIXr9trHnM%252C_&usg=AI4_-kSGaQ0fbh1MvCXT67SMZUgmoTu9Pw&sa=X&ved=2ahUKEwicr8W70tKWAxV_BbwBHQwRJIoQ7Al6BAglEAU,raw/30-A2-serp-0.json.gz
A2,appareil photo numérique vintage,popular_products,1,,,,raw/30-A2-serp-0.json.gz
A2,appareil photo numérique vintage,compare_sites,1,,Sites de produits,,raw/30-A2-serp-0.json.gz
A2,appareil photo numérique vintage,organic,4,papershoot.fr,Quel appareil photo vintage numérique choisir en 2026 ?,https://papershoot.fr/blogs/stories/which-vintage-digital-camera-should-you-choose-in-2026,raw/30-A2-serp-0.json.gz
A2,appareil photo numérique vintage,people_also_ask,1,,,,raw/30-A2-serp-0.json.gz
A2,appareil photo numérique vintage,organic,5,www.fnac.com,Appareil photo ancien,https://www.fnac.com/photo/appareil-photo-ancien/q,raw/30-A2-serp-0.json.gz
A2,appareil photo numérique vintage,popular_products,2,,,,raw/30-A2-serp-0.json.gz
A2,appareil photo numérique vintage,organic,6,www.amazon.fr,Appareil Photo Vintage Numerique,https://www.amazon.fr/appareil-photo-vintage-numerique/s?k=appareil+photo+vintage+numerique,raw/30-A2-serp-0.json.gz
A2,appareil photo numérique vintage,popular_products,3,,,,raw/30-A2-serp-0.json.gz
A2,appareil photo numérique vintage,organic,7,www.forumdephotos.com,Appareil photo pour rendu vintage,https://www.forumdephotos.com/topic/32960-appareil-photo-pour-rendu-vintage/,raw/30-A2-serp-0.json.gz
A2,appareil photo numérique vintage,organic,8,www.youtube.com,L'appareil photo rétro à 100,https://www.youtube.com/watch?v=2uKzkeDCMK0,raw/30-A2-serp-0.json.gz
A2,appareil photo numérique vintage,organic,9,www.leboncoin.fr,Appareil photo numerique vintage d'occasion,https://www.leboncoin.fr/ck/photo_audio_video/appareil-photo-numerique-vintage,raw/30-A2-serp-0.json.gz
A2,appareil photo numérique vintage,related_searches,1,,,,raw/30-A2-serp-0.json.gz
A2,appareil photo numérique vintage,organic,10,www.idealo.fr,Appareil Photo Pour Photo Vintage,https://www.idealo.fr/liste/119484317/appareil-photo-pour-photo-vintage.html,raw/30-A2-serp-0.json.gz
A2,appareil photo numérique vintage,organic,11,www.smartphoto.fr,Zoom sur 5 appareils photo vintage incontournables 📸,https://www.smartphoto.fr/inspiration/appareils-photo-vintage-iconique,raw/30-A2-serp-0.json.gz
A2,appareil photo numérique vintage,organic,12,www.reddit.com,Recommandations d'appareils photo vintage : r/Cameras,https://www.reddit.com/r/Cameras/comments/1itn9qo/vintage_camera_recommendations/?tl=fr,raw/30-A2-serp-0.json.gz
A2,appareil photo numérique vintage,organic,13,www.kodak.gtcie.com,Kodak C1 : l'appareil photo vintage qui séduit tout le monde,https://www.kodak.gtcie.com/fr/blog/post/59-kodak-C1-appareil-photo-vintage-seduit-tout-le-monde,raw/30-A2-serp-0.json.gz
A2,appareil photo numérique vintage,organic,14,www.appareilphotovintage.fr,Appareil Photo Vintage,https://www.appareilphotovintage.fr/,raw/30-A2-serp-0.json.gz
A2,appareil photo numérique vintage,organic,15,www.facebook.com,L'appareil photo vintage numérique que tout le monde s'arrache,https://www.facebook.com/lavantgardiste/videos/pas-d%C3%A9cran-juste-linstant-pr%C3%A9sent-d%C3%A9couvrez-lenscape-lappareil-photo-qui-vous-ob/1055272296376131/,raw/30-A2-serp-0.json.gz
A2,appareil photo numérique vintage,images,2,,Images,https://www.google.com/search?sa=N&hl=fr&gl=FR&sca_esv=d1581e441e85353e&q=appareil+photo+num%C3%A9rique+vintage&udm=2&source=univ&fir=1XGb9rep87cLmM%252Cq2QJtoGHhR6nSM%252C_%253B6D9wlrfFrhKAfM%252C5by5u3KpnvqxVM%252C_%253BVkrZqPPoVkgrQM%252C2ohz99UajQfwYM%252C_%253B2lWYSGq1G8AyaM%252Cf-KiybuQFTNyiM%252C_%253B6VXbdr3PGS2XwM%252CXLYRqQAravEmxM%252C_%253BcPR2hlqQED5N3M%252CKLOVvKEQIU88UM%252C_%253BrbYvBxztFX2KIM%252CSHDxCWwysc1lhM%252C_%253BfRsV8_af_9tgrM%252CjTQOW7FJIkARZM%252C_%253BKpUlWl4QdWIlvM%252CKLOVvKEQIU88UM%252C_%253BKnTnEDvUhIxzPM%252CB7eFcwa5x6JC3M%252C_%253B5T7tsGjJSawo6M%252C6IswfyqpHZvuxM%252C_%253BVW0e4l4PJxQzlM%252CKLOVvKEQIU88UM%252C_&usg=AI4_-kSn-loQd2zDV8IVnjNhBF8yAkmlvw&ved=2ahUKEwiCwLS80tKWAxWpJzQIHdxGMyc4ChDsCXoECDEQBQ,raw/30-A2-serp-0.json.gz
A2,appareil photo numérique vintage,organic,16,www.darty.com,Appareil photo vintage - Achat en ligne,https://www.darty.com/nav/q/photo-appareil-photo-vintage.html,raw/30-A2-serp-0.json.gz
A2,appareil photo numérique vintage,popular_products,4,,,,raw/30-A2-serp-0.json.gz
A2,appareil photo numérique vintage,organic,17,monsieurvintage.com,La nouvelle vie des appareils photo vintage à l'ère ...,https://monsieurvintage.com/life/design/2025/06/appareils-photo-vintage-62737,raw/30-A2-serp-0.json.gz
A2,appareil photo numérique vintage,popular_products,5,,,,raw/30-A2-serp-0.json.gz
A2,appareil photo numérique vintage,organic,18,www.boulanger.com,Appareil photo Compact - Photo vintage,https://www.boulanger.com/c/tous-les-appareils-photos-compacts/facettes_appareil_photo_____ideal_pour~photo20vintage,raw/30-A2-serp-0.json.gz
A2,appareil photo numérique vintage,popular_products,6,,,,raw/30-A2-serp-0.json.gz
A2,appareil photo numérique vintage,popular_products,7,,,,raw/30-A2-serp-0.json.gz
A2,appareil photo numérique vintage,popular_products,8,,,,raw/30-A2-serp-0.json.gz
A2,appareil photo numérique vintage,related_searches,2,,,,raw/30-A2-serp-0.json.gz
A2,appareil photo vintage,organic,1,timelens.fr,Appareils photos vintage,https://timelens.fr/collections/appareils-photos-vintage?srsltid=AfmBOooxPthxC4YhUYeKyH1OiqzmKL1-AxdiuohbjORTctZe2kaoYnk-,raw/30-A2-serp-1.json.gz
A2,appareil photo vintage,organic,2,www.kodak.gtcie.com,Appareils Photo Vintage : Revivez l'âge d'or de la ... - Kodak,https://www.kodak.gtcie.com/fr/53-appareils-photo-vintage,raw/30-A2-serp-1.json.gz
A2,appareil photo vintage,organic,3,papershoot.fr,Quel appareil photo vintage numérique choisir en 2026 ?,https://papershoot.fr/blogs/stories/which-vintage-digital-camera-should-you-choose-in-2026,raw/30-A2-serp-1.json.gz
A2,appareil photo vintage,popular_products,1,,,,raw/30-A2-serp-1.json.gz
A2,appareil photo vintage,organic,4,www.fnac.com,Appareil photo ancien,https://www.fnac.com/photo/appareil-photo-ancien/q,raw/30-A2-serp-1.json.gz
A2,appareil photo vintage,people_also_ask,1,,,,raw/30-A2-serp-1.json.gz
A2,appareil photo vintage,images,1,,Images,https://www.google.com/search?sca_esv=d1581e441e85353e&hl=fr&gl=FR&sxsrf=APpeQnvQIGAxCFy-F0eHaMiDyYpofm5NfQ:1788446527678&q=appareil+photo+vintage&udm=2&source=univ&fir=is8ECCMOWb31dM%252CB7eFcwa5x6JC3M%252C_%253Bh0KykiPkkFKHZM%252CnrQBn5s6e0d-VM%252C_%253BJSsf7RnqoUyDYM%252COh6fgZv-yUb2JM%252C_%253BXXC0YRfTTbqyeM%252CB7eFcwa5x6JC3M%252C_%253Bb27eUapO3njECM%252C4CXzDNW7Mt31TM%252C_%253B3GWtNKvavsllQM%252CKr1i9mlVr7mPpM%252C_%253BWDx9tmR9koHSdM%252C7qJbXVVW25Y6PM%252C_%253BmnjK2HeestuU5M%252CY5_eDeoTPHdq9M%252C_%253BaVEXBcBeJA-bBM%252CI8PaW4O58rKJkM%252C_%253BwX3rsBwlr8WYLM%252CF09E0dyT7cpjxM%252C_%253B3vYKa7QLlOz1eM%252C-_qmxQ5xjmLcLM%252C_%253BcPR2hlqQED5N3M%252CKLOVvKEQIU88UM%252C_&usg=AI4_-kSB4QNwdBtyeXGRbVb04an3osF1Ag&sa=X&ved=2ahUKEwiZlu2_0tKWAxWP_8kDHZ5BIFMQ7Al6BAhvEAU,raw/30-A2-serp-1.json.gz
A2,appareil photo vintage,popular_products,2,,,,raw/30-A2-serp-1.json.gz
A2,appareil photo vintage,organic,5,www.reddit.com,Quels sont les meilleurs appareils photo compacts pour un ...,https://www.reddit.com/r/AnalogCommunity/comments/1m39di1/best_pointandshoot_cameras_for_a_true_vintage/?tl=fr,raw/30-A2-serp-1.json.gz
A2,appareil photo vintage,popular_products,3,,,,raw/30-A2-serp-1.json.gz
A2,appareil photo vintage,organic,6,www.youtube.com,L'appareil photo rétro à 100,https://www.youtube.com/watch?v=2uKzkeDCMK0,raw/30-A2-serp-1.json.gz
A2,appareil photo vintage,organic,7,www.auvieuxformat.com,Appareil photo de collection - Achat / Vente,https://www.auvieuxformat.com/appareil-photo-collection/,raw/30-A2-serp-1.json.gz
A2,appareil photo vintage,organic,8,www.idealo.fr,Appareil Photo Pour Photo Vintage,https://www.idealo.fr/liste/119484317/appareil-photo-pour-photo-vintage.html,raw/30-A2-serp-1.json.gz
A2,appareil photo vintage,organic,9,www.smartphoto.fr,Zoom sur 5 appareils photo vintage incontournables 📸,https://www.smartphoto.fr/inspiration/appareils-photo-vintage-iconique,raw/30-A2-serp-1.json.gz
A2,appareil photo vintage,related_searches,1,,,,raw/30-A2-serp-1.json.gz
A2,appareil photo vintage,organic,10,www.label-emmaus.co,Appareil photo vintage d'occasion à petit prix,https://www.label-emmaus.co/fr/album-photos-ancien-102913208/?srsltid=AfmBOoo_vgl_mtiPILKhz5X6dWjYlT6FPtwaQ1sYaqOtyIkz_xWU8dwA,raw/30-A2-serp-1.json.gz
A2,appareil photo vintage,organic,11,www.forumdephotos.com,Appareil photo pour rendu vintage,https://www.forumdephotos.com/topic/32960-appareil-photo-pour-rendu-vintage/,raw/30-A2-serp-1.json.gz
A2,appareil photo vintage,organic,12,www.amazon.fr,Appareil Photo Vintage Numerique,https://www.amazon.fr/appareil-photo-vintage-numerique/s?k=appareil+photo+vintage+numerique,raw/30-A2-serp-1.json.gz
A2,appareil photo vintage,organic,13,www.mpb.com,Top 2026 des appareils numériques au rendu argentique,https://www.mpb.com/fr-fr/contenu/guides-dachat/top-10-des-appareils-pour-des-photos-type-argentique,raw/30-A2-serp-1.json.gz
A2,appareil photo vintage,images,2,,Images,https://www.google.com/search?sa=N&hl=fr&gl=FR&sca_esv=d1581e441e85353e&sxsrf=APpeQnswo1ZPB_5X3tACiO7rJuJnRbYFjQ:1788446528908&q=appareil+photo+vintage&udm=2&source=univ&fir=wX3rsBwlr8WYLM%252CF09E0dyT7cpjxM%252C_%253B7Uq1DQuE0XuDuM%252C6JDtlPYmTr28nM%252C_%253B3vYKa7QLlOz1eM%252C-_qmxQ5xjmLcLM%252C_%253BcPR2hlqQED5N3M%252CKLOVvKEQIU88UM%252C_%253BWskZsqOV0YYwaM%252CWXNEi4oWSqrcRM%252C_%253B8DcGcORVXRhOCM%252C-_qmxQ5xjmLcLM%252C_%253BuM3BBkU06RHU7M%252CqE9PlmOPVjXTYM%252C_%253BrbYvBxztFX2KIM%252CSHDxCWwysc1lhM%252C_%253BPyUYt0A-IxxFsM%252Cy3lV6CtB5XpRqM%252C_%253BpRLGf8zih8wpQM%252C4CXzDNW7Mt31TM%252C_%253B7N_4h-_CnhpkgM%252CyqgBjZSSAwRdsM%252C_%253BnP6ZanYf1NemXM%252CKLOVvKEQIU88UM%252C_&usg=AI4_-kRR_ZpddHAlQc1CqkzpI3PLsMS3Wg&ved=2ahUKEwiMq7jA0tKWAxXg2MkDHevmJLk4ChDsCXoECDAQBQ,raw/30-A2-serp-1.json.gz
A2,appareil photo vintage,popular_products,4,,,,raw/30-A2-serp-1.json.gz
A2,appareil photo vintage,organic,14,www.appareilphotovintage.fr,Appareil Photo Vintage,https://www.appareilphotovintage.fr/,raw/30-A2-serp-1.json.gz
A2,appareil photo vintage,popular_products,5,,,,raw/30-A2-serp-1.json.gz
A2,appareil photo vintage,organic,15,www.adobe.com,Photographie vintage | Guide pour les débutants,https://www.adobe.com/fr/creativecloud/photography/discover/vintage-photography.html,raw/30-A2-serp-1.json.gz
A2,appareil photo vintage,organic,16,www.kodak.gtcie.com,Kodak C1 : l'appareil photo vintage qui séduit tout le monde,https://www.kodak.gtcie.com/fr/blog/post/59-kodak-C1-appareil-photo-vintage-seduit-tout-le-monde,raw/30-A2-serp-1.json.gz
A2,appareil photo vintage,organic,17,www.darty.com,Appareil photo vintage - Achat en ligne,https://www.darty.com/nav/q/photo-appareil-photo-vintage.html,raw/30-A2-serp-1.json.gz
A2,appareil photo vintage,organic,18,www.facebook.com,L'appareil photo vintage numérique que tout le monde s'arrache,https://www.facebook.com/lavantgardiste/videos/pas-d%C3%A9cran-juste-linstant-pr%C3%A9sent-d%C3%A9couvrez-lenscape-lappareil-photo-qui-vous-ob/1055272296376131/,raw/30-A2-serp-1.json.gz
A2,appareil photo vintage,popular_products,6,,,,raw/30-A2-serp-1.json.gz
A2,appareil photo vintage,related_searches,2,,,,raw/30-A2-serp-1.json.gz
A5,mini liseuse,organic,1,www.liseuses.net,"Test de la mini liseuse 2,7 pouces chinoise à 35€",https://www.liseuses.net/test-mini-liseuse-2-pouces-35/,raw/30-A5-serp-0.json.gz
A5,mini liseuse,organic,2,www.fnac.com,Liseuse numérique Kobo by Fnac - Kobo Mini Noir/Noir,https://www.fnac.com/Liseuse-numerique-Kobo-by-Fnac-Kobo-Mini-Noir-Noir/a4784228/w-4,raw/30-A5-serp-0.json.gz
A5,mini liseuse,organic,3,www.amazon.fr,Kobo Mini - Liseuse,https://www.amazon.fr/kobo-mini/s?k=kobo+mini,raw/30-A5-serp-0.json.gz
A5,mini liseuse,people_also_ask,1,,,,raw/30-A5-serp-0.json.gz
A5,mini liseuse,organic,4,www.reddit.com,"Je cherche un liseuse électronique petite/légère, pas ...",https://www.reddit.com/r/ereader/comments/1n0q08a/looking_for_a_smalllight_non_amazonbased_ereader/?tl=fr,raw/30-A5-serp-0.json.gz
A5,mini liseuse,organic,5,forum.lesnumeriques.com,[Topic Unique] Test Liseuse : Fnac Kobo Mini,https://forum.lesnumeriques.com/t/topic-unique-test-liseuse-fnac-kobo-mini/9894,raw/30-A5-serp-0.json.gz
A5,mini liseuse,organic,6,ambiance-led.com,Mini liseuse LED avec marque-page,https://ambiance-led.com/eclairage-led-interieur/liseuse-led/mini-liseuse-led-avec-marque-page-2/,raw/30-A5-serp-0.json.gz
A5,mini liseuse,organic,7,korben.info,Cette mini liseuse sous Android fait tout tourner,https://korben.info/cette-mini-liseuse-sous-android-fait-tout-tourner-et-franchement-ca-change-tout.html,raw/30-A5-serp-0.json.gz
A5,mini liseuse,compare_sites,1,,Sites de produits,,raw/30-A5-serp-0.json.gz
A5,mini liseuse,popular_products,1,,,,raw/30-A5-serp-0.json.gz
A5,mini liseuse,organic,8,www.20minutes.fr,Liseuses numériques : Quelles sont les plus compactes ...,https://www.20minutes.fr/high-tech/3134855-20211005-liseuses-numeriques-plus-compactes-accompagner-deplacements,raw/30-A5-serp-0.json.gz
A5,mini liseuse,images,1,,Images,https://www.google.com/search?sca_esv=d1581e441e85353e&hl=fr&gl=FR&sxsrf=APpeQnsXWKvulqunBaj2rpT4st9NvFQF5w:1788446543234&q=mini+liseuse&udm=2&source=univ&fir=DKEgnBGXVrFqGM%252CrF30KmGvXKlkcM%252C_%253BRJcOaA17nuTYYM%252CbWSZXc-iwif4vM%252C_%253BPTF2hJxc9yshwM%252Cwi2inFDNg36yAM%252C_%253BRcbOIeWFclIdMM%252CtgLooCj-LyNYfM%252C_%253BzlccwOTMfshJkM%252C2cyazK3xDVriqM%252C_%253BrK3cGnaxu9a80M%252C8j8v3-N2fyRAsM%252C_%253BTca_rbgChRzOdM%252CTVW1FOVzPE8gfM%252C_%253BuNrhpm9aTIh7rM%252Ckta-ZGhmDWxIuM%252C_%253BeR81_JB9-jEnrM%252CzRnBfPa2yB0zzM%252C_&usg=AI4_-kQikGpUi9DKzJNM6cqYuWLYVY_eMA&sa=X&ved=2ahUKEwiSuKLH0tKWAxVTC0QIHal-AHQQ7Al6BAhVEAU,raw/30-A5-serp-0.json.gz
A5,mini liseuse,organic,9,www.boulanger.com,E-book / Liseuse - Retrait 1h en Magasin*,https://www.boulanger.com/c/e-book-liseuse,raw/30-A5-serp-0.json.gz
A5,mini liseuse,related_searches,1,,,,raw/30-A5-serp-0.json.gz
A5,mini liseuse,organic,10,www.reddit.com,"Ipad Mini ou liseuse (type Kindle, Kobo..), quel est selon ...",https://www.reddit.com/r/Livres/comments/1am0p03/ipad_mini_ou_liseuse_type_kindle_kobo_quel_est/,raw/30-A5-serp-0.json.gz
A5,mini liseuse,organic,11,www.youtube.com,"Liseuses Pocketbook Innovantes, Originales et Etranges",https://www.youtube.com/watch?v=aea4AocAqT0,raw/30-A5-serp-0.json.gz
A5,mini liseuse,organic,12,www.idboox.com,Test du reader Kobo Mini by Fnac (vidéo),https://www.idboox.com/liseuse-numerique/test-du-reader-kobo-mini-by-fnac-video/,raw/30-A5-serp-0.json.gz
A5,mini liseuse,organic,13,fr.aliexpress.com,Liseuse petit format 4 pouces,https://fr.aliexpress.com/w/wholesale-liseuse-petit-format.html,raw/30-A5-serp-0.json.gz
A5,mini liseuse,images,2,,Images,https://www.google.com/search?sa=N&hl=fr&gl=FR&sca_esv=d1581e441e85353e&sxsrf=APpeQnuVSLeUhnBnfd6N5By8wamIZaZ9zQ:1788446545058&q=mini+liseuse&udm=2&source=univ&fir=eAEcRi7OeesyYM%252CjNjjKjkA8DKnwM%252C_%253BkVRRhpN5dBYmvM%252CSo3QUCYsm9ImIM%252C_%253BYy4RmmOxDfEd9M%252Cjfsch3Dwd52XEM%252C_%253BNvfvUjRdTzijwM%252CKsvyNnMpQuXoMM%252C_%253BixCsza1RARmKlM%252Ckta-ZGhmDWxIuM%252C_%253B_xGHnbe6VpmYrM%252Ckta-ZGhmDWxIuM%252C_%253BTFHCaPJnXCQheM%252CrF30KmGvXKlkcM%252C_%253BSja3sx2-NtzX5M%252CSo3QUCYsm9ImIM%252C_%253BACpfViweagYYZM%252CrF30KmGvXKlkcM%252C_&usg=AI4_-kQl1zR86BZQc-do0IqyeQUOTMm99Q&ved=2ahUKEwi595HI0tKWAxWwI0QIHZ_gBWY4ChDsCXoECBgQBQ,raw/30-A5-serp-0.json.gz
A5,mini liseuse,organic,14,www.liseuses.net,Des mini liseuses abordables mais limitées ...,https://www.liseuses.net/mini-liseuse-dlhifi-onxy-fanmu/,raw/30-A5-serp-0.json.gz
A5,mini liseuse,organic,15,fr.shopping.rakuten.com,Liseuse Kobo Mini pas cher - Meilleures offres neuf et ...,https://fr.shopping.rakuten.com/s/liseuse+kobo+mini,raw/30-A5-serp-0.json.gz
A5,mini liseuse,organic,16,www.liseuses.net,Voulez-vous une mini liseuse ?,https://www.liseuses.net/voulez-vous-une-mini-liseuse/,raw/30-A5-serp-0.json.gz
A5,mini liseuse,organic,17,www.cultura.com,Liseuse Numérique,https://www.cultura.com/ebook/liseuse.html,raw/30-A5-serp-0.json.gz
A5,mini liseuse,organic,18,www.youtube.com,Here is the SMALLEST e-reader in the world (€35!),https://www.youtube.com/watch?v=qNeIRFGh2hc&vl=fr,raw/30-A5-serp-0.json.gz
A5,mini liseuse,popular_products,2,,,,raw/30-A5-serp-0.json.gz
A5,mini liseuse,popular_products,3,,,,raw/30-A5-serp-0.json.gz
A5,mini liseuse,related_searches,2,,,,raw/30-A5-serp-0.json.gz
A5,liseuse epub,organic,1,www.reddit.com,Je cherche un lecteur d'ebook qui accepte les EPUBs,https://www.reddit.com/r/ereader/comments/1h93fg8/looking_for_ereader_that_accepted_epubs/?tl=fr,raw/30-A5-serp-1.json.gz
A5,liseuse epub,people_also_ask,1,,,,raw/30-A5-serp-1.json.gz
A5,liseuse epub,organic,2,www.liseuses.net,Quelle liseuse lit tous les formats ?,https://www.liseuses.net/liseuse-formats/,raw/30-A5-serp-1.json.gz
A5,liseuse epub,organic,3,www.amazon.fr,Amazon.fr : Liseuse Epub,https://www.amazon.fr/liseuse-epub/s?k=liseuse+epub,raw/30-A5-serp-1.json.gz
A5,liseuse epub,organic,4,www.lesnumeriques.com,Comparatif / 13 liseuses ☆ testées Septembre 2026,https://www.lesnumeriques.com/liseuse/comparatif-liseuses-livres-electroniques-ebooks-a509.html,raw/30-A5-serp-1.json.gz
A5,liseuse epub,organic,5,www.numipage.com,"Choisir sa liseuse : Kindle, Kobo, Vivlio, Bookeen",https://www.numipage.com/comment-bien-choisir-sa-liseuse/,raw/30-A5-serp-1.json.gz
A5,liseuse epub,organic,6,www.cdiscount.com,Liseuse EPUB,https://www.cdiscount.com/informatique/r-liseuse+epub.html,raw/30-A5-serp-1.json.gz
A5,liseuse epub,organic,7,tech.synoptik.fr,Bien choisir une liseuse : les points essentiels,https://tech.synoptik.fr/choisir-liseuse,raw/30-A5-serp-1.json.gz
A5,liseuse epub,organic,8,ereader.kobo.com,Rakuten Kobo Boutique Liseuse,https://ereader.kobo.com/fr-fr/collections/ereaders?srsltid=AfmBOoqUake6ajMmW_PF36wyRqMrexwoMDzQujCe9wbKkL0KZlGZOKdy,raw/30-A5-serp-1.json.gz
A5,liseuse epub,organic,9,blog.bod.fr,Comment ouvrir un fichier ePub sur n'importe quel appareil ?,https://blog.bod.fr/mettre-en-forme/comment-ouvrir-un-fichier-epub/,raw/30-A5-serp-1.json.gz
A5,liseuse epub,organic,10,play.google.com,eBoox: Lecteur de livres epub – Applications sur ...,https://play.google.com/store/apps/details?id=com.reader.books&hl=fr,raw/30-A5-serp-1.json.gz
A5,liseuse epub,related_searches,1,,,,raw/30-A5-serp-1.json.gz
A5,liseuse epub,organic,11,cyplog.com,Lire mon EPUB,https://cyplog.com/fr/page/lire-mon-epub,raw/30-A5-serp-1.json.gz
A5,liseuse epub,organic,12,www.numipage.com,"Comment lire son ebook sur PC, iOs, Android, Kindle et Linux",https://www.numipage.com/comment-lire-un-fichier-epub/,raw/30-A5-serp-1.json.gz
A5,liseuse epub,organic,13,www.journaldemontreal.com,Les 5 meilleures liseuses électroniques (2026) | Nos Recos,https://www.journaldemontreal.com/nos-recos/techno/meilleure-liseuse-2/,raw/30-A5-serp-1.json.gz
A5,liseuse epub,organic,14,pdf.wondershare.fr,Les 5 meilleurs lecteurs EPUB pour Windows,https://pdf.wondershare.fr/read-pdf/epub-reader-for-windows.html,raw/30-A5-serp-1.json.gz
A5,liseuse epub,organic,15,www.boulanger.com,E-book / Liseuse - Retrait 1h en Magasin*,https://www.boulanger.com/c/e-book-liseuse,raw/30-A5-serp-1.json.gz
A5,liseuse epub,organic,16,www.quechoisir.org,Livre électronique - Liseuse - Guide d'achat,https://www.quechoisir.org/guide-d-achat-livres-electroniques-n8451/,raw/30-A5-serp-1.json.gz
A5,liseuse epub,organic,17,www.reddit.com,Meilleur lecteur ebook pour lire des epubs et des pdfs,https://www.reddit.com/r/ereader/comments/1qc10cw/best_ereader_for_readings_epubs_and_pdfs/?tl=fr,raw/30-A5-serp-1.json.gz
A5,liseuse epub,organic,18,www.youtube.com,WHICH E-READER TO BUY? THE COMPLETE GUIDE ...,https://www.youtube.com/watch?v=FfRyGhW1T_s,raw/30-A5-serp-1.json.gz
A5,liseuse epub,organic,19,www.liseuses.net,Liseuse de livres électroniques (ebook) : tout savoir,https://www.liseuses.net/,raw/30-A5-serp-1.json.gz
A5,liseuse epub,organic,20,www.ldlc.com,"Liseuse eBook - Achat, guide & conseil",https://www.ldlc.com/image-son/liseuse-ebook/c5268/,raw/30-A5-serp-1.json.gz
A5,liseuse epub,related_searches,2,,,,raw/30-A5-serp-1.json.gz
A6,rasoir de sûreté,organic,1,www.leperelucien.com,Rasoirs de Sûreté,https://www.leperelucien.com/categorie-produit/rasage/rasoirs-surete/,raw/30-A6-serp-0.json.gz
A6,rasoir de sûreté,people_also_ask,1,,,,raw/30-A6-serp-0.json.gz
A6,rasoir de sûreté,organic,2,www.rasage-classique.com,Rasoir de sûreté | Choix et conseils d'experts,https://www.rasage-classique.com/84-rasoirs-de-surete,raw/30-A6-serp-0.json.gz
A6,rasoir de sûreté,organic,3,www.gillette.fr,Guide du rasage au rasoir de sûreté pour homme,https://www.gillette.fr/fr-fr/astuces-rasage/comment-se-raser/rasage-traditionnel-rasoir-de-surete,raw/30-A6-serp-0.json.gz
A6,rasoir de sûreté,organic,4,tryshavest.com,Rasoir Shavest® Original - Rasoir Femme,https://tryshavest.com/products/rasoir-de-surete-shavest-noir-mat?srsltid=AfmBOoppcyRfJIZl2NDziR9DTRbv_7FJwzqfuV8K9f7Z-Uv_Mfb3QDjZ,raw/30-A6-serp-0.json.gz
A6,rasoir de sûreté,popular_products,1,,,,raw/30-A6-serp-0.json.gz
A6,rasoir de sûreté,organic,5,www.rasage-vintage.com,Comment Choisir son Rasoir de Sûreté ? Nos conseils,https://www.rasage-vintage.com/choisir-rasoir-surete.htm,raw/30-A6-serp-0.json.gz
A6,rasoir de sûreté,popular_products,2,,,,raw/30-A6-serp-0.json.gz
A6,rasoir de sûreté,organic,6,www.lamazuna.com,"Focus sur le rasoir de sûreté, comment et pourquoi l'utiliser ?",https://www.lamazuna.com/blog/focus-sur-le-rasoir-de-surete-comment-et-pourquoi-lutiliser/,raw/30-A6-serp-0.json.gz
A6,rasoir de sûreté,popular_products,3,,,,raw/30-A6-serp-0.json.gz
A6,rasoir de sûreté,organic,7,www.leboucfrancais.fr,Rasoir de sûreté inox Gris,https://www.leboucfrancais.fr/produit/rasoir-surete-francais/?srsltid=AfmBOor9A3nrMBlMSdIJ9EPCvsZKycAKsp4ktwGPRMKTHD5tCrDIi62C,raw/30-A6-serp-0.json.gz
A6,rasoir de sûreté,organic,8,www.youtube.com,Comment utiliser un rasoir de sûreté ?,https://www.youtube.com/watch?v=RkiKxiqbUh8,raw/30-A6-serp-0.json.gz
A6,rasoir de sûreté,organic,9,manandshaving.com,Les meilleurs rasoirs de sûreté pour chaque type d'homme,https://manandshaving.com/fr/blogs/parole-dhomme/les-meilleurs-rasoirs-de-securite-pour-chaque-type-dhomme,raw/30-A6-serp-0.json.gz
A6,rasoir de sûreté,organic,10,plisson1808.com,Rasoir de Sûreté Essentiel Acier Noir,https://plisson1808.com/products/rasoir-surete-essentiel-acier-noir?srsltid=AfmBOoqwAGs22J2WpisawdiYzNSLJkTJePQhnA1vbhdZQYzzryYrAX85,raw/30-A6-serp-0.json.gz
A6,rasoir de sûreté,related_searches,1,,,,raw/30-A6-serp-0.json.gz
A6,rasoir de sûreté,organic,11,www.coifferie.com,Rasoirs de sureté,https://www.coifferie.com/fc/produits-pour-hommes/rasage-classique/rasoir/?srsltid=AfmBOopAaSSDK5isk0gE0oWjlQ5OtDtsoW0jXJigoV3NRf6gxNMmyFDU,raw/30-A6-serp-0.json.gz
A6,rasoir de sûreté,organic,12,shavo.fr,"Rasoir de surete : le guide complet 2026 (choix, technique)",https://shavo.fr/blogs/infos/rasoir-de-surete-guide-complet-2026-technique-et-economies?srsltid=AfmBOopjdiZnUt4QpdBXJPestSSUsPfpCRL4pl4-y2WoJlJEDT5KhQ65,raw/30-A6-serp-0.json.gz
A6,rasoir de sûreté,organic,13,sapiens.co,Rasoir de sûreté : Comment bien le choisir - Sapiens,https://sapiens.co/blogs/magazine/rasoir-surete-comment-choisir?srsltid=AfmBOooZeqq96iaBUqZepaEUozsxXVKacmCC-Y37MGXmKZZmn-byfyoD,raw/30-A6-serp-0.json.gz
A6,rasoir de sûreté,organic,14,lasaladeatout.fr,Mon avis sur le rasoir de sûreté / sécurité,https://lasaladeatout.fr/mon-avis-sur-le-rasoir-de-surete-securite/,raw/30-A6-serp-0.json.gz
A6,rasoir de sûreté,organic,15,www.rasage-classique.com,Top 3 des rasoirs de sûreté Made in France​,https://www.rasage-classique.com/blog/top-3-rasoirs-surete-made-in-france/,raw/30-A6-serp-0.json.gz
A6,rasoir de sûreté,organic,16,www.youtube.com,Comment choisir un rasoir de sûreté ?,https://www.youtube.com/watch?v=39IUcHEeXKk,raw/30-A6-serp-0.json.gz
A6,rasoir de sûreté,popular_products,4,,,,raw/30-A6-serp-0.json.gz
A6,rasoir de sûreté,popular_products,5,,,,raw/30-A6-serp-0.json.gz
A6,rasoir de sûreté,organic,17,www.bivouak-paris.com,Rasoir de Sûreté Fabriqué en France - Rasage à l'Ancienne,https://www.bivouak-paris.com/products/rasoir-de-surete?srsltid=AfmBOorviSZRKTJZE8z9Nl0ODl3YNvirpXMXjta7B-LCjzVTFOeu9QHJ,raw/30-A6-serp-0.json.gz
A6,rasoir de sûreté,popular_products,6,,,,raw/30-A6-serp-0.json.gz
A6,rasoir de sûreté,popular_products,7,,,,raw/30-A6-serp-0.json.gz
A6,rasoir de sûreté,organic,18,www.dailymotion.com,Se raser avec un rasoir de sûreté - Vidéo Dailymotion,https://www.dailymotion.com/video/x9j0f3w,raw/30-A6-serp-0.json.gz
A6,rasoir de sûreté,organic,19,www.amazon.fr,Amazon.fr : Rasoir De Sureté,https://www.amazon.fr/rasoir-de-suret%C3%A9/s?k=rasoir+de+suret%C3%A9,raw/30-A6-serp-0.json.gz
A6,rasoir de sûreté,images,1,,Images,https://www.google.com/search?sa=N&hl=fr&gl=FR&sca_esv=d1581e441e85353e&sxsrf=APpeQnuhvNORIPc-pzsWO-i_a-pw-8Xv6g:1788446574276&q=rasoir+de+s%C3%BBret%C3%A9&udm=2&source=univ&fir=I_y6HxVJMIS9LM%252CLBz-VWwFkF0vEM%252C_%253Bl6Q47LcyZAJ9eM%252CcQzDs3NPAnTChM%252C_%253B6i6ErDVTME1qnM%252CCMYgvqBFzWpEVM%252C_%253B6w-Uo1rEg86npM%252CH4OmiXKmcp-4MM%252C_%253B8knERw6K5ezcaM%252C1SlN_vFZnaj1JM%252C_%253BvgwSaXqjjO9bKM%252Chw76v_3c_YB87M%252C_%253B0JKp8rjcdIm0NM%252CVRUq6sk76-BcJM%252C_%253BzG5tKleCpnlRvM%252CzQp29FZseSiVuM%252C_%253B5ny1X5SpptpgUM%252C2nhHUo14W_BKoM%252C_&usg=AI4_-kQfC9sq-kiOm9-5sLxeOscnAoV37w&ved=2ahUKEwialojW0tKWAxVCDRAIHcjXImc4ChDsCXoECF0QBQ,raw/30-A6-serp-0.json.gz
A6,rasoir de sûreté,related_searches,2,,,,raw/30-A6-serp-0.json.gz
A6,coffret rasage homme,organic,1,www.leboucfrancais.fr,Coffret Rasage Homme - Rasoir de sureté,https://www.leboucfrancais.fr/produit/kit-rasage-ancienne-homme/?srsltid=AfmBOooBRZwKSuUj2RmzHgcffAu3AOFGfanIZGpqocLTCK_9007tZ_go,raw/30-A6-serp-1.json.gz
A6,coffret rasage homme,organic,2,www.unjourunhomme.com,Coffret rasage homme : idée cadeau & kits complets de ...,https://www.unjourunhomme.com/cat-coffret-rasage-homme-51?srsltid=AfmBOopJv6fmLEAcoofrlAwdWStnuFU3QhKv8VgeDPjR18jCUQUcEc63,raw/30-A6-serp-1.json.gz
A6,coffret rasage homme,popular_products,1,,,,raw/30-A6-serp-1.json.gz
A6,coffret rasage homme,compare_sites,1,,Sites de produits,,raw/30-A6-serp-1.json.gz
A6,coffret rasage homme,organic,3,www.monsieurbarbier.com,"Coffrets cadeaux soin, barbe ou rasage pour hommes",https://www.monsieurbarbier.com/collections/coffret-cadeau-homme-beaute-rasage,raw/30-A6-serp-1.json.gz
A6,coffret rasage homme,organic,4,www.rituals.com,Soins barbe et rasage,https://www.rituals.com/fr-fr/collection/homme/beard-shave,raw/30-A6-serp-1.json.gz
A6,coffret rasage homme,popular_products,2,,,,raw/30-A6-serp-1.json.gz
A6,coffret rasage homme,organic,5,fr.loccitane.com,Coffrets Cadeaux Homme | L'Occitane | Rasage & Parfum,https://fr.loccitane.com/idees-cadeaux-pour-homme-coffret-rasage-et-parfum,raw/30-A6-serp-1.json.gz
A6,coffret rasage homme,organic,6,www.idealo.fr,Coffret Homme Rasage - Coffrets soins,https://www.idealo.fr/liste/122291117/coffret-homme-rasage.html,raw/30-A6-serp-1.json.gz
A6,coffret rasage homme,organic,7,www.joybuy.fr,Coffret de rasage homme : Le Guide 2026 pour faire le bon ...,https://www.joybuy.fr/blog/coffret-rasage-homme-guide-choix/B1OCiaBd,raw/30-A6-serp-1.json.gz
A6,coffret rasage homme,popular_products,3,,,,raw/30-A6-serp-1.json.gz
A6,coffret rasage homme,organic,8,www.comptoirdelhomme.com,"Coffret rasage à offrir: rasoir, soin & blaireau ...",https://www.comptoirdelhomme.com/idees-cadeaux/coffret-produits-rasage.html,raw/30-A6-serp-1.json.gz
A6,coffret rasage homme,organic,9,www.barbedudaron.fr,5 coffrets de rasage complets à (s')offrir,https://www.barbedudaron.fr/rasage-blog/coffret-rasage/,raw/30-A6-serp-1.json.gz
A6,coffret rasage homme,images,1,,Images,https://www.google.com/search?sca_esv=d1581e441e85353e&hl=fr&gl=FR&sxsrf=APpeQnvFHdvAVAPj8UrwKfLzAm_Ksg6bsg:1788446577330&q=coffret+rasage+homme&udm=2&source=univ&fir=dLV7EJwl5IR2BM%252Cl46DIF0kPid2rM%252C_%253ByAkPUoXdIihhrM%252C6h0AT1iKet3JBM%252C_%253BwyLnCdAPn9dq8M%252CcV8gfMH9jXIcrM%252C_%253BQw3GsQOnkq8VtM%252CFm6GEi68FTGq8M%252C_%253Byc4mNAvCys4v9M%252CQK3L_VIwAOvYiM%252C_%253BHCF9MX3em56GUM%252Ct9m_HbnbjNw8wM%252C_%253BtZfcwS_bzzGIvM%252CIA4scu2J6DgIzM%252C_%253Br_V1lIEtVGQOKM%252C-OCY2_iR6KRxDM%252C_%253BoeO2_Kg1949JpM%252CkzsmbZNZMY4WgM%252C_&usg=AI4_-kTlhhazd0yQhPyuqn78lJ4lhdWXaw&sa=X&ved=2ahUKEwiepMPX0tKWAxUDATQIHS6QA3wQ7Al6BAhhEAU,raw/30-A6-serp-1.json.gz
A6,coffret rasage homme,people_also_ask,1,,,,raw/30-A6-serp-1.json.gz
A6,coffret rasage homme,related_searches,1,,,,raw/30-A6-serp-1.json.gz
A6,coffret rasage homme,organic,10,www.lachaiselongue.fr,COFFRET RASAGE HOMME,https://www.lachaiselongue.fr/products/coffret-rasage-homme-3-pcs,raw/30-A6-serp-1.json.gz
A6,coffret rasage homme,organic,11,www.yves-rocher.fr,The Old School Box - Coffret Rasage,https://www.yves-rocher.fr/soin-visage/soin-homme/rasage/the-old-school-box-coffret-rasage/p/mp-00000006,raw/30-A6-serp-1.json.gz
A6,coffret rasage homme,organic,12,www.rasage-classique.com,Coffrets Cadeaux de Rasage pour Homme | Offrez le meilleur,https://www.rasage-classique.com/397-coffrets-de-rasage,raw/30-A6-serp-1.json.gz
A6,coffret rasage homme,organic,13,www.amazon.fr,Amazon.fr : Coffret Rasage Homme,https://www.amazon.fr/coffret-rasage-homme/s?k=coffret+rasage+homme,raw/30-A6-serp-1.json.gz
A6,coffret rasage homme,organic,14,www.nocibe.fr,Coffret barbe & rasage ✔️ achetez en ligne,https://www.nocibe.fr/fr/c/soin-visage/coffrets/coffrets-barbe-et-rasage/121306,raw/30-A6-serp-1.json.gz
A6,coffret rasage homme,organic,15,www.bigmoustache.com,Coffret Cadeau Homme | Rasage & Barbe au Poil,https://www.bigmoustache.com/shop/category/coffrets-169,raw/30-A6-serp-1.json.gz
A6,coffret rasage homme,images,2,,Images,https://www.google.com/search?sa=N&hl=fr&gl=FR&sca_esv=d1581e441e85353e&sxsrf=APpeQntGmOfqPvLeyrvA4qn9zKIIGaB0JA:1788446579129&q=coffret+rasage+homme&udm=2&source=univ&fir=tnAkDfZpbycKMM%252CiOjPgOSG1uB0DM%252C_%253BYkDiy6PQTSJveM%252CrUFdJgGXmmZqlM%252C_%253BK91tPIKINjfzXM%252CHwhOH4-R_D0juM%252C_%253Bwz6UYulqQAj_PM%252CmOaRCj1fQXR0xM%252C_%253BfBAYgzPiYaY31M%252ChaaR2MGRPtrqNM%252C_%253BNeqVNrwfBG0ZrM%252CQW3JzXPlnrZk8M%252C_%253BSCRpy6SyO-O_vM%252C1bwEMmrXdWfPPM%252C_%253BssPhpf5LQvru1M%252CnzyY9wmCW2NUKM%252C_%253BTdNFGBT11NDJ7M%252CQW3JzXPlnrZk8M%252C_&usg=AI4_-kSfpiW_a5CMgYgOzvy1c2hdaykqxA&ved=2ahUKEwjJzLHY0tKWAxViFDQIHcLECow4ChDsCXoECFkQBQ,raw/30-A6-serp-1.json.gz
A6,coffret rasage homme,popular_products,4,,,,raw/30-A6-serp-1.json.gz
A6,coffret rasage homme,organic,16,horace.com,Kits Rasage - Soins Naturels pour Homme,https://horace.com/fr/category/rasage-barbe/product-type/kits-rasage,raw/30-A6-serp-1.json.gz
A6,coffret rasage homme,popular_products,5,,,,raw/30-A6-serp-1.json.gz
A6,coffret rasage homme,organic,17,nouslesavons.fr,Coffret Barbe & Rasage,https://nouslesavons.fr/products/coffret-barbe?srsltid=AfmBOopvpLBwGt1cpid0zDWA12ZxzdZNln4BLT8lcb1AqGo2hNH6AgFA,raw/30-A6-serp-1.json.gz
A6,coffret rasage homme,organic,18,www.bonhomme.com,Idées pour un coffret barbe & rasage : cadeau pour homme,https://www.bonhomme.com/actualite/idees-pour-un-coffret-barbe-rasage-cadeau-pour-homme/,raw/30-A6-serp-1.json.gz
A6,coffret rasage homme,popular_products,6,,,,raw/30-A6-serp-1.json.gz
A6,coffret rasage homme,popular_products,7,,,,raw/30-A6-serp-1.json.gz
A6,coffret rasage homme,related_searches,2,,,,raw/30-A6-serp-1.json.gz
B1,étendoir mural pliable,organic,1,www.leroymerlin.fr,Séchoir mural,https://www.leroymerlin.fr/produits/salle-de-bains/accessoires-de-salle-de-bains/accessoires-de-meuble-de-salle-de-bains/etendoir-a-linge/sechoir-mural/,raw/30-B1-serp-0.json.gz
B1,étendoir mural pliable,compare_sites,1,,Sites de produits,,raw/30-B1-serp-0.json.gz
B1,étendoir mural pliable,popular_products,1,,,,raw/30-B1-serp-0.json.gz
B1,étendoir mural pliable,organic,2,www.brabantia.com,Étendoir mural,https://www.brabantia.com/fr/lavage-et-repassage-du-linge/lavage/etendoir-mural/,raw/30-B1-serp-0.json.gz
B1,étendoir mural pliable,images,1,,Images,https://www.google.com/search?sca_esv=d1581e441e85353e&hl=fr&gl=FR&q=%C3%A9tendoir+mural+pliable&udm=2&source=univ&fir=b0ZTjS52VvRFSM%252CbvHDp4Gdmsy3BM%252C_%253B0oUGbbIpuzbc9M%252Cwfz1azE8CvMOWM%252C_%253BcypkDz0O8IjboM%252CQgXq9sMkvRrXzM%252C_%253BL8eaD879jij0HM%252CAP-eNmgKc1yEnM%252C_%253BcRWV3ZuRjazz9M%252C_3yNhvFWjIYOKM%252C_%253B0HszacRLZ9tBgM%252CfKVhAXaJFHx-UM%252C_%253BuP3PmOoppg06QM%252CfXiPkG6W1YxI8M%252C_%253BlCtoV8nxsGGE7M%252CRhljy5o8M7yNUM%252C_%253BiPnHHztZ8E-F8M%252CiBFpHTX9WAWN9M%252C_%253B9HFkWMCsC-JaZM%252CWGHdPZL6_hjovM%252C_%253B8yRqiBTqaRzlWM%252C2knYCBJMQj9TMM%252C_%253B13J0dKP869nqIM%252CGTtDLxr18emwCM%252C_&usg=AI4_-kT8fvlW6pHEBRxTgmbWVlkT8Kk5hw&sa=X&ved=2ahUKEwjVqK3l0tKWAxVVhIkEHUWqBLcQ7Al6BAhoEAU,raw/30-B1-serp-0.json.gz
B1,étendoir mural pliable,organic,3,www.amazon.fr,Sechoir Linge Mural,https://www.amazon.fr/sechoir-linge-mural/s?k=sechoir+linge+mural,raw/30-B1-serp-0.json.gz
B1,étendoir mural pliable,popular_products,2,,,,raw/30-B1-serp-0.json.gz
B1,étendoir mural pliable,people_also_ask,1,,,,raw/30-B1-serp-0.json.gz
B1,étendoir mural pliable,organic,4,www.facebook.com,Petit Hack Amazon avec cet étendoir mural extra plat et super ...,https://www.facebook.com/61550898676536/videos/petit-hack-amazon-avec-cet-%C3%A9tendoir-mural-extra-plat-et-super-pratique-ils-ont-p/1620940818608051/,raw/30-B1-serp-0.json.gz
B1,étendoir mural pliable,popular_products,3,,,,raw/30-B1-serp-0.json.gz
B1,étendoir mural pliable,organic,5,www.leifheit.fr,Séchoirs muraux - Leifheit,https://www.leifheit.fr/fr-fr/sechoirs-muraux/8919,raw/30-B1-serp-0.json.gz
B1,étendoir mural pliable,organic,6,www.aeraly.com,"Étendoir mural | Rabattable, pliable & gain de place",https://www.aeraly.com/collections/etendoir-a-linge-mural?srsltid=AfmBOorwdWPX09jrBXsl4k2ilwyT0sMSNQlIFC22_WcznmSYgslSZXU1,raw/30-B1-serp-0.json.gz
B1,étendoir mural pliable,organic,7,www.youtube.com,Étendoir mural pliable | Séchage rapide & gain de place idéal ...,https://www.youtube.com/watch?v=LQqmBYd1oQM,raw/30-B1-serp-0.json.gz
B1,étendoir mural pliable,organic,8,www.leguide.com,Etendoir mural - Comparez les prix avec LeGuide par Kelkoo,https://www.leguide.com/recherche?mots=Etendoir+mural&ts=true,raw/30-B1-serp-0.json.gz
B1,étendoir mural pliable,organic,9,www.leboncoin.fr,Annonces etendoir mural pliable d'occasion - Ameublement,https://www.leboncoin.fr/ck/ameublement/etendoir-mural-pliable,raw/30-B1-serp-0.json.gz
B1,étendoir mural pliable,related_searches,1,,,,raw/30-B1-serp-0.json.gz
B1,étendoir mural pliable,popular_products,4,,,,raw/30-B1-serp-0.json.gz
B1,étendoir mural pliable,popular_products,5,,,,raw/30-B1-serp-0.json.gz
B1,étendoir mural pliable,images,2,,Images,https://www.google.com/search?sa=N&hl=fr&gl=FR&sca_esv=d1581e441e85353e&q=%C3%A9tendoir+mural+pliable&udm=2&source=univ&fir=Yvh8lOax0ysq9M%252CWGHdPZL6_hjovM%252C_%253BC7ullx1EcLbC3M%252C2knYCBJMQj9TMM%252C_%253B13J0dKP869nqIM%252CGTtDLxr18emwCM%252C_%253B4XKkLelzG9i29M%252CrAoIVjN-qsw87M%252C_%253B20UQJRhwoDFyIM%252CbV1WMVhHX-U9zM%252C_%253BCKUhuPqvRjOUgM%252Cw29g0KeyRcVAyM%252C_%253B5BjY-CBb2WjE0M%252CQgXq9sMkvRrXzM%252C_%253BbFq4FNSbgiSD8M%252CiBFpHTX9WAWN9M%252C_%253BSCDKRunmE4t5CM%252C-lQY1WOcMu-y8M%252C_&usg=AI4_-kS5RT3VhRAHyMU5sO98p6_8qQ_6LA&ved=2ahUKEwjixIPm0tKWAxVvw_ACHQSMOZU4ChDsCXoECGgQBQ,raw/30-B1-serp-0.json.gz
B1,étendoir mural pliable,popular_products,6,,,,raw/30-B1-serp-0.json.gz
B1,étendoir mural pliable,organic,10,www.leguide.com,Etendoir mural - Comparez les prix avec LeGuide par Kelkoo,https://www.leguide.com/recherche?mots=Etendoir+mural&ts=true,raw/30-B1-serp-0.json.gz
B1,étendoir mural pliable,organic,11,www.tiktok.com,Étendoir à linge mural repliable : un must pour buanderies,https://www.tiktok.com/@flotuto/video/7498818779355401494?lang=fr,raw/30-B1-serp-0.json.gz
B1,étendoir mural pliable,organic,12,monetendoir.fr,Etendoir mural pliable - Monetendoir.fr,https://monetendoir.fr/etendoir-maia-detail.html,raw/30-B1-serp-0.json.gz
B1,étendoir mural pliable,organic,13,www.idealo.fr,Étendoir À Linge Mural,https://www.idealo.fr/liste/118901445/etendoir-a-linge-mural.html,raw/30-B1-serp-0.json.gz
B1,étendoir mural pliable,popular_products,7,,,,raw/30-B1-serp-0.json.gz
B1,étendoir mural pliable,organic,14,www.instagram.com,"l'étendoir mural rabattable !  Plus de place au sol, et ton linge ...",https://www.instagram.com/reel/DP-40oBjL7a/?hl=fr,raw/30-B1-serp-0.json.gz
B1,étendoir mural pliable,organic,15,www.manomano.fr,Etendoir mural,https://www.manomano.fr/cat/etendoir+mural,raw/30-B1-serp-0.json.gz
B1,étendoir mural pliable,organic,16,www.cdiscount.com,Étendoir à linge mural pliable,https://www.cdiscount.com/maison/r-etendoir+a+linge+mural+pliable.html,raw/30-B1-serp-0.json.gz
B1,étendoir mural pliable,organic,17,www.instagram.com,Pratique et malin  ! Ce sèche-linge mural pliable est la ...,https://www.instagram.com/reel/DN0lM0eWu4V/?hl=fr,raw/30-B1-serp-0.json.gz
B1,étendoir mural pliable,organic,18,www.lionshome.fr,Étendoirs muraux extensibles (2026) Meilleures Ventes,https://www.lionshome.fr/accessoires-etendoir/mural-extensible/,raw/30-B1-serp-0.json.gz
B1,étendoir mural pliable,related_searches,2,,,,raw/30-B1-serp-0.json.gz
B1,étendoir mural,popular_products,1,,,,raw/30-B1-serp-1.json.gz
B1,étendoir mural,compare_sites,1,,Sites de produits,,raw/30-B1-serp-1.json.gz
B1,étendoir mural,organic,1,www.ikea.com,Étendoir à linge,https://www.ikea.com/fr/fr/cat/sechoirs-a-linge-20602/,raw/30-B1-serp-1.json.gz
B1,étendoir mural,organic,2,www.brabantia.com,Étendoir mural,https://www.brabantia.com/fr/lavage-et-repassage-du-linge/lavage/etendoir-mural/,raw/30-B1-serp-1.json.gz
B1,étendoir mural,images,1,,Images,https://www.google.com/search?sca_esv=b3c1e19d2392f166&hl=fr&gl=FR&q=%C3%A9tendoir+mural&udm=2&source=univ&fir=68ME_0wfphsEOM%252Cbhdss--SidFl5M%252C_%253Bnq0DkHi7DMzoSM%252C6TX26aZ_og4arM%252C_%253Bb0ZTjS52VvRFSM%252CbvHDp4Gdmsy3BM%252C_%253BuP3PmOoppg06QM%252CfXiPkG6W1YxI8M%252C_%253BG9iSIPr7u23JbM%252C3S4MzGUvi24-oM%252C_%253B0iJB0KSlPGwKOM%252CwRhJVDvf-KdKNM%252C_%253BpyAFgb_Tw9nfqM%252CLkmSWhQq-SlQEM%252C_%253BXhm6GqbrcQgy4M%252CohROlaQyD_lGSM%252C_%253BmdwQLgzv7C5oMM%252CCsT9EUemoV4QLM%252C_%253B0HszacRLZ9tBgM%252CfKVhAXaJFHx-UM%252C_%253BiPnHHztZ8E-F8M%252CiBFpHTX9WAWN9M%252C_%253Boyz9bl6yMrEzQM%252C-Ip3RadKWsVzQM%252C_&usg=AI4_-kQRPb_0D7HCOSChES8-bf5C27URvg&sa=X&ved=2ahUKEwihiozn0tKWAxUUhv0HHQd2NmYQ7Al6BAhcEAU,raw/30-B1-serp-1.json.gz
B1,étendoir mural,organic,3,www.leroymerlin.fr,Séchoir mural,https://www.leroymerlin.fr/produits/salle-de-bains/accessoires-de-salle-de-bains/accessoires-de-meuble-de-salle-de-bains/etendoir-a-linge/sechoir-mural/,raw/30-B1-serp-1.json.gz
B1,étendoir mural,popular_products,2,,,,raw/30-B1-serp-1.json.gz
B1,étendoir mural,people_also_ask,1,,,,raw/30-B1-serp-1.json.gz
B1,étendoir mural,organic,4,www.leifheit.fr,Séchoirs muraux - Leifheit,https://www.leifheit.fr/fr-fr/sechoirs-muraux/8919,raw/30-B1-serp-1.json.gz
B1,étendoir mural,short_videos,1,,Vidéos courtes,,raw/30-B1-serp-1.json.gz
B1,étendoir mural,organic,5,www.facebook.com,Petit Hack Amazon avec cet étendoir mural extra plat et super ...,https://www.facebook.com/61550898676536/videos/petit-hack-amazon-avec-cet-%C3%A9tendoir-mural-extra-plat-et-super-pratique-ils-ont-p/1620940818608051/,raw/30-B1-serp-1.json.gz
B1,étendoir mural,organic,6,www.aeraly.com,"Étendoir mural | Rabattable, pliable & gain de place",https://www.aeraly.com/collections/etendoir-a-linge-mural?srsltid=AfmBOorsor3SCgzasXbVHWzueIfalak5ny-zsSon8XZiHHlCa9Zm-stP,raw/30-B1-serp-1.json.gz
B1,étendoir mural,organic,7,www.manomano.fr,Etendoir mural,https://www.manomano.fr/cat/etendoir+mural,raw/30-B1-serp-1.json.gz
B1,étendoir mural,organic,8,www.amazon.fr,Amazon.fr : Etendoir Mural,https://www.amazon.fr/etendoir-mural/s?k=etendoir+mural,raw/30-B1-serp-1.json.gz
B1,étendoir mural,related_searches,1,,,,raw/30-B1-serp-1.json.gz
B1,étendoir mural,popular_products,3,,,,raw/30-B1-serp-1.json.gz
B1,étendoir mural,organic,9,www.youtube.com,Étendoir mural pliable | Séchage rapide & gain de place idéal ...,https://www.youtube.com/watch?v=LQqmBYd1oQM,raw/30-B1-serp-1.json.gz
B1,étendoir mural,images,2,,Images,https://www.google.com/search?sa=N&hl=fr&gl=FR&sca_esv=b3c1e19d2392f166&q=%C3%A9tendoir+mural&udm=2&source=univ&fir=bC3syfep51yREM%252C71YbEQllU1qveM%252C_%253BBB1y7zUxX9QdFM%252CvAHIj3t_v0uxuM%252C_%253BqE2PkfudxrMb8M%252CgM4rDMMQfwIW0M%252C_%253BbiQ3mFMIKA4juM%252CX15k02VQ1faKKM%252C_%253BKsGDx475ZMlCNM%252CgIufuURQlPHOkM%252C_%253BUL3Kj7WyE3M98M%252CvAHIj3t_v0uxuM%252C_%253BphtMjVyhR13waM%252C3S4MzGUvi24-oM%252C_%253B4NSwfi7Y0BOvYM%252CnBSx8NrJXxapOM%252C_%253B2WZmFRSxe5TRVM%252CCgWm1MiAp4bC1M%252C_%253BU0VkJ1oxo9_PjM%252CXfrGj3biQmiu_M%252C_%253B5qaRlyEcoL_3kM%252C-lQY1WOcMu-y8M%252C_%253BJzp3Ko4qZVm6YM%252C3S4MzGUvi24-oM%252C_&usg=AI4_-kS7FaEGo9Mtm1RlRzSmq9wRK0Myqw&ved=2ahUKEwiy88Dn0tKWAxXlgv0HHaLpE2g4ChDsCXoECCEQBQ,raw/30-B1-serp-1.json.gz
B1,étendoir mural,popular_products,4,,,,raw/30-B1-serp-1.json.gz
B1,étendoir mural,organic,10,www.cherchons.com,Séchoir à linge mural - Comparer les prix avec ...,https://www.cherchons.com/dossier/sechoir-a-linge-mural.html,raw/30-B1-serp-1.json.gz
B1,étendoir mural,organic,11,www.leguide.com,Etendoir mural - Comparez les prix avec LeGuide par Kelkoo,https://www.leguide.com/recherche?mots=Etendoir+mural&ts=true,raw/30-B1-serp-1.json.gz
B1,étendoir mural,popular_products,5,,,,raw/30-B1-serp-1.json.gz
B1,étendoir mural,organic,12,www.tiktok.com,Étendoir à linge mural repliable : un must pour buanderies,https://www.tiktok.com/@flotuto/video/7498818779355401494?lang=fr,raw/30-B1-serp-1.json.gz
B1,étendoir mural,organic,13,www.castorama.fr,Etendoir à linge mural,https://www.castorama.fr/etendoir-a-linge-mural/cat_id_0004636.cat,raw/30-B1-serp-1.json.gz
B1,étendoir mural,organic,14,www.instagram.com,Sechoir a linge mural 80cm,https://www.instagram.com/reel/DaWQJlfA0VC/,raw/30-B1-serp-1.json.gz
B1,étendoir mural,popular_products,6,,,,raw/30-B1-serp-1.json.gz
B1,étendoir mural,organic,15,www.laredoute.fr,Étendoir à linge mural,https://www.laredoute.fr/lndng/ctlg.aspx?artcl=etendoir-a-linge-mural,raw/30-B1-serp-1.json.gz
B1,étendoir mural,organic,16,www.home24.fr,Étendoir mural | Je commande,https://www.home24.fr/article/etendoir-mural?srsltid=AfmBOor_hglglUHSonh1xwSQiowMUHlaDYcpmtE-XnWfKMSOGBBamP11,raw/30-B1-serp-1.json.gz
B1,étendoir mural,organic,17,www.centrakor.com,Etendoir mural étirable 21m,https://www.centrakor.com/etendoir-mural-etirable-21m-258250.html,raw/30-B1-serp-1.json.gz
B1,étendoir mural,related_searches,2,,,,raw/30-B1-serp-1.json.gz
B2,support vélo mural pivotant,images,1,,"LeKuni Support Velo Mural 2 Pièces Porte Velo Mural Pivotant - Support  Mural Velo 100% Acier Ratelier Velo Garage, Organisation Du Garage  Économiser ...",,raw/30-B2-serp-0.json.gz
B2,support vélo mural pivotant,short_videos,1,,Vidéos courtes,,raw/30-B2-serp-0.json.gz
B2,support vélo mural pivotant,organic,1,www.leroymerlin.fr,"Support Mural pour vélo, pivotant, Support Vertical ...",https://www.leroymerlin.fr/produits/support-mural-pour-velo-pivotant-support-vertical-pour-garage-vtt-vtt-support-mural-1-ensemble-79171739.html,raw/30-B2-serp-0.json.gz
B2,support vélo mural pivotant,compare_sites,1,,Sites de produits,,raw/30-B2-serp-0.json.gz
B2,support vélo mural pivotant,popular_products,1,,,,raw/30-B2-serp-0.json.gz
B2,support vélo mural pivotant,popular_products,2,,,,raw/30-B2-serp-0.json.gz
B2,support vélo mural pivotant,people_also_ask,1,,,,raw/30-B2-serp-0.json.gz
B2,support vélo mural pivotant,video,1,,,,raw/30-B2-serp-0.json.gz
B2,support vélo mural pivotant,organic,2,vddworld.fr,système de suspension pour vélo - pivotant - 2.1 à 2.8 inch,https://vddworld.fr/product/support-mural-pour-vlo-systme-de-suspension-pour-vlo-pivotant-2-1-2-8-inch/,raw/30-B2-serp-0.json.gz
B2,support vélo mural pivotant,popular_products,3,,,,raw/30-B2-serp-0.json.gz
B2,support vélo mural pivotant,organic,3,www.rosebikes.fr,Supports muraux pour vélo,https://www.rosebikes.fr/composants-de-v%C3%A9lo/pieds-et-supports-v%C3%A9lo/supports-v%C3%A9lo/supports-muraux?srsltid=AfmBOoq8HA7f9Vpv7dotM65mgaIzxD7g0PvCTJpLwfC26HR8D4MGdsFU,raw/30-B2-serp-0.json.gz
B2,support vélo mural pivotant,organic,4,www.mobilier-collectivites.fr,Support à vélo mural pivotant MOTTEZ,https://www.mobilier-collectivites.fr/amenagement-urbain/solution-velos-et-motos/ratelier-velos/support-a-velo-mural-pivotant-mottez.html?srsltid=AfmBOoqo6RCw4uPKuTrFY9h4jEy8ED4XkqSqwEIprZeTSM-_XRup2eBX,raw/30-B2-serp-0.json.gz
B2,support vélo mural pivotant,organic,5,www.sprintis.fr,"Support vélo mural, pivotant à 180°, en métal - SPRINTIS",https://www.sprintis.fr/Equipement-entreprise/Support-velo/Support-velo-mural-pivotant-180-en-metal.html,raw/30-B2-serp-0.json.gz
B2,support vélo mural pivotant,organic,6,www.rackandride.com,"Support vélo mural : vertical, horizontal ou pivotant",https://www.rackandride.com/fr/blogs/conseils/support-velo-vertical-horizontal-pivotant,raw/30-B2-serp-0.json.gz
B2,support vélo mural pivotant,organic,7,www.facebook.com,Astuce chez PRO BIKE ! Découvrez le Steadyrack Mountain ...,https://www.facebook.com/probikespecialized/videos/-astuce-chez-pro-bike-d%C3%A9couvrez-le-steadyrack-mountain-bike-rack-la-solution-id%C3%A9/1132066117999947/,raw/30-B2-serp-0.json.gz
B2,support vélo mural pivotant,related_searches,1,,,,raw/30-B2-serp-0.json.gz
B2,support vélo mural pivotant,organic,8,www.mobilier-collectivites.fr,Support à vélo mural pivotant MOTTEZ,https://www.mobilier-collectivites.fr/amenagement-urbain/solution-velos-et-motos/ratelier-velos/support-a-velo-mural-pivotant-mottez.html?srsltid=AfmBOooLbQa3O9SnfAy5nVrb2ZPr39wc-DlOEBlvrH-WvNWb4437Osda,raw/30-B2-serp-0.json.gz
B2,support vélo mural pivotant,organic,9,www.decathlon.fr,"Rack & Support Vélo : au sol, mural & plafond.",https://www.decathlon.fr/tous-les-sports/velo-cyclisme/rack-support-velo,raw/30-B2-serp-0.json.gz
B2,support vélo mural pivotant,organic,10,www.magequip.com,Support Vélo Mural Pivotant,https://www.magequip.com/support-velo-mural-pivotant.html?srsltid=AfmBOooY4_0hnjD6NRhmoeIR1OwE2XR8tO27TnWeyqYjW-CUGer18-Bg,raw/30-B2-serp-0.json.gz
B2,support vélo mural pivotant,organic,11,www.idealo.fr,Mottez Support mural (1place),https://www.idealo.fr/prix/2520279/mottez-support-mural-1place.html,raw/30-B2-serp-0.json.gz
B2,support vélo mural pivotant,popular_products,4,,,,raw/30-B2-serp-0.json.gz
B2,support vélo mural pivotant,organic,12,www.amazon.fr,Range Velo Mural Pivotant,https://www.amazon.fr/range-velo-mural-pivotant/s?k=range+velo+mural+pivotant,raw/30-B2-serp-0.json.gz
B2,support vélo mural pivotant,organic,13,www.cdiscount.com,Support vélo mural,https://www.cdiscount.com/le-sport/velos-tandem-tricycle-monocycle-remorque-casque/accessoire-velo/support-velo-mural/l-121192424.html,raw/30-B2-serp-0.json.gz
B2,support vélo mural pivotant,organic,14,www.reichelt.com,"Support mural pour vélo, pivotant, jusqu'à 35 kg, pliable",https://www.reichelt.com/fr/fr/shop/produit/bike_-_support_mural_pour_velo_pivotant_jusqu_a_35_kg_pliable-393175,raw/30-B2-serp-0.json.gz
B2,support vélo mural pivotant,organic,15,treecodeit.com,Support Vélo Mural Pliable Pivotant – Métal Solide ...,https://treecodeit.com/1183221/Support-V-lo-Mural-Pliable-Pivotant-M-tal-Solide,raw/30-B2-serp-0.json.gz
B2,support vélo mural pivotant,organic,16,buzzrackpro.com,Support Vélo Vertical Mural Pivotant,https://buzzrackpro.com/fr/rangement/307-support-v%C3%A9lo-vertical-mural-pivotant-3701392945593.html,raw/30-B2-serp-0.json.gz
B2,support vélo mural pivotant,organic,17,restlessbike.com,Support Mural Vélo Pivotant 180° Bike Hand YC-93,https://restlessbike.com/fr/supports-muraux-et-crochets-pour-velo/445-support-mural-velo-pivotant-180-bike-hand-yc-93.html?srsltid=AfmBOoqDM0hppJkfsXmijjiyPL7rOFxemy_GSGys1Wn8OTIz2GSMXHk3,raw/30-B2-serp-0.json.gz
B2,support vélo mural pivotant,related_searches,2,,,,raw/30-B2-serp-0.json.gz
B2,support vélo mural,popular_products,1,,,,raw/30-B2-serp-1.json.gz
B2,support vélo mural,popular_products,2,,,,raw/30-B2-serp-1.json.gz
B2,support vélo mural,video,1,,,,raw/30-B2-serp-1.json.gz
B2,support vélo mural,popular_products,3,,,,raw/30-B2-serp-1.json.gz
B2,support vélo mural,organic,1,www.amsterdamair.fr,Support de vélo mural pour 2 à 8 vélos,https://www.amsterdamair.fr/6539-support-de-velo-mural-pour-2-a-8-velos.html?srsltid=AfmBOooLkFBPiWyt3ZHkSN2-vpBaCuCHsZDGVCAfhTfz4GVu3UKtN7Dt,raw/30-B2-serp-1.json.gz
B2,support vélo mural,images,1,,Images,https://www.google.com/search?sca_esv=d1581e441e85353e&hl=fr&gl=FR&q=support+v%C3%A9lo+mural&udm=2&source=univ&fir=u9BQxgz-ND3S1M%252CRoIeqVH6hceNFM%252C_%253B0UgmBJqH4EaMjM%252CxhVODWCUGB_xkM%252C_%253BFPdZs-A4Rd3poM%252CO481xXUeWR0jSM%252C_%253BvlmqXTZ5eW1aEM%252CC5E0a6qd-adtwM%252C_%253BGhrAOz60cvyXaM%252CwXuGTjoxj5XzkM%252C_%253BcYFRPg7pQLpv7M%252Cw9xvhoTHKD8BoM%252C_%253BCt0KItXhkwBHHM%252CkvrK7Ec0FD8KHM%252C_%253B9106qwjh0j8WKM%252CflfoC9LxecM8bM%252C_%253Bam28s5t2lQTZrM%252CiOf7Ixfz2xe-IM%252C_%253BCx-f96qEJ2gYBM%252CyRZErHVytdZMHM%252C_%253BbWfUy40V3UDo-M%252CAp1KgircqPDLMM%252C_%253BvdEphtBjBOpB3M%252CYBz2gutRCA50wM%252C_&usg=AI4_-kT9pYwgevjnT6PP8duU_pVGDDTJ8w&sa=X&ved=2ahUKEwi4ubTz0tKWAxWkJEQIHa_iLaAQ7Al6BAh4EAU,raw/30-B2-serp-1.json.gz
B2,support vélo mural,popular_products,4,,,,raw/30-B2-serp-1.json.gz
B2,support vélo mural,people_also_ask,1,,,,raw/30-B2-serp-1.json.gz
B2,support vélo mural,organic,2,cyclmania.com,Support velo avec gain de place et fixation sécurisée,https://cyclmania.com/products/support-velo-stronghook?srsltid=AfmBOorHiN2abzxItfVk_ZVk-IHUDXHz2QNeaum5B5e0tm8nT7aywjH6,raw/30-B2-serp-1.json.gz
B2,support vélo mural,organic,3,www.decathlon.fr,"Rack & Support Vélo : au sol, mural & plafond.",https://www.decathlon.fr/tous-les-sports/velo-cyclisme/rack-support-velo,raw/30-B2-serp-1.json.gz
B2,support vélo mural,organic,4,www.amazon.fr,Optio Cycle Support Velo Mural Horizontal Pliable – Porte ...,https://www.amazon.fr/Optio-Cycle-Support-Velo-Mural/dp/B0CKR26P7F,raw/30-B2-serp-1.json.gz
B2,support vélo mural,organic,5,www.tecnomat.fr,Support velo mural: au meilleur prix | Tecnomat / ex Bricoman,https://www.tecnomat.fr/quincaillerie-rangement/rangement/rangement-de-garage/support-velo-mural-p.html,raw/30-B2-serp-1.json.gz
B2,support vélo mural,organic,6,www.santafixie.fr,Meilleurs supports pour vélo : Top 10 des modèles en 2026,https://www.santafixie.fr/blogfr/les-5-meilleurs-supports-de-velo/,raw/30-B2-serp-1.json.gz
B2,support vélo mural,organic,7,www.notreloft.com,Porte-vélo mural : 28 supports au design original,https://www.notreloft.com/porte-velo-mural/,raw/30-B2-serp-1.json.gz
B2,support vélo mural,organic,8,www.castorama.fr,Support velo mural,https://www.castorama.fr/vb/support-velo-mural,raw/30-B2-serp-1.json.gz
B2,support vélo mural,related_searches,1,,,,raw/30-B2-serp-1.json.gz
B2,support vélo mural,popular_products,5,,,,raw/30-B2-serp-1.json.gz
B2,support vélo mural,popular_products,6,,,,raw/30-B2-serp-1.json.gz
B2,support vélo mural,organic,9,www.cdiscount.com,Support vélo mural,https://www.cdiscount.com/le-sport/velos-tandem-tricycle-monocycle-remorque-casque/accessoire-velo/support-velo-mural/l-121192424.html,raw/30-B2-serp-1.json.gz
B2,support vélo mural,organic,10,www.velotafeur.fr,Rangement vélo - Supports vélo muraux,https://www.velotafeur.fr/rangement-velo-1/support-velo-mural/,raw/30-B2-serp-1.json.gz
B2,support vélo mural,organic,11,www.youtube.com,"Steadyrack, le meilleur support mural pour vélo !",https://www.youtube.com/watch?v=eGB21SLTTmU,raw/30-B2-serp-1.json.gz
B2,support vélo mural,popular_products,7,,,,raw/30-B2-serp-1.json.gz
B2,support vélo mural,organic,12,www.norauto.fr,"Range vélo, râtelier vélo, support mural vélo",https://www.norauto.fr/c/48290-support-et-range-velo.html,raw/30-B2-serp-1.json.gz
B2,support vélo mural,popular_products,8,,,,raw/30-B2-serp-1.json.gz
B2,support vélo mural,organic,13,portevelo-mottez.com,Support vélo mural vertical,https://portevelo-mottez.com/produit/support-velo-mural-vertical/?srsltid=AfmBOorPw-B2xIEb7RjigeM_I4dhjB_cGjq474aDsFALJvrNs4FIVl5C,raw/30-B2-serp-1.json.gz
B2,support vélo mural,organic,14,www.alltricks.fr,Supports - Racks Vélo,https://www.alltricks.fr/C-168788-supports-_-racks-a-velos,raw/30-B2-serp-1.json.gz
B2,support vélo mural,images,2,,Images,https://www.google.com/search?sa=N&hl=fr&gl=FR&sca_esv=d1581e441e85353e&q=support+v%C3%A9lo+mural&udm=2&source=univ&fir=J7pobZz5Jrz0kM%252CWLmPPQ3N3CYHbM%252C_%253BDh8OkPiqv1xGeM%252Cc1mi2-NeqDmb5M%252C_%253BuuYLR5247aXAvM%252CNy-kr1AHZM2mSM%252C_%253BxUZb3gqy-GxtRM%252Cd4nsO1dFQyKO1M%252C_%253BQUi6_q5jqjn-7M%252CKAQHG0LRx26roM%252C_%253B3gFDq7NROvUVDM%252CNzaeIuws1OyQ1M%252C_%253BoHQh3WCDMH_QVM%252CjEZRTOZd8obI0M%252C_%253BamLSrPgr_vy_GM%252C76QVCRxRtdhSJM%252C_%253B6syKyRyvqkDX6M%252CD4HYHY3CvMDnnM%252C_%253BpDhtc9WZZsF7EM%252CKb7SkAnRbeKeHM%252C_%253B4-WYDluxYDNBaM%252CW0sBYXGBPQ4XpM%252C_%253BcfiGtjXUg2xA9M%252Cjq_YTTVt_9qdVM%252C_&usg=AI4_-kTiOx_fGKdSI__ia4ssdg_9n4cl_g&ved=2ahUKEwii06z10tKWAxUVdaQEHaAHDsM4ChDsCXoECG0QBQ,raw/30-B2-serp-1.json.gz
B2,support vélo mural,organic,15,www.facebook.com,Astuce chez PRO BIKE ! Découvrez le Steadyrack Mountain ...,https://www.facebook.com/probikespecialized/videos/-astuce-chez-pro-bike-d%C3%A9couvrez-le-steadyrack-mountain-bike-rack-la-solution-id%C3%A9/1132066117999947/,raw/30-B2-serp-1.json.gz
B2,support vélo mural,organic,16,ledenicheur.fr,Support mural vtt – Trouvez le meilleur prix,https://ledenicheur.fr/s/support-mural-vtt/,raw/30-B2-serp-1.json.gz
B2,support vélo mural,organic,17,www.bike24.fr,Support Vélo Mural - Achat en Ligne - BIKE24,https://www.bike24.fr/cyclisme/accessoires/support-velo/porte-velo-mural,raw/30-B2-serp-1.json.gz
B2,support vélo mural,related_searches,2,,,,raw/30-B2-serp-1.json.gz
B3,moustiquaire fenêtre sans perçage,images,1,,Images,https://www.google.com/search?sca_esv=d1581e441e85353e&hl=fr&gl=FR&q=moustiquaire+fen%C3%AAtre+sans+per%C3%A7age&udm=2&source=univ&fir=ZqPSYslyzMOwcM%252CqVUj_dprgkvTiM%252C_%253BiNJ2GsoMj8m6DM%252Cqr70ud6YGFyZwM%252C_%253BUeOWZ-DRmRm_TM%252C3jga-fMAfr9IfM%252C_%253Bja-aTJe7Fv6XpM%252CMnd1SqWtwq8hPM%252C_%253BIheI9SUC1tVYNM%252Cb65mH-9KjXdqjM%252C_%253BdGHRkLKK-DnuQM%252C6Axj81yHqSZ_XM%252C_%253BpaXUHWOtAf8S6M%252CNkNIIhbsQA4pgM%252C_%253BbxwByqFIq7JlLM%252CpCqijlz-8Yuq0M%252C_%253BveUxeICaa5JmlM%252CCmaI849LEeYdOM%252C_&usg=AI4_-kRXNSvc1auPkRTFx5bfjRuR-A49eg&sa=X&ved=2ahUKEwjNqsr80tKWAxWwQ6QEHX4YIdYQ7Al6BAgdEAU,raw/30-B3-serp-0.json.gz
B3,moustiquaire fenêtre sans perçage,popular_products,1,,,,raw/30-B3-serp-0.json.gz
B3,moustiquaire fenêtre sans perçage,compare_sites,1,,Sites de produits,,raw/30-B3-serp-0.json.gz
B3,moustiquaire fenêtre sans perçage,people_also_ask,1,,,,raw/30-B3-serp-0.json.gz
B3,moustiquaire fenêtre sans perçage,organic,1,www.stores-discount.com,Moustiquaire sans perçage sur mesure,https://www.stores-discount.com/c/moustiquaire-sans-percage/,raw/30-B3-serp-0.json.gz
B3,moustiquaire fenêtre sans perçage,people_also_search,1,,Recherchez des produits et services associés,,raw/30-B3-serp-0.json.gz
B3,moustiquaire fenêtre sans perçage,organic,2,www.kocoon.fr,Moustiquaire avec une pose sans perçage,https://www.kocoon.fr/22-moustiquaires-sans-percage,raw/30-B3-serp-0.json.gz
B3,moustiquaire fenêtre sans perçage,popular_products,2,,,,raw/30-B3-serp-0.json.gz
B3,moustiquaire fenêtre sans perçage,video,1,,,,raw/30-B3-serp-0.json.gz
B3,moustiquaire fenêtre sans perçage,organic,3,www.leroymerlin.fr,Moustiquaire fenêtre sans perçage,https://www.leroymerlin.fr/produits/menuiserie/moustiquaire/moustiquaire-fenetre/moustiquaire-fenetre-sans-percage/,raw/30-B3-serp-0.json.gz
B3,moustiquaire fenêtre sans perçage,popular_products,3,,,,raw/30-B3-serp-0.json.gz
B3,moustiquaire fenêtre sans perçage,organic,4,www.volet-moustiquaire.com,Moustiquaire Cadre Extensible pour Fenêtre sans perçage,https://www.volet-moustiquaire.com/moustiquaire-pour-fenetre/9444-moustiquaire-cadre-extensible-pour-fenetre-sans-percage-3760065595657.html,raw/30-B3-serp-0.json.gz
B3,moustiquaire fenêtre sans perçage,organic,5,www.voletshop.fr,La moustiquaire sans perçage est-elle la solution idéale ?,https://www.voletshop.fr/conseils/4-moustiquaire-surmesure/668-moustiquaire-sans-percage-la-solution-ideale?srsltid=AfmBOoqk5Ony4CZnGx9HOhD6PxLXTO9XaHEjc2Xc6hmg0rhzznpvpo0c,raw/30-B3-serp-0.json.gz
B3,moustiquaire fenêtre sans perçage,organic,6,avosdim.com,Moustiquaire cadre sans perçage Alu - Kit recoupable,https://avosdim.com/kit-moustiquaire-cadre-sans-percer-fenetre.html,raw/30-B3-serp-0.json.gz
B3,moustiquaire fenêtre sans perçage,organic,7,www.tesa.com,Moustiquaire fenêtre sur mesure sans perçage efficace,https://www.tesa.com/fr-fr/grand-public/protection-contre-les-insectes/protection-des-fenetres/moustiquaires-sans-cadre,raw/30-B3-serp-0.json.gz
B3,moustiquaire fenêtre sans perçage,organic,8,storesenrouleur.com,Installer une Moustiquaire Sans Perçage : Les Solutions ...,https://storesenrouleur.com/blog/post/moustiquaire-sans-percage-locataires?srsltid=AfmBOoqQTKdEXsz0Jm730aoF1pqEhQ45saU7thjUYf5ANwLCkR6L1zJ4,raw/30-B3-serp-0.json.gz
B3,moustiquaire fenêtre sans perçage,related_searches,1,,,,raw/30-B3-serp-0.json.gz
B3,moustiquaire fenêtre sans perçage,popular_products,4,,,,raw/30-B3-serp-0.json.gz
B3,moustiquaire fenêtre sans perçage,organic,9,www.tecnomat.fr,Store moustiquaire enroulable sans percer - Bricoman,https://www.tecnomat.fr/menuiserie-exterieure/volets-et-moustiquaires/moustiquaires/store-moustiquaire-enroulable-sans-percer-p.html,raw/30-B3-serp-0.json.gz
B3,moustiquaire fenêtre sans perçage,organic,10,www.prix.net,Moustiquaire sans perçage - Comparez les prix et achetez ...,https://www.prix.net/prix/moustiquaire-sans-percage-6576966587162047796.html,raw/30-B3-serp-0.json.gz
B3,moustiquaire fenêtre sans perçage,popular_products,5,,,,raw/30-B3-serp-0.json.gz
B3,moustiquaire fenêtre sans perçage,organic,11,www.tranquilisafe.com,Configurer votre moustiquaire sur mesure ou standard,https://www.tranquilisafe.com/moustiquaire-configurable-fenetre-porte-ou-baie-vitree-standard-et-sur-mesure.html?srsltid=AfmBOooXIfY4Pq3ns9Kcq7bKs5hZ-K9ZoOHGhLXf5pzf35RwVhon1az0,raw/30-B3-serp-0.json.gz
B3,moustiquaire fenêtre sans perçage,organic,12,www.castorama.fr,Moustiquaire,https://www.castorama.fr/menuiserie/fenetre-fenetre-de-toit-volet/moustiquaire/cat_id_2539.cat,raw/30-B3-serp-0.json.gz
B3,moustiquaire fenêtre sans perçage,organic,13,www.amazon.fr,Moustiquaire Sans Percage,https://www.amazon.fr/moustiquaire-percage/s?k=moustiquaire+sans+percage,raw/30-B3-serp-0.json.gz
B3,moustiquaire fenêtre sans perçage,organic,14,www.facebook.com,🇫🇷 Moustiquaire Sans Perçage – Protection Élégante ...,https://www.facebook.com/100069952222042/videos/-moustiquaire-sans-per%C3%A7age-protection-%C3%A9l%C3%A9gante-sans-dommagela-moustiquaire-sans-/2336250226834249/,raw/30-B3-serp-0.json.gz
B3,moustiquaire fenêtre sans perçage,images,2,,Images,https://www.google.com/search?sa=N&hl=fr&gl=FR&sca_esv=d1581e441e85353e&q=moustiquaire+fen%C3%AAtre+sans+per%C3%A7age&udm=2&source=univ&fir=FoKTfcgjW0UXmM%252CRfpU0iycdO5IWM%252C_%253BsKQt3a5f0QTjIM%252CoHMqL_AT2LWj-M%252C_%253BphX1m47i_H0gEM%252CYmZm-czScNC5nM%252C_%253BSzR_182GoedZgM%252CgCPOeGKO8kHflM%252C_%253BWEFTQMx9YvWkiM%252CPLKdWhI2ixQ5yM%252C_%253Br56vHVlK6q-yZM%252CBRXT4s4tBOwdNM%252C_%253BsghxZQAxPMf-mM%252CgCPOeGKO8kHflM%252C_%253B4rLSa0AUIQ5QwM%252Cqr70ud6YGFyZwM%252C_%253BBkfR8_ifcxtdMM%252CkDm2pALgovGHjM%252C_&usg=AI4_-kRtH3IlFUsBnfekg9B583q4_njvhQ&ved=2ahUKEwjC6Lb90tKWAxVORKQEHSJUGkk4ChDsCXoECGkQBQ,raw/30-B3-serp-0.json.gz
B3,moustiquaire fenêtre sans perçage,organic,15,www.stores-discount.com,Moustiquaire Enroulable Sans Perçage Sur Mesure,https://www.stores-discount.com/p/moustiquaire-enroulable-sans-percage/,raw/30-B3-serp-0.json.gz
B3,moustiquaire fenêtre sans perçage,popular_products,6,,,,raw/30-B3-serp-0.json.gz
B3,moustiquaire fenêtre sans perçage,organic,16,moustiquout.com,"Moustiquaire sans perçage : avantages, limites et ...",https://moustiquout.com/blogs/le-guide-de-la-moustiquaire/moustiquaire-sans-percage-avantages-limites-et-alternatives,raw/30-B3-serp-0.json.gz
B3,moustiquaire fenêtre sans perçage,popular_products,7,,,,raw/30-B3-serp-0.json.gz
B3,moustiquaire fenêtre sans perçage,popular_products,8,,,,raw/30-B3-serp-0.json.gz
B3,moustiquaire fenêtre sans perçage,organic,17,idaw.eu,Moustiquaire sur mesure avec guide plat – sans perçage ...,https://idaw.eu/fr-fr/moustiquaire-sur-mesure-avec-guide-plat-sans-perage-dans-le-mur,raw/30-B3-serp-0.json.gz
B3,moustiquaire fenêtre sans perçage,related_searches,2,,,,raw/30-B3-serp-0.json.gz
B3,moustiquaire fenêtre magnétique,compare_sites,1,,Sites de produits,,raw/30-B3-serp-1.json.gz
B3,moustiquaire fenêtre magnétique,popular_products,1,,,,raw/30-B3-serp-1.json.gz
B3,moustiquaire fenêtre magnétique,organic,1,www.tranquilisafe.com,Moustiquaire pour fenêtre,https://www.tranquilisafe.com/moustiquaire-ajustable-aimantee-magnetique-fenetres?srsltid=AfmBOopQcJjrskc1ircp27njIhHKL3bZaO1wo2qUwrhcWY5vWpZBGnLh,raw/30-B3-serp-1.json.gz
B3,moustiquaire fenêtre magnétique,people_also_ask,1,,,,raw/30-B3-serp-1.json.gz
B3,moustiquaire fenêtre magnétique,organic,2,www.domondo.fr,Moustiquaire magnétique pour porte prête-à-poser,https://www.domondo.fr/moustiquaire-magnetique-pour-porte-easy-types-au-choix-20000867,raw/30-B3-serp-1.json.gz
B3,moustiquaire fenêtre magnétique,popular_products,2,,,,raw/30-B3-serp-1.json.gz
B3,moustiquaire fenêtre magnétique,video,1,,,,raw/30-B3-serp-1.json.gz
B3,moustiquaire fenêtre magnétique,organic,3,moustikit.com,Moustiquaire Cadre Fixe Magnétique - Blanc,https://moustikit.com/moustiquaire-amovible/4-moustiquaire-cadre-magnetique-moustikit-optima-3391920541337.html?srsltid=AfmBOorUPk99eVX7e8sxGCJVC6qp-O-kkqXJxdRjmAdHKguT_BLFeuPp,raw/30-B3-serp-1.json.gz
B3,moustiquaire fenêtre magnétique,organic,4,avosdim.com,Moustiquaire cadre aimanté sans perçage PVC,https://avosdim.com/moustiquaire-cadre-aimante-sans-percage.html,raw/30-B3-serp-1.json.gz
B3,moustiquaire fenêtre magnétique,organic,5,www.cdiscount.com,Moustiquaire de fenêtre aimantée,https://www.cdiscount.com/maison/r-moustiquaire+fenetre+aimantee.html,raw/30-B3-serp-1.json.gz
B3,moustiquaire fenêtre magnétique,organic,6,www.amazon.fr,"Moustiquaire épaisse, rideau magnétique, pour porte de ...",https://www.amazon.fr/Moustiquaire-Magn%C3%A9tique-120x220cm-Magn%C3%A9tiques-Automatique/dp/B08ZHVHM3P,raw/30-B3-serp-1.json.gz
B3,moustiquaire fenêtre magnétique,organic,7,www.gifi.fr,Moustiquaire fenêtre aimantée 110x130cm,https://www.gifi.fr/exterieur-et-animalerie/jardin/repulsif-insectes/moustiquaire/moustiquaire-fenetre-aimantee-110x130cm/000000000000643667.html,raw/30-B3-serp-1.json.gz
B3,moustiquaire fenêtre magnétique,organic,8,www.bfmtv.com,Les 5 meilleures Moustiquaires Magnétiques 2026,https://www.bfmtv.com/comparateur/meilleures-moustiquaires-magnetiques-test-comparatif/,raw/30-B3-serp-1.json.gz
B3,moustiquaire fenêtre magnétique,organic,9,moskera.com,Moustiquaires aimantées pour porte et fenêtre,https://moskera.com/collections/moustiquaires-aimantees,raw/30-B3-serp-1.json.gz
B3,moustiquaire fenêtre magnétique,related_searches,1,,,,raw/30-B3-serp-1.json.gz
B3,moustiquaire fenêtre magnétique,organic,10,www.gifi.fr,Moustiquaire fenêtre aimantée 110x130cm,https://www.gifi.fr/exterieur-et-animalerie/jardin/repulsif-insectes/moustiquaire/moustiquaire-fenetre-aimantee-110x130cm/000000000000643667.html,raw/30-B3-serp-1.json.gz
B3,moustiquaire fenêtre magnétique,organic,11,www.castorama.fr,Moustiquaire fenetre aimantée,https://www.castorama.fr/vb/moustiquaire-fenetre-aimantee,raw/30-B3-serp-1.json.gz
B3,moustiquaire fenêtre magnétique,popular_products,3,,,,raw/30-B3-serp-1.json.gz
B3,moustiquaire fenêtre magnétique,organic,12,rideaux.pagesjaunes.fr,Moustiquaire magnétique,https://rideaux.pagesjaunes.fr/astuce/voir/600005/moustiquaire-magnetique,raw/30-B3-serp-1.json.gz
B3,moustiquaire fenêtre magnétique,organic,13,www.prix.net,Moustiquaire magnétique fenetre - Comparez les prix et ...,https://www.prix.net/prix/moustiquaire-magnetique-fenetre-6160258698023745580.html,raw/30-B3-serp-1.json.gz
B3,moustiquaire fenêtre magnétique,organic,14,www.youtube.com,Moustiquaire Magnétique MYCARBON 120x220 cm,https://www.youtube.com/watch?v=MG38XkXEpiw,raw/30-B3-serp-1.json.gz
B3,moustiquaire fenêtre magnétique,popular_products,4,,,,raw/30-B3-serp-1.json.gz
B3,moustiquaire fenêtre magnétique,images,1,,Images,https://www.google.com/search?sa=N&hl=fr&gl=FR&sca_esv=d1581e441e85353e&q=moustiquaire+fen%C3%AAtre+magn%C3%A9tique&udm=2&source=univ&fir=yWkWtex2D4g9IM%252C1UbL2Lpbb8HKBM%252C_%253Bvs_hdo82ZEW1yM%252CUX1o5So2pfG3XM%252C_%253BPIfc7DaE4QY26M%252C7iY1dzNd64gChM%252C_%253B22x769yhRlg7fM%252C268mUmROZMr8eM%252C_%253BuNOWK9l-ABf2kM%252CpCqijlz-8Yuq0M%252C_%253BMdyeotLLyy-3mM%252CYHPoiww9JZigXM%252C_%253BpRPf0uZfrpszBM%252CPI8SOSd57cjlBM%252C_%253B40qCfg5i7aiD_M%252C1qRQuBTdfQvuyM%252C_%253B2Nc3E3HvIV--dM%252CFaQPh3R0Ub0-6M%252C_&usg=AI4_-kQN_lZxv7k1_kcz3VYz4F0car8D1w&ved=2ahUKEwj66bH_0tKWAxWqiCsGHSLqOdc4ChDsCXoECD8QBQ,raw/30-B3-serp-1.json.gz
B3,moustiquaire fenêtre magnétique,organic,15,www.leroymerlin.fr,Moustiquaire aimantée au meilleur prix,https://www.leroymerlin.fr/produits/menuiserie/fenetre-et-porte-fenetre/moustiquaire/moustiquaire-enroulable/moustiquaire-aimantee-p.html,raw/30-B3-serp-1.json.gz
B3,moustiquaire fenêtre magnétique,organic,16,www.leroidelafenetre.fr,Moustiquaire Aimantée Fixe,https://www.leroidelafenetre.fr/moustiquaire-fixe.html,raw/30-B3-serp-1.json.gz
B3,moustiquaire fenêtre magnétique,organic,17,ledenicheur.fr,Moustiquaire fenêtre magnétique,https://ledenicheur.fr/s/moustiquaire-fenetre-magnetique/,raw/30-B3-serp-1.json.gz
B3,moustiquaire fenêtre magnétique,organic,18,www.volet-moustiquaire.com,Moustiquaire Rideau magnétique pour Porte H220xL100 cm,https://www.volet-moustiquaire.com/moustiquaire-porte/659-moustiquaire-rideau-magnetique-avec-fermeture-aimantee-pas-cher-3760065591109.html,raw/30-B3-serp-1.json.gz
B3,moustiquaire fenêtre magnétique,related_searches,2,,,,raw/30-B3-serp-1.json.gz
C2,casque tv sans fil,organic,1,www.cgv.fr,Casques audio et casques TV sans fil - CGV.FR,https://www.cgv.fr/26-casques-audio,raw/30-C2-serp-0.json.gz
C2,casque tv sans fil,people_also_ask,1,,,,raw/30-C2-serp-0.json.gz
C2,casque tv sans fil,organic,2,www.darty.com,Casque TV - Achat en ligne,https://www.darty.com/nav/achat/hifi_video/home_cinema/casque_sans_fil/index.html,raw/30-C2-serp-0.json.gz
C2,casque tv sans fil,organic,3,www.laboutiquederic.com,Casques et écouteurs TV,https://www.laboutiquederic.com/497-casques-et-ecouteurs-tv,raw/30-C2-serp-0.json.gz
C2,casque tv sans fil,organic,4,www.electrodepot.fr,Casque TV sans fil : Achetez pas cher,https://www.electrodepot.fr/tv-image-son/support-telecommande-casque-tv/casque-tv.html?srsltid=AfmBOoq3S116k-kcc5ECt1g6B4bJzgoVKu8FUUwQZ6OrvdHVWDPADFQx,raw/30-C2-serp-0.json.gz
C2,casque tv sans fil,popular_products,1,,,,raw/30-C2-serp-0.json.gz
C2,casque tv sans fil,compare_sites,1,,Sites de produits,,raw/30-C2-serp-0.json.gz
C2,casque tv sans fil,organic,5,www.quechoisir.org,Nos conseils pour bien choisir un casque TV sans fil,https://www.quechoisir.org/guide-d-achat-casque-pour-la-television-n55289/,raw/30-C2-serp-0.json.gz
C2,casque tv sans fil,organic,6,www.idealo.fr,Casque Pour TV Sans Fil - Casques audio,https://www.idealo.fr/liste/77464577/casque-pour-tv-sans-fil.html,raw/30-C2-serp-0.json.gz
C2,casque tv sans fil,organic,7,actu.fr,Meilleur casque TV sans fil 2026 : comparatif et guide,https://actu.fr/guide-achat/high-tech/meilleur-casque-tv-sans-fil_64619903.html,raw/30-C2-serp-0.json.gz
C2,casque tv sans fil,organic,8,www.conforama.fr,Casque TV sans fil pas cher,https://www.conforama.fr/s/casque-tv-sans-fil,raw/30-C2-serp-0.json.gz
C2,casque tv sans fil,organic,9,www.boulanger.com,Casque TV - Retrait 1h en Magasin,https://www.boulanger.com/c/casque-tv,raw/30-C2-serp-0.json.gz
C2,casque tv sans fil,organic,10,www.soundcore.com,Les meilleurs casques audio TV sans fil : Guide d'achat 2026,https://www.soundcore.com/fr/blogs/headphones/wireless-headphone-for-tv,raw/30-C2-serp-0.json.gz
C2,casque tv sans fil,related_searches,1,,,,raw/30-C2-serp-0.json.gz
C2,casque tv sans fil,organic,11,www.ldlc.com,"Casque TV - Achat, guide & conseil",https://www.ldlc.com/image-son/son-numerique/casque/c4380/+fv1221-18272.html,raw/30-C2-serp-0.json.gz
C2,casque tv sans fil,organic,12,www.amazon.fr,Casque Tv Sans Fil : High-Tech,https://www.amazon.fr/casque-tv-fil-High-Tech/s?k=casque+tv+sans+fil&rh=n%3A13921051,raw/30-C2-serp-0.json.gz
C2,casque tv sans fil,organic,13,www.youtube.com,TOP 3 Meilleur Casque TV Sans Fil Sennheiser 2025,https://www.youtube.com/watch?v=aJHp-E8c9aM,raw/30-C2-serp-0.json.gz
C2,casque tv sans fil,organic,14,www.cdiscount.com,Casque TV sans fil rechargeable,https://www.cdiscount.com/high-tech/r-casque+tv+sans+fil+rechargeable.html,raw/30-C2-serp-0.json.gz
C2,casque tv sans fil,organic,15,www.pearl.fr,Vidéo Le casque audio idéal pour regarder la télévision à deux ...,https://www.pearl.fr/videos/le-casque-audio-ideal-pour-regarder-la-television-a-deux-le-ok-335-d-auvisio-pearltv-fr/l5pscNXQ6sQ,raw/30-C2-serp-0.json.gz
C2,casque tv sans fil,popular_products,2,,,,raw/30-C2-serp-0.json.gz
C2,casque tv sans fil,popular_products,3,,,,raw/30-C2-serp-0.json.gz
C2,casque tv sans fil,organic,16,www.darty.com,Comment écouter la télévision avec un casque TV sans fil ?,https://www.darty.com/darty-et-vous/high-tech/audio/la-musique-chez-soi/comment-ecouter-la-television-avec-un-casque-tv-sans-fil,raw/30-C2-serp-0.json.gz
C2,casque tv sans fil,organic,17,www.but.fr,Achat Casque TV pas cher | BUT.fr,https://www.but.fr/tv-image-et-son/casque-ecouteurs/casque-tv/index-c10910.html,raw/30-C2-serp-0.json.gz
C2,casque tv sans fil,popular_products,4,,,,raw/30-C2-serp-0.json.gz
C2,casque tv sans fil,organic,18,www.audiocasque.fr,Casque TV Sans-Fil | Comparatif & Meilleurs Modèles 2020,https://www.audiocasque.fr/casque-tv-sans-fil/,raw/30-C2-serp-0.json.gz
C2,casque tv sans fil,organic,19,www.prix.net,Casque tv sans fil - Comparez les prix et achetez sur prix.net,https://www.prix.net/prix/casque-tv-sans-fil-48163.html,raw/30-C2-serp-0.json.gz
C2,casque tv sans fil,organic,20,www.auchan.fr,Casque TV sans fil pas cher,https://www.auchan.fr/high-tech-audio-tv-telephonie/audio-hifi-home-cinema/casques-et-ecouteurs/casque-tv-sans-fil/ca-31032021150508,raw/30-C2-serp-0.json.gz
C2,casque tv sans fil,related_searches,2,,,,raw/30-C2-serp-0.json.gz
C2,casque audio pour tv,organic,1,audixe.com,Tous les Casques TV pour Malentendants,https://audixe.com/collections/casques-tv-amplifies?srsltid=AfmBOoqAcE0hq5hFPt9rbvBySWxNuo7k3mRiKvFwcishxRKmGqoOMC3v,raw/30-C2-serp-1.json.gz
C2,casque audio pour tv,people_also_ask,1,,,,raw/30-C2-serp-1.json.gz
C2,casque audio pour tv,organic,2,www.darty.com,Casque TV - Achat en ligne,https://www.darty.com/nav/achat/hifi_video/home_cinema/casque_sans_fil/index.html,raw/30-C2-serp-1.json.gz
C2,casque audio pour tv,organic,3,www.cgv.fr,Casques audio et casques TV sans fil - CGV.FR,https://www.cgv.fr/26-casques-audio,raw/30-C2-serp-1.json.gz
C2,casque audio pour tv,organic,4,www.quechoisir.org,Nos conseils pour bien choisir un casque TV sans fil,https://www.quechoisir.org/guide-d-achat-casque-pour-la-television-n55289/,raw/30-C2-serp-1.json.gz
C2,casque audio pour tv,popular_products,1,,,,raw/30-C2-serp-1.json.gz
C2,casque audio pour tv,compare_sites,1,,Sites de produits,,raw/30-C2-serp-1.json.gz
C2,casque audio pour tv,organic,5,www.boulanger.com,Casque TV - Retrait 1h en Magasin,https://www.boulanger.com/c/casque-tv,raw/30-C2-serp-1.json.gz
C2,casque audio pour tv,organic,6,www.pearl.fr,Vidéo Le casque audio idéal pour regarder la télévision à deux ...,https://www.pearl.fr/videos/le-casque-audio-ideal-pour-regarder-la-television-a-deux-le-ok-335-d-auvisio-pearltv-fr/l5pscNXQ6sQ,raw/30-C2-serp-1.json.gz
C2,casque audio pour tv,organic,7,www.bfmtv.com,💥 Meilleurs casques TV 2026 - guide d'achat et comparatif,https://www.bfmtv.com/comparateur/meilleurs-casques-tv-test-comparatif/,raw/30-C2-serp-1.json.gz
C2,casque audio pour tv,organic,8,www.soundcore.com,Les meilleurs casques audio TV sans fil : Guide d'achat 2026,https://www.soundcore.com/fr/blogs/headphones/wireless-headphone-for-tv,raw/30-C2-serp-1.json.gz
C2,casque audio pour tv,organic,9,www.ldlc.com,"Casque TV - Achat, guide & conseil",https://www.ldlc.com/image-son/son-numerique/casque/c4380/+fv1221-18272.html,raw/30-C2-serp-1.json.gz
C2,casque audio pour tv,organic,10,www.electrodepot.fr,Casque TV sans fil : Achetez pas cher,https://www.electrodepot.fr/tv-image-son/support-telecommande-casque-tv/casque-tv.html?srsltid=AfmBOopAlAxE8iGkN0xxrdH6SnEHKX7_gqRSaQRoQMGSBtK-8oTBEFtz,raw/30-C2-serp-1.json.gz
C2,casque audio pour tv,related_searches,1,,,,raw/30-C2-serp-1.json.gz
C2,casque audio pour tv,organic,11,www.e.leclerc,Quel casque TV sans fil choisir,https://www.e.leclerc/e/quel-casque-tv-sans-fil-choisir?srsltid=AfmBOor72e5tr7ASFYuZCnivxzHEsuwfIt6W4wriGIpVxOmdNdvy_xZ4,raw/30-C2-serp-1.json.gz
C2,casque audio pour tv,organic,12,www.idealo.fr,Casque Pour TV Sans Fil - Casques audio,https://www.idealo.fr/liste/77464577/casque-pour-tv-sans-fil.html,raw/30-C2-serp-1.json.gz
C2,casque audio pour tv,organic,13,www.youtube.com,Top Casque TV Sans Fil Comparatif & Test,https://www.youtube.com/watch?v=b5WhGbZ4FAI,raw/30-C2-serp-1.json.gz
C2,casque audio pour tv,organic,14,blog.cobrason.com,Quel casque audio choisir pour regarder la télévision,https://blog.cobrason.com/2018/11/casque-audio-television/,raw/30-C2-serp-1.json.gz
C2,casque audio pour tv,organic,15,www.easylounge.com,Votre casque TV au meilleur prix,https://www.easylounge.com/casque-audio/casque-tv-sc-1577?srsltid=AfmBOoqu-8II7JCKGG-nuggCjkzUtCUhHSO7YBRjv1KJhNIVIsT--mae,raw/30-C2-serp-1.json.gz
C2,casque audio pour tv,organic,16,www.lesnumeriques.com,"Casques & écouteurs - Actualités, Tests et Comparatifs",https://www.lesnumeriques.com/casque-audio.html,raw/30-C2-serp-1.json.gz
C2,casque audio pour tv,organic,17,www.fnac.com,Casque TV,https://www.fnac.com/Casque-TV/Casque-par-usage/nsh450507/w-4,raw/30-C2-serp-1.json.gz
C2,casque audio pour tv,popular_products,2,,,,raw/30-C2-serp-1.json.gz
C2,casque audio pour tv,organic,18,www.conforama.fr,Casque TV pas cher | Casque et écouteur,https://www.conforama.fr/s/casque-tv,raw/30-C2-serp-1.json.gz
C2,casque audio pour tv,popular_products,3,,,,raw/30-C2-serp-1.json.gz
C2,casque audio pour tv,popular_products,4,,,,raw/30-C2-serp-1.json.gz
C2,casque audio pour tv,organic,19,www.group-digital.fr,Casque TV,https://www.group-digital.fr/casque-tv/,raw/30-C2-serp-1.json.gz
C2,casque audio pour tv,organic,20,www.youtube.com,Top 5 Meilleur Casque TV Sans Fil 2026,https://www.youtube.com/watch?v=2d3kcju4q3M,raw/30-C2-serp-1.json.gz
C2,casque audio pour tv,related_searches,2,,,,raw/30-C2-serp-1.json.gz
C6,poêle titane,organic,1,titanoxfrance.com,Poêle 100% Titane Pur,https://titanoxfrance.com/products/titanox-poele-en-titane-pur-sans-pfas?srsltid=AfmBOooNf_PD7zlLJFs3ohHuZhCZuFLCs0Tc5_zCbuykSnKY97w3bWgw,raw/30-C6-serp-0.json.gz
C6,poêle titane,people_also_ask,1,,,,raw/30-C6-serp-0.json.gz
C6,poêle titane,organic,2,cuisinezpatissez.fr,Comment choisir une poêle en titane ?,https://cuisinezpatissez.fr/contenus/215-comment-choisir-une-poele-en-titane?srsltid=AfmBOoq2S4V28tPIX_S2raah0YOUu7L7GiVNGVrgbAx32rH96D75K2nN,raw/30-C6-serp-0.json.gz
C6,poêle titane,organic,3,www.reddit.com,"Les poêles titanium pro, c'est vraiment si bien que ça",https://www.reddit.com/r/Cooking/comments/1m04307/are_the_titanium_pro_pans_actually_that_good/?tl=fr,raw/30-C6-serp-0.json.gz
C6,poêle titane,popular_products,1,,,,raw/30-C6-serp-0.json.gz
C6,poêle titane,organic,4,www.nature-vitalite.com,Ustensiles de cuisson en titane pur 100% sans revêtement 🍏,https://www.nature-vitalite.com/105-materiel-de-cuisson-en-titane?srsltid=AfmBOor3iYBKUs65uFMTWfaDdAqI7YYoOuiokTNYVSjO5eHuiKYVNIJR,raw/30-C6-serp-0.json.gz
C6,poêle titane,organic,5,www.instagram.com,La vérité qu'on vous cache sur les poêles en titane ! 🍳🛑,https://www.instagram.com/reel/DXFFzbmgIx1/?hl=fr,raw/30-C6-serp-0.json.gz
C6,poêle titane,organic,6,titanecook.com,"Poêle en titane : notre avis complet, test et vérités à connaître",https://titanecook.com/blogs/news/poele-en-titane-avis-test?srsltid=AfmBOorP8Y8KudTNyb_-6aMEKhDX2lbNDZJ-hFi4nO7xwbZdsav-9Ijm,raw/30-C6-serp-0.json.gz
C6,poêle titane,organic,7,www.amazon.fr,Poêle En Titane,https://www.amazon.fr/po%C3%AAle-titane/s?k=po%C3%AAle+en+titane,raw/30-C6-serp-0.json.gz
C6,poêle titane,organic,8,www.youtube.com,"Ditch the titanium, go back to stainless steel!",https://www.youtube.com/shorts/Ij1aNRNwlrQ,raw/30-C6-serp-0.json.gz
C6,poêle titane,organic,9,fromourplace.fr,Always Pan Titane Pro 26 cm - Our Place,https://fromourplace.fr/products/titanium-always-pan-pro?srsltid=AfmBOop2u-zxfS9TisCgrXMscHHzVeVEyC8HWg71FMcLcpxH30D8Tjf3,raw/30-C6-serp-0.json.gz
C6,poêle titane,organic,10,www.randonner-leger.org,Quelqu'un a-t-il une expérience avec la poêle titane Evernew,https://www.randonner-leger.org/forum/viewtopic.php?id=13818,raw/30-C6-serp-0.json.gz
C6,poêle titane,related_searches,1,,,,raw/30-C6-serp-0.json.gz
C6,poêle titane,organic,11,casanaohome.com,TitaneX® - Poêle avec Manche Amovible,https://casanaohome.com/products/titanex%C2%AE-poele-avec-manche-amovible?srsltid=AfmBOoo7e-e8KSx0GhTwhAF2VvjI7k6qIP_20i_5ji23vgBA6Z4bUnuP,raw/30-C6-serp-0.json.gz
C6,poêle titane,organic,12,maisonferre.fr,Poêle essentielle en titane Pro - Maison Ferré,https://maisonferre.fr/products/poele-essentielle-titane-pro?srsltid=AfmBOoqQEYFuzboAeOEZlBLZ9FN8Nbo_BH-ABogTVJpYdwgpAAC_eyWJ,raw/30-C6-serp-0.json.gz
C6,poêle titane,organic,13,www.reddit.com,Une poêle en Titane assure t'elle une meilleure durabilité,https://www.reddit.com/r/cuisine/comments/1n5m0en/une_po%C3%AAle_en_titane_assure_telle_une_meilleure/,raw/30-C6-serp-0.json.gz
C6,poêle titane,organic,14,deluxeblog.fr,Les poêles en titane sont-elles saines ? - Deluxeblog,https://deluxeblog.fr/les-casseroles-en-titane-sont-elles-saines/,raw/30-C6-serp-0.json.gz
C6,poêle titane,organic,15,www.facebook.com,"Conçue pour durer toute une vie, la toute nouvelle collection de ...",https://www.facebook.com/fromourplace/videos/la-po%C3%AAle-ador%C3%A9e-des-chefs-%C3%A9toil%C3%A9s/618405357800719/,raw/30-C6-serp-0.json.gz
C6,poêle titane,organic,16,www.cdiscount.com,Poêle en titane,https://www.cdiscount.com/maison/r-poele+en+titane.html,raw/30-C6-serp-0.json.gz
C6,poêle titane,images,1,,Images,https://www.google.com/search?sa=N&hl=fr&gl=FR&sca_esv=b3c1e19d2392f166&q=po%C3%AAle+titane&udm=2&source=univ&fir=efPELxF4XKjxDM%252C_HI4yU_mqocg2M%252C_%253BwYZfNyCXCtK19M%252CBYvHM2fZHrK60M%252C_%253BDpligGBuNrY7wM%252Cy7pn3ijbqdssZM%252C_%253BSdO-9vLa3JHYbM%252C4vBLgp2LN30ChM%252C_%253BAINozFE3hsG-uM%252CImyfd9HnVBg55M%252C_%253BDJYcrH3_DRBh1M%252CRmezVpg6W7Q3vM%252C_%253B2kJF_JHpB_wIqM%252CSH35rVRYkIR0DM%252C_%253B56g2BftTRQpu9M%252C-1vIeai3QpzYCM%252C_%253BG2FUPfgOidA_gM%252CBYvHM2fZHrK60M%252C_&usg=AI4_-kT4DLEEhjvON07w0B-KfXiuwb0XQA&ved=2ahUKEwjM2Nia09KWAxVgQzABHYfDFWI4ChDsCXoECGMQBQ,raw/30-C6-serp-0.json.gz
C6,poêle titane,organic,17,www.crowdcookware.com,Les poêles en titane nues,https://www.crowdcookware.com/fr/collections/the-naked-titanium-pans?srsltid=AfmBOoqBbPm2FYGDSb4xczfbSh5ifLPal20Vm-lgNda3-pjqu9hpp9Nh,raw/30-C6-serp-0.json.gz
C6,poêle titane,popular_products,2,,,,raw/30-C6-serp-0.json.gz
C6,poêle titane,organic,18,www.kulina.fr,Poêles en titane : La révolution en cuisine [GUIDE],https://www.kulina.fr/guide-pans/titanium-pan-guide/?srsltid=AfmBOoq_DAKlhaFnQkAM7Aja9pRb6SJ3imVdYtQida9Kbm5hG4e-lJdu,raw/30-C6-serp-0.json.gz
C6,poêle titane,popular_products,3,,,,raw/30-C6-serp-0.json.gz
C6,poêle titane,popular_products,4,,,,raw/30-C6-serp-0.json.gz
C6,poêle titane,organic,19,www.instagram.com,"ultra résistante, légère, naturellement antiadhésive, et 100% ...",https://www.instagram.com/reel/DJBoRhNK7Ug/?hl=fr,raw/30-C6-serp-0.json.gz
C6,poêle titane,related_searches,2,,,,raw/30-C6-serp-0.json.gz
C6,poêle sans pfas,organic,1,www.quechoisir.org,Poêles de cuisson - Quelle poêle choisir pour sa santé et l' ...,https://www.quechoisir.org/conseils-poeles-de-cuisson-quelle-poele-choisir-pour-sa-sante-et-l-environnement-n173066/,raw/30-C6-serp-1.json.gz
C6,poêle sans pfas,people_also_ask,1,,,,raw/30-C6-serp-1.json.gz
C6,poêle sans pfas,organic,2,www.ikea.com,Comment choisir une poêle sans PFAS ?,https://www.ikea.com/fr/fr/rooms/kitchen/how-to/comment-choisir-une-poele-sans-pfas-pub57b412c0/,raw/30-C6-serp-1.json.gz
C6,poêle sans pfas,organic,3,reporterre.net,"Inox, fonte, céramique… On a cherché une poêle sans PFAS",https://reporterre.net/Inox-fonte-ceramique-On-a-cherche-une-poele-sans-PFAS,raw/30-C6-serp-1.json.gz
C6,poêle sans pfas,organic,4,www.reddit.com,"Meilleures poêles antiadhésives, sans PFAS/PTFE ? Mieux ...",https://www.reddit.com/r/cookware/comments/1gjb7ng/best_nonstick_nonpfasptfe_skillets_better_than/?tl=fr,raw/30-C6-serp-1.json.gz
C6,poêle sans pfas,organic,5,www.beka-cookware.com,Poêle sans PFAS,https://www.beka-cookware.com/fr/collections/poele-sans-pfas,raw/30-C6-serp-1.json.gz
C6,poêle sans pfas,popular_products,1,,,,raw/30-C6-serp-1.json.gz
C6,poêle sans pfas,organic,6,www.pyrex.fr,Poêle | Pyrex® Webshop FR,https://www.pyrex.fr/collections/poele,raw/30-C6-serp-1.json.gz
C6,poêle sans pfas,organic,7,www.nouvojour.fr,Choisir une Poêle sans Téflon et sans PFAS : Guide 2026,https://www.nouvojour.fr/blog/post/35-choisir-poele-sans-teflon-sans-pfas-guide,raw/30-C6-serp-1.json.gz
C6,poêle sans pfas,organic,8,cookandpan.com,Poêles sans PFAS - cuisiner sainement et sans risque,https://cookandpan.com/fr/collections/poeles-sans-pfas,raw/30-C6-serp-1.json.gz
C6,poêle sans pfas,organic,9,www.cflagrant.shop,LOT DE 3 POELES sans PFAS,https://www.cflagrant.shop/product-page/lot-de-3-poeles-sans-pfas?srsltid=AfmBOordeOuD2oYmGXlgKzWLAnBMp8Mahm9tHTQ86mRI9T6p_bhGfDZT,raw/30-C6-serp-1.json.gz
C6,poêle sans pfas,organic,10,www.pradel-excellence.fr,Poêle sans PFAS : comment faire le bon choix ?,https://www.pradel-excellence.fr/blog/poele-sans-pfas-comment-faire-le-bon-choix-,raw/30-C6-serp-1.json.gz
C6,poêle sans pfas,related_searches,1,,,,raw/30-C6-serp-1.json.gz
C6,poêle sans pfas,organic,11,www.facebook.com,Comment se passer des poêles en téflon ? Vous le savez ...,https://www.facebook.com/quechoisirensemble/videos/quels-alternatives-aux-po%C3%AAles-en-t%C3%A9flon-/1006424371298539/,raw/30-C6-serp-1.json.gz
C6,poêle sans pfas,organic,12,www.quechoisir.org,Poêles en téflon - Antiadhésives… mais avec PFAS,https://www.quechoisir.org/actualite-poeles-en-teflon-antiadhesives-mais-avec-pfas-n116070/,raw/30-C6-serp-1.json.gz
C6,poêle sans pfas,organic,13,www.sitram.fr,Poêles sans PFAS : Comment choisir ? (Guide Inox Sitram),https://www.sitram.fr/le-blog/poeles-casseroles-sans-pfas,raw/30-C6-serp-1.json.gz
C6,poêle sans pfas,organic,14,www.amazon.fr,Poele Sans Pfas,https://www.amazon.fr/poele-pfas/s?k=poele+sans+pfas,raw/30-C6-serp-1.json.gz
C6,poêle sans pfas,organic,15,www.cookut.com,Bien choisir ses poêles sans PFAS,https://www.cookut.com/fr/blog/bien-choisir-ses-poeles-sans-pfas,raw/30-C6-serp-1.json.gz
C6,poêle sans pfas,organic,16,www.scandi-vie.com,"Poêles sans PFAS : fonte, fer, acier et terre cuite",https://www.scandi-vie.com/blog/choisir-ustensiles-cuisson-sans-revetement?srsltid=AfmBOopDveauvV3pkRQNkQhga1I5VNrRFxYps5Gy6yGoeE2HL3JGXpnl,raw/30-C6-serp-1.json.gz
C6,poêle sans pfas,organic,17,www.instagram.com,"Pour garantir l'absence de PFAS dans les poêles de cuisson, il ...",https://www.instagram.com/reel/DSjkfORDFdO/?hl=fr,raw/30-C6-serp-1.json.gz
C6,poêle sans pfas,organic,18,www.coolblue.be,Que sont les poêles sans PFAS ?,https://www.coolblue.be/fr/conseils/que-sont-les-ustensiles-de-cuisson-sans-pfas.html?srsltid=AfmBOopew1WFyDCUHl6u9PYazakphmwS3nCjq14Fwrl0ebD23xKTUrqz,raw/30-C6-serp-1.json.gz
C6,poêle sans pfas,organic,19,www.zwilling.com,Poêles sans PFAS | DEMEYERE,https://www.zwilling.com/be-fr/demeyere/poeles-a-frire/sans-pfas/,raw/30-C6-serp-1.json.gz
C6,poêle sans pfas,organic,20,www.pradel-excellence.fr,Top 5 des meilleures poêles sans PFAS pour cuisiner ...,https://www.pradel-excellence.fr/blog/top-5-des-meilleures-poeles-sans-pfas-pour-cuisiner-sainement,raw/30-C6-serp-1.json.gz
C6,poêle sans pfas,popular_products,2,,,,raw/30-C6-serp-1.json.gz
C6,poêle sans pfas,related_searches,2,,,,raw/30-C6-serp-1.json.gz
