univers,mot_cle_negatif,type,motif
abaya,pattern,Phrase,Liste initiale à ajuster aux termes de recherche et au catalogue réellement vendu
abaya,sewing,Phrase,Liste initiale à ajuster aux termes de recherche et au catalogue réellement vendu
abaya,second hand,Phrase,Liste initiale à ajuster aux termes de recherche et au catalogue réellement vendu
abaya,wholesale,Phrase,Liste initiale à ajuster aux termes de recherche et au catalogue réellement vendu
abaya,kids,Phrase,Liste initiale à ajuster aux termes de recherche et au catalogue réellement vendu
abaya,white,Phrase,Liste initiale à ajuster aux termes de recherche et au catalogue réellement vendu
abaya,blue,Phrase,Liste initiale à ajuster aux termes de recherche et au catalogue réellement vendu
abaya,red,Phrase,Liste initiale à ajuster aux termes de recherche et au catalogue réellement vendu
corset,pattern,Phrase,Liste initiale à ajuster aux termes de recherche et au catalogue réellement vendu
corset,sewing,Phrase,Liste initiale à ajuster aux termes de recherche et au catalogue réellement vendu
corset,medical,Phrase,Liste initiale à ajuster aux termes de recherche et au catalogue réellement vendu
corset,posture,Phrase,Liste initiale à ajuster aux termes de recherche et au catalogue réellement vendu
corset,waist trainer,Phrase,Liste initiale à ajuster aux termes de recherche et au catalogue réellement vendu
corset,leather,Phrase,Liste initiale à ajuster aux termes de recherche et au catalogue réellement vendu
corset,white,Phrase,Liste initiale à ajuster aux termes de recherche et au catalogue réellement vendu
corset,red,Phrase,Liste initiale à ajuster aux termes de recherche et au catalogue réellement vendu
corset,pink,Phrase,Liste initiale à ajuster aux termes de recherche et au catalogue réellement vendu
corset,plus size,Phrase,Liste initiale à ajuster aux termes de recherche et au catalogue réellement vendu
corset,dress,Phrase,Liste initiale à ajuster aux termes de recherche et au catalogue réellement vendu
corset,bodysuit,Phrase,Liste initiale à ajuster aux termes de recherche et au catalogue réellement vendu
corset,corset story,Phrase,Liste initiale à ajuster aux termes de recherche et au catalogue réellement vendu
corset,vivienne westwood,Phrase,Liste initiale à ajuster aux termes de recherche et au catalogue réellement vendu
corset,zara,Phrase,Liste initiale à ajuster aux termes de recherche et au catalogue réellement vendu
watch,rolex box,Phrase,Liste initiale à ajuster aux termes de recherche et au catalogue réellement vendu
watch,omega box,Phrase,Liste initiale à ajuster aux termes de recherche et au catalogue réellement vendu
watch,repair,Phrase,Liste initiale à ajuster aux termes de recherche et au catalogue réellement vendu
watch,opener,Phrase,Liste initiale à ajuster aux termes de recherche et au catalogue réellement vendu
watch,safe,Phrase,Liste initiale à ajuster aux termes de recherche et au catalogue réellement vendu
watch,personalised,Phrase,Liste initiale à ajuster aux termes de recherche et au catalogue réellement vendu
watch,engraved,Phrase,Liste initiale à ajuster aux termes de recherche et au catalogue réellement vendu
watch,travel case,Phrase,Liste initiale à ajuster aux termes de recherche et au catalogue réellement vendu
watch,watch roll,Phrase,Liste initiale à ajuster aux termes de recherche et au catalogue réellement vendu
watch,4 watch winder,Phrase,Liste initiale à ajuster aux termes de recherche et au catalogue réellement vendu
watch,6 watch winder,Phrase,Liste initiale à ajuster aux termes de recherche et au catalogue réellement vendu
watch,8 watch winder,Phrase,Liste initiale à ajuster aux termes de recherche et au catalogue réellement vendu
metal,hire,Phrase,Liste initiale à ajuster aux termes de recherche et au catalogue réellement vendu
metal,rental,Phrase,Liste initiale à ajuster aux termes de recherche et au catalogue réellement vendu
metal,kids,Phrase,Liste initiale à ajuster aux termes de recherche et au catalogue réellement vendu
metal,children,Phrase,Liste initiale à ajuster aux termes de recherche et au catalogue réellement vendu
metal,industrial,Phrase,Liste initiale à ajuster aux termes de recherche et au catalogue réellement vendu
metal,food industry,Phrase,Liste initiale à ajuster aux termes de recherche et au catalogue réellement vendu
metal,underwater,Phrase,Liste initiale à ajuster aux termes de recherche et au catalogue réellement vendu
metal,pinpointer,Phrase,Liste initiale à ajuster aux termes de recherche et au catalogue réellement vendu
metal,garrett,Phrase,Liste initiale à ajuster aux termes de recherche et au catalogue réellement vendu
metal,minelab,Phrase,Liste initiale à ajuster aux termes de recherche et au catalogue réellement vendu
metal,argos,Phrase,Liste initiale à ajuster aux termes de recherche et au catalogue réellement vendu
chess,online,Phrase,Liste initiale à ajuster aux termes de recherche et au catalogue réellement vendu
chess,rules,Phrase,Liste initiale à ajuster aux termes de recherche et au catalogue réellement vendu
chess,how to play,Phrase,Liste initiale à ajuster aux termes de recherche et au catalogue réellement vendu
chess,magnetic,Phrase,Liste initiale à ajuster aux termes de recherche et au catalogue réellement vendu
chess,electronic,Phrase,Liste initiale à ajuster aux termes de recherche et au catalogue réellement vendu
chess,walnut,Phrase,Liste initiale à ajuster aux termes de recherche et au catalogue réellement vendu
chess,ebony,Phrase,Liste initiale à ajuster aux termes de recherche et au catalogue réellement vendu
chess,harry potter,Phrase,Liste initiale à ajuster aux termes de recherche et au catalogue réellement vendu
chess,pieces only,Phrase,Liste initiale à ajuster aux termes de recherche et au catalogue réellement vendu
