univers,mot_cle,volume_mensuel_UK,cpc_USD,decision,phase,groupe_regroupement,raison,source,pays,langue,reseaux_partenaires,mesure,date_verification,offre
abaya,abaya,33100,0.66,CIBLABLE,EXPLORATION,abaya_head_broad,tête; intention large; page filtrée ouverte/ornée,uk-20260907-volume-discovery-v1.json,GB,en,False,moyenne mensuelle Google Ads; historique août2025–juillet2026,2026-09-07,abaya-noire
abaya,abaya for women,5400,0.78,CIBLABLE,EXPLORATION,abaya_head_broad,large audience; vérifier ouverte et ornée,uk-20260907-ideas-abaya.json,GB,en,False,moyenne mensuelle Google Ads; historique août2025–juillet2026,2026-09-07,abaya-noire
abaya,abaya online,480,0.64,CIBLABLE,EXPLORATION,abaya_head_broad,transactionnel mais large; page filtrée,uk-20260907-ideas-abaya.json,GB,en,False,moyenne mensuelle Google Ads; historique août2025–juillet2026,2026-09-07,abaya-noire
abaya,embellished abaya,1000,0.42,CIBLABLE,COEUR,abaya_embellished_broidered,finition cœur; ornée,uk-20260907-ideas-abaya.json,GB,en,False,moyenne mensuelle Google Ads; historique août2025–juillet2026,2026-09-07,abaya-noire
abaya,embroidered abaya,880,0.53,CIBLABLE,COEUR,abaya_embellished_broidered,finition cœur; brodée,uk-20260907-volume-discovery-v2.json,GB,en,False,moyenne mensuelle Google Ads; historique août2025–juillet2026,2026-09-07,abaya-noire
abaya,ladies open abaya,590,0.76,CIBLABLE,COEUR,abaya_open,variante proche; même historique que womens open abaya,uk-20260907-ideas-abaya.json,GB,en,False,moyenne mensuelle Google Ads; historique août2025–juillet2026,2026-09-07,abaya-noire
abaya,open abaya,2900,0.68,CIBLABLE,COEUR,abaya_open,type cœur; abaya ouverte,uk-20260907-volume-discovery-v2.json,GB,en,False,moyenne mensuelle Google Ads; historique août2025–juillet2026,2026-09-07,abaya-noire
abaya,womens open abaya,590,0.76,CIBLABLE,COEUR,abaya_open,variante audience de open abaya,uk-20260907-ideas-abaya.json,GB,en,False,moyenne mensuelle Google Ads; historique août2025–juillet2026,2026-09-07,abaya-noire
corset,black overbust corset,30,0.4,CIBLABLE,COEUR,overbust,direct SKU-compatible modifier,uk-20260907-cont4-corset-expansion.json,GB,en,False,moyenne mensuelle Google Ads ; historique disponible dans la preuve API,2026-09-07,corset-overbust
corset,overbust corset,390,0.47,CIBLABLE,COEUR,overbust,explicit SKU-compatible cut,uk-20260907-cont4-corset-expansion.json,GB,en,False,moyenne mensuelle Google Ads ; historique disponible dans la preuve API,2026-09-07,corset-overbust
corset,black satin underbust corset,10,0.49,CIBLABLE,COEUR,underbust,direct SKU-compatible modifier,uk-20260907-cont4-corset-expansion.json,GB,en,False,moyenne mensuelle Google Ads ; historique disponible dans la preuve API,2026-09-07,corset-underbust
corset,black underbust corset,210,0.54,CIBLABLE,COEUR,underbust,direct SKU-compatible modifier,uk-20260907-cont4-corset-expansion.json,GB,en,False,moyenne mensuelle Google Ads ; historique disponible dans la preuve API,2026-09-07,corset-underbust
corset,under breast corset,1900,0.71,CIBLABLE,COEUR,underbust,close wording variant,uk-20260907-cont4-corset-expansion.json,GB,en,False,moyenne mensuelle Google Ads ; historique disponible dans la preuve API,2026-09-07,corset-underbust
corset,underbust corset,1900,0.71,CIBLABLE,COEUR,underbust,explicit SKU-compatible cut,uk-20260907-cont4-corset-expansion.json,GB,en,False,moyenne mensuelle Google Ads ; historique disponible dans la preuve API,2026-09-07,corset-underbust
corset,black boned corset,40,0.46,CIBLABLE,COEUR,steel-boned,direct SKU-compatible modifier,uk-20260907-cont4-corset-expansion.json,GB,en,False,moyenne mensuelle Google Ads ; historique disponible dans la preuve API,2026-09-07,corsets-noirs
corset,black corset,8100,0.52,CIBLABLE,EXPLORATION,black-head,black SKU modifier; broad cut intent,uk-20260907-cont4-corset-expansion.json,GB,en,False,moyenne mensuelle Google Ads ; historique disponible dans la preuve API,2026-09-07,corsets-noirs
corset,black satin corset,210,0.59,CIBLABLE,COEUR,satin,direct SKU-compatible modifier,uk-20260907-cont4-corset-expansion.json,GB,en,False,moyenne mensuelle Google Ads ; historique disponible dans la preuve API,2026-09-07,corsets-noirs
corset,black steel boned corset,10,0.76,CIBLABLE,COEUR,steel-boned,direct SKU-compatible modifier,uk-20260907-cont4-corset-expansion.json,GB,en,False,moyenne mensuelle Google Ads ; historique disponible dans la preuve API,2026-09-07,corsets-noirs
corset,boned corset,320,0.77,CIBLABLE,COEUR,steel-boned,structured subtype,uk-20260907-cont4-corset-expansion.json,GB,en,False,moyenne mensuelle Google Ads ; historique disponible dans la preuve API,2026-09-07,corsets-noirs
corset,corset,33100,0.54,CIBLABLE,EXPLORATION,corset-head,head retained; broad mixed intent,uk-20260907-cont4-corset-expansion.json,GB,en,False,moyenne mensuelle Google Ads ; historique disponible dans la preuve API,2026-09-07,corsets-noirs
corset,satin corset,480,0.65,CIBLABLE,COEUR,satin,satin SKU modifier,uk-20260907-cont4-corset-expansion.json,GB,en,False,moyenne mensuelle Google Ads ; historique disponible dans la preuve API,2026-09-07,corsets-noirs
corset,steel boned corset,320,1.15,CIBLABLE,COEUR,steel-boned,explicit structured subtype,uk-20260907-cont4-corset-expansion.json,GB,en,False,moyenne mensuelle Google Ads ; historique disponible dans la preuve API,2026-09-07,corsets-noirs
watch,10 slot watch box,70,1.01,CIBLABLE,COEUR,ten-slot,direct ten-slot capacity,uk-20260907-cont3-watch-keywords.json,GB,en,False,moyenne mensuelle Google Ads ; historique disponible dans la preuve API,2026-09-07,coffret-10
watch,10 watch box,90,1.66,CIBLABLE,COEUR,ten-slot,direct ten-slot capacity,uk-20260907-cont3-watch-keywords.json,GB,en,False,moyenne mensuelle Google Ads ; historique disponible dans la preuve API,2026-09-07,coffret-10
watch,watch box,8100,1.04,CIBLABLE,EXPLORATION,box-head,head; broad storage intent,uk-20260907-cont3-watch-keywords.json,GB,en,False,moyenne mensuelle Google Ads ; historique disponible dans la preuve API,2026-09-07,coffret-10
watch,watch storage box,1300,0.94,CIBLABLE,COEUR,storage-box,direct storage intent,uk-20260907-cont3-watch-keywords.json,GB,en,False,moyenne mensuelle Google Ads ; historique disponible dans la preuve API,2026-09-07,coffret-10
watch,wooden watch box,480,1.01,CIBLABLE,COEUR,wooden-box,direct wood modifier,uk-20260907-cont3-watch-keywords.json,GB,en,False,moyenne mensuelle Google Ads ; historique disponible dans la preuve API,2026-09-07,coffret-10
watch,wrist watch storage box,1300,0.94,CIBLABLE,COEUR,storage-box,close storage variant,uk-20260907-cont3-watch-keywords.json,GB,en,False,moyenne mensuelle Google Ads ; historique disponible dans la preuve API,2026-09-07,coffret-10
watch,auto watch winder,2400,1.01,CIBLABLE,COEUR,auto-winder,close automatic variant,uk-20260907-cont3-watch-keywords.json,GB,en,False,moyenne mensuelle Google Ads ; historique disponible dans la preuve API,2026-09-07,remontoir-double
watch,automatic watch winder,2400,1.01,CIBLABLE,COEUR,auto-winder,automatic product intent,uk-20260907-cont3-watch-keywords.json,GB,en,False,moyenne mensuelle Google Ads ; historique disponible dans la preuve API,2026-09-07,remontoir-double
watch,automatic wrist watch winder,2400,1.01,CIBLABLE,COEUR,auto-winder,close automatic variant,uk-20260907-cont3-watch-keywords.json,GB,en,False,moyenne mensuelle Google Ads ; historique disponible dans la preuve API,2026-09-07,remontoir-double
watch,best double watch winder,20,3.07,CIBLABLE,COEUR,double-winder,commercial modifier; direct two-watch,uk-20260907-cont3-watch-keywords.json,GB,en,False,moyenne mensuelle Google Ads ; historique disponible dans la preuve API,2026-09-07,remontoir-double
watch,best watch winder,260,2.15,CIBLABLE,EXPLORATION,winder-head,commercial modifier; broad winder intent,uk-20260907-cont3-watch-keywords.json,GB,en,False,moyenne mensuelle Google Ads ; historique disponible dans la preuve API,2026-09-07,remontoir-double
watch,double automatic watch winder,20,0.62,CIBLABLE,COEUR,double-winder,automatic two-watch SKU intent,uk-20260907-cont3-watch-keywords.json,GB,en,False,moyenne mensuelle Google Ads ; historique disponible dans la preuve API,2026-09-07,remontoir-double
watch,double watch winder,260,2.04,CIBLABLE,COEUR,double-winder,direct two-watch SKU intent,uk-20260907-cont3-watch-keywords.json,GB,en,False,moyenne mensuelle Google Ads ; historique disponible dans la preuve API,2026-09-07,remontoir-double
watch,dual watch winder,90,2.27,CIBLABLE,COEUR,double-winder,direct two-watch synonym,uk-20260907-cont3-watch-keywords.json,GB,en,False,moyenne mensuelle Google Ads ; historique disponible dans la preuve API,2026-09-07,remontoir-double
watch,electric watch winder,20,1.19,CIBLABLE,COEUR,winder-electric,power feature; compatible,uk-20260907-cont3-watch-keywords.json,GB,en,False,moyenne mensuelle Google Ads ; historique disponible dans la preuve API,2026-09-07,remontoir-double
watch,recommended watch winder,260,2.15,CIBLABLE,EXPLORATION,winder-head,commercial modifier; broad winder intent,uk-20260907-cont3-watch-keywords.json,GB,en,False,moyenne mensuelle Google Ads ; historique disponible dans la preuve API,2026-09-07,remontoir-double
watch,self winding watch winder,2400,1.01,CIBLABLE,COEUR,auto-winder,automatic product intent,uk-20260907-cont3-watch-keywords.json,GB,en,False,moyenne mensuelle Google Ads ; historique disponible dans la preuve API,2026-09-07,remontoir-double
watch,twin watch winder,20,0.61,CIBLABLE,COEUR,double-winder,two-watch synonym,uk-20260907-cont3-watch-keywords.json,GB,en,False,moyenne mensuelle Google Ads ; historique disponible dans la preuve API,2026-09-07,remontoir-double
watch,two watch winder,20,2.81,CIBLABLE,COEUR,double-winder,direct capacity wording,uk-20260907-cont3-watch-keywords.json,GB,en,False,moyenne mensuelle Google Ads ; historique disponible dans la preuve API,2026-09-07,remontoir-double
watch,watch winder,6600,1.76,CIBLABLE,EXPLORATION,winder-head,head; automatic winder intent broad,uk-20260907-cont3-watch-keywords.json,GB,en,False,moyenne mensuelle Google Ads ; historique disponible dans la preuve API,2026-09-07,remontoir-double
watch,watch winder 2 watches,90,1.57,CIBLABLE,COEUR,double-winder,direct capacity intent,uk-20260907-cont3-watch-keywords.json,GB,en,False,moyenne mensuelle Google Ads ; historique disponible dans la preuve API,2026-09-07,remontoir-double
watch,watch winder dual,90,2.27,CIBLABLE,COEUR,double-winder,word-order synonym,uk-20260907-cont3-watch-keywords.json,GB,en,False,moyenne mensuelle Google Ads ; historique disponible dans la preuve API,2026-09-07,remontoir-double
watch,watch winder for 2 watches,90,1.57,CIBLABLE,COEUR,double-winder,direct capacity wording,uk-20260907-cont3-watch-keywords.json,GB,en,False,moyenne mensuelle Google Ads ; historique disponible dans la preuve API,2026-09-07,remontoir-double
watch,watch winder for two watches,20,2.81,CIBLABLE,COEUR,double-winder,direct capacity wording,uk-20260907-cont3-watch-keywords.json,GB,en,False,moyenne mensuelle Google Ads ; historique disponible dans la preuve API,2026-09-07,remontoir-double
watch,watch winders for automatic watches,2400,1.01,CIBLABLE,COEUR,auto-winder,plural automatic variant,uk-20260907-cont3-watch-keywords.json,GB,en,False,moyenne mensuelle Google Ads ; historique disponible dans la preuve API,2026-09-07,remontoir-double
watch,wrist watch winder,6600,1.76,CIBLABLE,EXPLORATION,winder-head,close wording variant,uk-20260907-cont3-watch-keywords.json,GB,en,False,moyenne mensuelle Google Ads ; historique disponible dans la preuve API,2026-09-07,remontoir-double
metal,beginner metal detector,390,1.54,CIBLABLE,COEUR,beginners,same history as for beginners,uk-20260907-cont2-metal-detector-expansion.json,GB,en,False,moyenne mensuelle Google Ads ; historique disponible dans la preuve API,2026-09-07,tx-850
metal,best metal detector,1300,1.93,CIBLABLE,EXPLORATION,best-metal,commercial modifier,uk-20260907-cont2-metal-detector-expansion.json,GB,en,False,moyenne mensuelle Google Ads ; historique disponible dans la preuve API,2026-09-07,tx-850
metal,best metal detector for beginners,590,1.57,CIBLABLE,EXPLORATION,best-beginners,commercial modifier,uk-20260907-cont2-metal-detector-expansion.json,GB,en,False,moyenne mensuelle Google Ads ; historique disponible dans la preuve API,2026-09-07,tx-850
metal,best metal detector uk,880,1.83,CIBLABLE,EXPLORATION,best-metal-uk,UK commercial modifier,uk-20260907-cont2-metal-detector-expansion.json,GB,en,False,moyenne mensuelle Google Ads ; historique disponible dans la preuve API,2026-09-07,tx-850
metal,best starter metal detector,590,1.57,CIBLABLE,EXPLORATION,best-beginners,same history as best for beginners,uk-20260907-cont2-metal-detector-expansion.json,GB,en,False,moyenne mensuelle Google Ads ; historique disponible dans la preuve API,2026-09-07,tx-850
metal,buy metal detector,210,1.70,CIBLABLE,COEUR,buy,transaction intent,uk-20260907-cont2-metal-detector-expansion.json,GB,en,False,moyenne mensuelle Google Ads ; historique disponible dans la preuve API,2026-09-07,tx-850
metal,metal detector,27100,1.01,CIBLABLE,EXPLORATION,metal-root,head product term,uk-20260907-cont2-metal-detector-expansion.json,GB,en,False,moyenne mensuelle Google Ads ; historique disponible dans la preuve API,2026-09-07,tx-850
metal,metal detector adults,140,1.11,CIBLABLE,COEUR,adults,same history as for adults,uk-20260907-cont2-metal-detector-expansion.json,GB,en,False,moyenne mensuelle Google Ads ; historique disponible dans la preuve API,2026-09-07,tx-850
metal,metal detector for adults,140,1.11,CIBLABLE,COEUR,adults,explicit adult intent,uk-20260907-cont2-metal-detector-expansion.json,GB,en,False,moyenne mensuelle Google Ads ; historique disponible dans la preuve API,2026-09-07,tx-850
metal,metal detector for beginners,390,1.54,CIBLABLE,COEUR,beginners,audience intent,uk-20260907-cont2-metal-detector-expansion.json,GB,en,False,moyenne mensuelle Google Ads ; historique disponible dans la preuve API,2026-09-07,tx-850
metal,metal detector price,320,0.98,CIBLABLE,EXPLORATION,price,commercial research,uk-20260907-cont2-metal-detector-expansion.json,GB,en,False,moyenne mensuelle Google Ads ; historique disponible dans la preuve API,2026-09-07,tx-850
metal,metal detector uk,2900,1.41,CIBLABLE,EXPLORATION,metal-uk,UK modifier,uk-20260907-cont2-metal-detector-expansion.json,GB,en,False,moyenne mensuelle Google Ads ; historique disponible dans la preuve API,2026-09-07,tx-850
metal,metal detectors,27100,1.01,CIBLABLE,EXPLORATION,metal-root,plural same history,uk-20260907-cont2-metal-detector-expansion.json,GB,en,False,moyenne mensuelle Google Ads ; historique disponible dans la preuve API,2026-09-07,tx-850
metal,metal detectors for sale,2400,1.53,CIBLABLE,COEUR,metal-sale,transaction intent,uk-20260907-cont2-metal-detector-expansion.json,GB,en,False,moyenne mensuelle Google Ads ; historique disponible dans la preuve API,2026-09-07,tx-850
chess,beginner chess set,110,0.47,CIBLABLE,COEUR,beginners,compatible audience intent,uk-20260907-q4-chess-expansion.json,GB,en,False,moyenne mensuelle Google Ads; historique août2025–juillet2026,2026-09-07,echecs-39cm
chess,chess set,14800,0.85,CIBLABLE,EXPLORATION,chess-root,tete generic large intent,uk-20260907-q4-seeds-search-volume.json,GB,en,False,moyenne mensuelle Google Ads; historique août2025–juillet2026,2026-09-07,echecs-39cm
chess,chess set for adults,70,0.76,CIBLABLE,COEUR,adults,compatible audience intent,uk-20260907-q4-chess-expansion.json,GB,en,False,moyenne mensuelle Google Ads; historique août2025–juillet2026,2026-09-07,echecs-39cm
chess,chess sets,14800,0.85,CIBLABLE,EXPLORATION,chess-root,plural same history as root,uk-20260907-q4-seeds-search-volume.json,GB,en,False,moyenne mensuelle Google Ads; historique août2025–juillet2026,2026-09-07,echecs-39cm
chess,foldable chess set,210,0.98,CIBLABLE,COEUR,folding,close folding wording,uk-20260907-q4-chess-expansion.json,GB,en,False,moyenne mensuelle Google Ads; historique août2025–juillet2026,2026-09-07,echecs-39cm
chess,folding chess set,210,0.98,CIBLABLE,COEUR,folding,folding is sourced,uk-20260907-q4-chess-expansion.json,GB,en,False,moyenne mensuelle Google Ads; historique août2025–juillet2026,2026-09-07,echecs-39cm
chess,portable chess set,320,0.61,CIBLABLE,COEUR,portable,portable is sourced,uk-20260907-q4-chess-expansion.json,GB,en,False,moyenne mensuelle Google Ads; historique août2025–juillet2026,2026-09-07,echecs-39cm
chess,wooden chess set,1900,0.9,CIBLABLE,COEUR,wooden,wooden is sourced,uk-20260907-q4-seeds-search-volume.json,GB,en,False,moyenne mensuelle Google Ads; historique août2025–juillet2026,2026-09-07,echecs-39cm
chess,wooden chess sets,1900,0.9,CIBLABLE,COEUR,wooden,plural same history as wooden,uk-20260907-q4-seeds-search-volume.json,GB,en,False,moyenne mensuelle Google Ads; historique août2025–juillet2026,2026-09-07,echecs-39cm
chess,wooden folding chess set,40,0.76,CIBLABLE,COEUR,wooden-folding,wooden folding variant,uk-20260907-q4-chess-expansion.json,GB,en,False,moyenne mensuelle Google Ads; historique août2025–juillet2026,2026-09-07,echecs-39cm
chess,wooden portable chess set,10,0.77,CIBLABLE,COEUR,wooden-portable,wooden portable variant,uk-20260907-q4-chess-expansion.json,GB,en,False,moyenne mensuelle Google Ads; historique août2025–juillet2026,2026-09-07,echecs-39cm
