terme,mois,indice,pays,source
watch winder,2021-01,12,GB,DataForSEO Google Trends; comparaison watch winder + watch box
watch winder,2021-02,11,GB,DataForSEO Google Trends; comparaison watch winder + watch box
watch winder,2021-03,10,GB,DataForSEO Google Trends; comparaison watch winder + watch box
watch winder,2021-04,9,GB,DataForSEO Google Trends; comparaison watch winder + watch box
watch winder,2021-05,11,GB,DataForSEO Google Trends; comparaison watch winder + watch box
watch winder,2021-06,11,GB,DataForSEO Google Trends; comparaison watch winder + watch box
watch winder,2021-07,11,GB,DataForSEO Google Trends; comparaison watch winder + watch box
watch winder,2021-08,12,GB,DataForSEO Google Trends; comparaison watch winder + watch box
watch winder,2021-09,12,GB,DataForSEO Google Trends; comparaison watch winder + watch box
watch winder,2021-10,13,GB,DataForSEO Google Trends; comparaison watch winder + watch box
watch winder,2021-11,16,GB,DataForSEO Google Trends; comparaison watch winder + watch box
watch winder,2021-12,20,GB,DataForSEO Google Trends; comparaison watch winder + watch box
watch winder,2022-01,14,GB,DataForSEO Google Trends; comparaison watch winder + watch box
watch winder,2022-02,11,GB,DataForSEO Google Trends; comparaison watch winder + watch box
watch winder,2022-03,11,GB,DataForSEO Google Trends; comparaison watch winder + watch box
watch winder,2022-04,10,GB,DataForSEO Google Trends; comparaison watch winder + watch box
watch winder,2022-05,10,GB,DataForSEO Google Trends; comparaison watch winder + watch box
watch winder,2022-06,9,GB,DataForSEO Google Trends; comparaison watch winder + watch box
watch winder,2022-07,10,GB,DataForSEO Google Trends; comparaison watch winder + watch box
watch winder,2022-08,10,GB,DataForSEO Google Trends; comparaison watch winder + watch box
watch winder,2022-09,10,GB,DataForSEO Google Trends; comparaison watch winder + watch box
watch winder,2022-10,11,GB,DataForSEO Google Trends; comparaison watch winder + watch box
watch winder,2022-11,13,GB,DataForSEO Google Trends; comparaison watch winder + watch box
watch winder,2022-12,15,GB,DataForSEO Google Trends; comparaison watch winder + watch box
watch winder,2023-01,12,GB,DataForSEO Google Trends; comparaison watch winder + watch box
watch winder,2023-02,10,GB,DataForSEO Google Trends; comparaison watch winder + watch box
watch winder,2023-03,10,GB,DataForSEO Google Trends; comparaison watch winder + watch box
watch winder,2023-04,10,GB,DataForSEO Google Trends; comparaison watch winder + watch box
watch winder,2023-05,10,GB,DataForSEO Google Trends; comparaison watch winder + watch box
watch winder,2023-06,11,GB,DataForSEO Google Trends; comparaison watch winder + watch box
watch winder,2023-07,11,GB,DataForSEO Google Trends; comparaison watch winder + watch box
watch winder,2023-08,10,GB,DataForSEO Google Trends; comparaison watch winder + watch box
watch winder,2023-09,9,GB,DataForSEO Google Trends; comparaison watch winder + watch box
watch winder,2023-10,9,GB,DataForSEO Google Trends; comparaison watch winder + watch box
watch winder,2023-11,13,GB,DataForSEO Google Trends; comparaison watch winder + watch box
watch winder,2023-12,16,GB,DataForSEO Google Trends; comparaison watch winder + watch box
watch winder,2024-01,11,GB,DataForSEO Google Trends; comparaison watch winder + watch box
watch winder,2024-02,10,GB,DataForSEO Google Trends; comparaison watch winder + watch box
watch winder,2024-03,9,GB,DataForSEO Google Trends; comparaison watch winder + watch box
watch winder,2024-04,9,GB,DataForSEO Google Trends; comparaison watch winder + watch box
watch winder,2024-05,8,GB,DataForSEO Google Trends; comparaison watch winder + watch box
watch winder,2024-06,8,GB,DataForSEO Google Trends; comparaison watch winder + watch box
watch winder,2024-07,10,GB,DataForSEO Google Trends; comparaison watch winder + watch box
watch winder,2024-08,9,GB,DataForSEO Google Trends; comparaison watch winder + watch box
watch winder,2024-09,9,GB,DataForSEO Google Trends; comparaison watch winder + watch box
watch winder,2024-10,10,GB,DataForSEO Google Trends; comparaison watch winder + watch box
watch winder,2024-11,12,GB,DataForSEO Google Trends; comparaison watch winder + watch box
watch winder,2024-12,14,GB,DataForSEO Google Trends; comparaison watch winder + watch box
watch winder,2025-01,11,GB,DataForSEO Google Trends; comparaison watch winder + watch box
watch winder,2025-02,10,GB,DataForSEO Google Trends; comparaison watch winder + watch box
watch winder,2025-03,9,GB,DataForSEO Google Trends; comparaison watch winder + watch box
watch winder,2025-04,10,GB,DataForSEO Google Trends; comparaison watch winder + watch box
watch winder,2025-05,9,GB,DataForSEO Google Trends; comparaison watch winder + watch box
watch winder,2025-06,10,GB,DataForSEO Google Trends; comparaison watch winder + watch box
watch winder,2025-07,10,GB,DataForSEO Google Trends; comparaison watch winder + watch box
watch winder,2025-08,10,GB,DataForSEO Google Trends; comparaison watch winder + watch box
watch winder,2025-09,9,GB,DataForSEO Google Trends; comparaison watch winder + watch box
watch winder,2025-10,10,GB,DataForSEO Google Trends; comparaison watch winder + watch box
watch winder,2025-11,13,GB,DataForSEO Google Trends; comparaison watch winder + watch box
watch winder,2025-12,15,GB,DataForSEO Google Trends; comparaison watch winder + watch box
watch winder,2026-01,10,GB,DataForSEO Google Trends; comparaison watch winder + watch box
watch winder,2026-02,11,GB,DataForSEO Google Trends; comparaison watch winder + watch box
watch winder,2026-03,11,GB,DataForSEO Google Trends; comparaison watch winder + watch box
watch winder,2026-04,10,GB,DataForSEO Google Trends; comparaison watch winder + watch box
watch winder,2026-05,8,GB,DataForSEO Google Trends; comparaison watch winder + watch box
watch winder,2026-06,9,GB,DataForSEO Google Trends; comparaison watch winder + watch box
watch winder,2026-07,10,GB,DataForSEO Google Trends; comparaison watch winder + watch box
watch winder,2026-08,10,GB,DataForSEO Google Trends; comparaison watch winder + watch box
watch box,2021-01,69,GB,DataForSEO Google Trends; comparaison watch winder + watch box
watch box,2021-02,55,GB,DataForSEO Google Trends; comparaison watch winder + watch box
watch box,2021-03,49,GB,DataForSEO Google Trends; comparaison watch winder + watch box
watch box,2021-04,37,GB,DataForSEO Google Trends; comparaison watch winder + watch box
watch box,2021-05,45,GB,DataForSEO Google Trends; comparaison watch winder + watch box
watch box,2021-06,44,GB,DataForSEO Google Trends; comparaison watch winder + watch box
watch box,2021-07,53,GB,DataForSEO Google Trends; comparaison watch winder + watch box
watch box,2021-08,47,GB,DataForSEO Google Trends; comparaison watch winder + watch box
watch box,2021-09,66,GB,DataForSEO Google Trends; comparaison watch winder + watch box
watch box,2021-10,69,GB,DataForSEO Google Trends; comparaison watch winder + watch box
watch box,2021-11,57,GB,DataForSEO Google Trends; comparaison watch winder + watch box
watch box,2021-12,66,GB,DataForSEO Google Trends; comparaison watch winder + watch box
watch box,2022-01,52,GB,DataForSEO Google Trends; comparaison watch winder + watch box
watch box,2022-02,75,GB,DataForSEO Google Trends; comparaison watch winder + watch box
watch box,2022-03,40,GB,DataForSEO Google Trends; comparaison watch winder + watch box
watch box,2022-04,75,GB,DataForSEO Google Trends; comparaison watch winder + watch box
watch box,2022-05,39,GB,DataForSEO Google Trends; comparaison watch winder + watch box
watch box,2022-06,38,GB,DataForSEO Google Trends; comparaison watch winder + watch box
watch box,2022-07,39,GB,DataForSEO Google Trends; comparaison watch winder + watch box
watch box,2022-08,72,GB,DataForSEO Google Trends; comparaison watch winder + watch box
watch box,2022-09,44,GB,DataForSEO Google Trends; comparaison watch winder + watch box
watch box,2022-10,52,GB,DataForSEO Google Trends; comparaison watch winder + watch box
watch box,2022-11,58,GB,DataForSEO Google Trends; comparaison watch winder + watch box
watch box,2022-12,66,GB,DataForSEO Google Trends; comparaison watch winder + watch box
watch box,2023-01,54,GB,DataForSEO Google Trends; comparaison watch winder + watch box
watch box,2023-02,89,GB,DataForSEO Google Trends; comparaison watch winder + watch box
watch box,2023-03,46,GB,DataForSEO Google Trends; comparaison watch winder + watch box
watch box,2023-04,43,GB,DataForSEO Google Trends; comparaison watch winder + watch box
watch box,2023-05,39,GB,DataForSEO Google Trends; comparaison watch winder + watch box
watch box,2023-06,38,GB,DataForSEO Google Trends; comparaison watch winder + watch box
watch box,2023-07,47,GB,DataForSEO Google Trends; comparaison watch winder + watch box
watch box,2023-08,49,GB,DataForSEO Google Trends; comparaison watch winder + watch box
watch box,2023-09,49,GB,DataForSEO Google Trends; comparaison watch winder + watch box
watch box,2023-10,63,GB,DataForSEO Google Trends; comparaison watch winder + watch box
watch box,2023-11,56,GB,DataForSEO Google Trends; comparaison watch winder + watch box
watch box,2023-12,72,GB,DataForSEO Google Trends; comparaison watch winder + watch box
watch box,2024-01,47,GB,DataForSEO Google Trends; comparaison watch winder + watch box
watch box,2024-02,42,GB,DataForSEO Google Trends; comparaison watch winder + watch box
watch box,2024-03,51,GB,DataForSEO Google Trends; comparaison watch winder + watch box
watch box,2024-04,41,GB,DataForSEO Google Trends; comparaison watch winder + watch box
watch box,2024-05,53,GB,DataForSEO Google Trends; comparaison watch winder + watch box
watch box,2024-06,41,GB,DataForSEO Google Trends; comparaison watch winder + watch box
watch box,2024-07,47,GB,DataForSEO Google Trends; comparaison watch winder + watch box
watch box,2024-08,45,GB,DataForSEO Google Trends; comparaison watch winder + watch box
watch box,2024-09,47,GB,DataForSEO Google Trends; comparaison watch winder + watch box
watch box,2024-10,49,GB,DataForSEO Google Trends; comparaison watch winder + watch box
watch box,2024-11,57,GB,DataForSEO Google Trends; comparaison watch winder + watch box
watch box,2024-12,73,GB,DataForSEO Google Trends; comparaison watch winder + watch box
watch box,2025-01,47,GB,DataForSEO Google Trends; comparaison watch winder + watch box
watch box,2025-02,48,GB,DataForSEO Google Trends; comparaison watch winder + watch box
watch box,2025-03,41,GB,DataForSEO Google Trends; comparaison watch winder + watch box
watch box,2025-04,49,GB,DataForSEO Google Trends; comparaison watch winder + watch box
watch box,2025-05,44,GB,DataForSEO Google Trends; comparaison watch winder + watch box
watch box,2025-06,41,GB,DataForSEO Google Trends; comparaison watch winder + watch box
watch box,2025-07,45,GB,DataForSEO Google Trends; comparaison watch winder + watch box
watch box,2025-08,48,GB,DataForSEO Google Trends; comparaison watch winder + watch box
watch box,2025-09,44,GB,DataForSEO Google Trends; comparaison watch winder + watch box
watch box,2025-10,49,GB,DataForSEO Google Trends; comparaison watch winder + watch box
watch box,2025-11,71,GB,DataForSEO Google Trends; comparaison watch winder + watch box
watch box,2025-12,92,GB,DataForSEO Google Trends; comparaison watch winder + watch box
watch box,2026-01,64,GB,DataForSEO Google Trends; comparaison watch winder + watch box
watch box,2026-02,72,GB,DataForSEO Google Trends; comparaison watch winder + watch box
watch box,2026-03,59,GB,DataForSEO Google Trends; comparaison watch winder + watch box
watch box,2026-04,59,GB,DataForSEO Google Trends; comparaison watch winder + watch box
watch box,2026-05,67,GB,DataForSEO Google Trends; comparaison watch winder + watch box
watch box,2026-06,64,GB,DataForSEO Google Trends; comparaison watch winder + watch box
watch box,2026-07,75,GB,DataForSEO Google Trends; comparaison watch winder + watch box
watch box,2026-08,100,GB,DataForSEO Google Trends; comparaison watch winder + watch box
