mot_cle,volume_mensuel_DE,cpc_USD
klappbares schachspiel aus holz,INDISPONIBLE,INDISPONIBLE
klappbares holzschachspiel,INDISPONIBLE,INDISPONIBLE
holzschachspiel klappbar,INDISPONIBLE,INDISPONIBLE
schachspiel aus holz klappbar,10,INDISPONIBLE
klappbares schachset aus holz,INDISPONIBLE,INDISPONIBLE
holzschachset klappbar,INDISPONIBLE,INDISPONIBLE
klappbares schachbrett mit figuren aus holz,INDISPONIBLE,INDISPONIBLE
schachbrett mit holzfiguren klappbar,INDISPONIBLE,INDISPONIBLE
holzschachbrett mit figuren klappbar,INDISPONIBLE,INDISPONIBLE
klappschach aus holz,INDISPONIBLE,INDISPONIBLE
klappschach holz,INDISPONIBLE,INDISPONIBLE
klappbare schachkassette aus holz,INDISPONIBLE,INDISPONIBLE
schachkassette aus holz klappbar,INDISPONIBLE,INDISPONIBLE
klappbare schachgarnitur aus holz,INDISPONIBLE,INDISPONIBLE
schachspiel aus holz 40 cm klappbar,INDISPONIBLE,INDISPONIBLE
schachspiel holz 40x40 cm klappbar,INDISPONIBLE,INDISPONIBLE
schachbrett 40 x 40 cm mit figuren aus holz,INDISPONIBLE,INDISPONIBLE
schachbrett 40x40 cm holz klappbar,INDISPONIBLE,INDISPONIBLE
schachspiel aus holz 38 cm klappbar,INDISPONIBLE,INDISPONIBLE
holzschachspiel mit 32 figuren,INDISPONIBLE,INDISPONIBLE
schachspiel aus holz mit 32 figuren,INDISPONIBLE,INDISPONIBLE
schachset aus holz mit 32 schachfiguren,INDISPONIBLE,INDISPONIBLE
klappbares schachspiel mit 32 figuren,INDISPONIBLE,INDISPONIBLE
schachbrett mit 32 figuren aus holz,INDISPONIBLE,INDISPONIBLE
hochwertiges klappbares schachspiel aus holz,INDISPONIBLE,INDISPONIBLE
hochwertiges holzschachspiel klappbar,INDISPONIBLE,INDISPONIBLE
edles holzschachspiel klappbar,INDISPONIBLE,INDISPONIBLE
großes klappbares schachspiel aus holz,INDISPONIBLE,INDISPONIBLE
klappbares holzschachspiel kaufen,INDISPONIBLE,INDISPONIBLE
schachbrett mit figuren aus holz kaufen,INDISPONIBLE,INDISPONIBLE
hochwertiges schachset aus holz kaufen,INDISPONIBLE,INDISPONIBLE
schachspiel aus holz als geschenk,INDISPONIBLE,INDISPONIBLE
schachset aus holz,590,0.95
holzschachset,INDISPONIBLE,INDISPONIBLE
holz schachset,20,0.36
schachbrett mit figuren aus holz,10,INDISPONIBLE
holzschachbrett mit figuren,10,INDISPONIBLE
schachspiel mit figuren,140,0.34
schachset mit figuren,INDISPONIBLE,INDISPONIBLE
klappschach,10,2.04
schachbrett klappbar mit figuren,INDISPONIBLE,INDISPONIBLE
schachkassette,170,0.57
schachkassette holz,70,0.83
schachspiel kaufen,1900,0.59
schachspiel 40 cm,INDISPONIBLE,INDISPONIBLE
schachspiel 40x40 cm,INDISPONIBLE,INDISPONIBLE
schachgarnitur aus holz,INDISPONIBLE,INDISPONIBLE
