mot_cle,volume_mensuel_DE,cpc_USD,enchere_basse_USD,enchere_haute_USD,selection
schachbrett,27100,0.44,0.24,1.19,Generique_separe
schachspiel holz,2400,0.82,0.28,1.22,Bois
schachset kaufen,1300,0.6,0.09,0.99,Achat
schachbrett klappbar,170,0.63,0.08,0.83,Pliant
schachbrett kaufen,1000,0.91,0.33,1.17,Achat
schachbrett holz,2400,0.89,0.41,1.29,Bois
schachset,390,0.92,0.38,1.12,Ensemble
schachbrett holz hochwertig,390,0.95,0.37,1.34,non_selectionne_ou_variante_proche
schach holz,590,0.95,0.36,1.27,Bois
holz schachbrett,2400,0.89,0.41,1.29,non_selectionne_ou_variante_proche
schachbrett marmor,1000,0.3,0.12,0.75,non_selectionne_ou_variante_proche
schachbrett glas,480,0.29,0.05,0.35,non_selectionne_ou_variante_proche
dgt schachbrett,260,0.58,0.2,1.06,non_selectionne_ou_variante_proche
schachbrett mit figuren,480,0.53,0.15,1.03,Ensemble
schachspiel hochwertig,260,1.05,0.46,1.45,non_selectionne_ou_variante_proche
marmor schachbrett,1000,0.3,0.12,0.75,non_selectionne_ou_variante_proche
turnierschachbrett,90,0.99,0.48,1.37,non_selectionne_ou_variante_proche
turnier schachbrett,210,0.94,0.34,1.26,non_selectionne_ou_variante_proche
schachspiel holz hochwertig,210,0.96,0.24,1.28,non_selectionne_ou_variante_proche
holz schachspiel,2400,0.82,0.28,1.22,non_selectionne_ou_variante_proche
schachbrett aus holz,2400,0.89,0.41,1.29,non_selectionne_ou_variante_proche
glas schachbrett,260,0.19,0.05,0.38,non_selectionne_ou_variante_proche
hochwertiges schachbrett,390,1.32,0.46,1.48,non_selectionne_ou_variante_proche
edles schachbrett,110,1.04,0.44,1.25,non_selectionne_ou_variante_proche
schachspiel aus holz,2400,0.82,0.28,1.22,non_selectionne_ou_variante_proche
elektronisches schachbrett,390,0.27,0.06,0.31,non_selectionne_ou_variante_proche
schachspiel kaufen holz,90,0.85,0.27,1.48,Achat
schachspiel glas,480,0.26,0.04,0.82,non_selectionne_ou_variante_proche
schönes schachbrett,210,0.58,0.27,0.98,non_selectionne_ou_variante_proche
schachbrett modern,140,0.3,0.24,0.99,non_selectionne_ou_variante_proche
schach aus holz,590,0.95,0.36,1.27,non_selectionne_ou_variante_proche
schachspiel holz handgeschnitzt,110,0.67,0.22,0.85,non_selectionne_ou_variante_proche
schachbrett holz klappbar,140,0.75,0.26,0.9,Pliant
schachspiel holz klappbar,110,0.87,0.2,0.98,Pliant
edles schachspiel,210,0.59,0.42,1.16,non_selectionne_ou_variante_proche
schach backgammon holz,70,0.6,0.15,0.82,non_selectionne_ou_variante_proche
schachbrett kaufen holz,70,1.17,0.52,1.58,Achat
schach kaufen holz,70,0.62,0.13,1.21,non_selectionne_ou_variante_proche
schachbrett olivenholz,90,0.29,0.28,0.84,non_selectionne_ou_variante_proche
mini schachbrett,170,0.34,0.04,0.23,non_selectionne_ou_variante_proche
schachbrett turniergröße,90,0.86,0.3,0.98,non_selectionne_ou_variante_proche
schachbrett groß,210,0.74,0.09,0.68,non_selectionne_ou_variante_proche
schach holz hochwertig,210,0.96,0.24,1.28,non_selectionne_ou_variante_proche
holzschachbrett,140,0.67,0.3,1.04,non_selectionne_ou_variante_proche
holz schach,590,0.95,0.36,1.27,non_selectionne_ou_variante_proche
backgammon schach holz,70,0.6,0.15,0.82,non_selectionne_ou_variante_proche
schach set kaufen,20,0.91,0.31,1.15,non_selectionne_ou_variante_proche
profi schachbrett,50,0.59,0.35,1.13,non_selectionne_ou_variante_proche
schachbrett ohne figuren,140,0.29,0.06,0.44,non_selectionne_ou_variante_proche
schachbrett holz handarbeit,70,0.84,0.34,1.17,non_selectionne_ou_variante_proche
schachfiguren kaufen holz,40,0.68,0.26,0.86,non_selectionne_ou_variante_proche
herr der ringe schachbrett,210,0.22,0.04,0.54,non_selectionne_ou_variante_proche
reiseschach magnetisch holz,30,1.12,0.22,1.43,non_selectionne_ou_variante_proche
hochwertiges schachspiel holz,30,1.11,0.53,1.46,non_selectionne_ou_variante_proche
schachbrett holz kaufen,70,1.17,0.52,1.58,non_selectionne_ou_variante_proche
schachbrett online kaufen,20,1.17,0.38,1.45,Achat
schachbrett handgefertigt,20,1.14,0.4,0.97,non_selectionne_ou_variante_proche
hochwertige schachspiele,210,1.15,0.42,1.33,non_selectionne_ou_variante_proche
schachbrett metall,90,0.29,0.35,0.82,non_selectionne_ou_variante_proche
großes schachbrett,210,0.74,0.09,0.68,non_selectionne_ou_variante_proche
schachbrett mit figuren holz,70,0.97,0.32,1.12,Ensemble
schachspiel holz kaufen,90,0.85,0.27,1.48,non_selectionne_ou_variante_proche
digitales schachbrett,140,0.26,0.06,0.4,non_selectionne_ou_variante_proche
kleines schachbrett,90,0.31,0.05,0.38,non_selectionne_ou_variante_proche
holz schachfiguren,720,0.72,0.24,1.14,non_selectionne_ou_variante_proche
schachbrett 50x50,50,0.79,0.16,0.75,non_selectionne_ou_variante_proche
schachfiguren holz hochwertig,50,1.03,0.48,1.21,non_selectionne_ou_variante_proche
amazon schachbrett,210,0.07,0.03,0.14,non_selectionne_ou_variante_proche
schachbrett turnier,210,0.94,0.34,1.26,non_selectionne_ou_variante_proche
dgt brett,70,0.6,0.27,0.76,non_selectionne_ou_variante_proche
schachbrett amazon,210,0.07,0.03,0.14,non_selectionne_ou_variante_proche
schachbrett herr der ringe,210,0.22,0.04,0.54,non_selectionne_ou_variante_proche
olivenholz schachbrett,50,0.4,0.3,0.89,non_selectionne_ou_variante_proche
schachspiel holz große figuren,50,0.67,0.32,1.32,non_selectionne_ou_variante_proche
holz leute schach,40,0.43,0.55,1.19,non_selectionne_ou_variante_proche
schachbrett computer,170,0.25,0.07,0.22,non_selectionne_ou_variante_proche
turnierschachset,10,0.78,0.3,0.8,non_selectionne_ou_variante_proche
schachspiel holz magnetisch,30,0.69,0.19,0.85,non_selectionne_ou_variante_proche
gutes schachbrett,40,0.98,0.4,1.28,non_selectionne_ou_variante_proche
schachbrett holz groß,20,0.6,0.46,0.81,non_selectionne_ou_variante_proche
edle schachbretter,210,0.61,0.42,1.31,non_selectionne_ou_variante_proche
schach holzfiguren,40,0.81,0.3,0.88,non_selectionne_ou_variante_proche
schachspiel olivenholz,30,0.45,0.44,0.77,non_selectionne_ou_variante_proche
magnetisches schachbrett,70,1.29,0.04,0.69,non_selectionne_ou_variante_proche
manufactum schachbrett,20,0.99,0.75,1.25,non_selectionne_ou_variante_proche
schachbrett holz mit figuren,40,0.13,0.16,1.28,non_selectionne_ou_variante_proche
schachbrett klein,50,0.53,0.07,0.55,non_selectionne_ou_variante_proche
3d schachbrett,170,0.09,0.19,23.67,non_selectionne_ou_variante_proche
etsy schachbrett,70,0.91,0.02,0.64,non_selectionne_ou_variante_proche
schachbrett groß holz,30,0.25,0.45,1.36,non_selectionne_ou_variante_proche
schachbrett mit schublade,50,0.55,0.44,1.3,non_selectionne_ou_variante_proche
thalia schachbrett,50,0.07,0.09,0.42,non_selectionne_ou_variante_proche
schachfiguren holz groß,40,1.1,0.35,1.04,non_selectionne_ou_variante_proche
schachbrett zum mitnehmen,40,0.81,0.03,0.36,non_selectionne_ou_variante_proche
schachspiel aus holz kaufen,90,0.85,0.27,1.48,non_selectionne_ou_variante_proche
schachspiel magnetisch holz,30,0.68,0.14,0.82,non_selectionne_ou_variante_proche
schachspiel holz klappbar hochwertig,70,0.77,0.31,1.06,non_selectionne_ou_variante_proche
automatisches schachbrett,260,0.11,0.05,0.2,non_selectionne_ou_variante_proche
fide schachbrett,260,1.12,0.32,1.15,non_selectionne_ou_variante_proche
turnierschachbrett kaufen,10,2.26,,,non_selectionne_ou_variante_proche
philos schachbrett,70,0.78,0.27,0.98,non_selectionne_ou_variante_proche
schachbrett echtholz,50,1.23,0.58,1.45,non_selectionne_ou_variante_proche
hochwertiges schachbrett holz,30,0.77,,,non_selectionne_ou_variante_proche
schachbrett hochwertig holz,20,1.88,0.76,1.93,non_selectionne_ou_variante_proche
cooles schachbrett,50,0.45,0.22,0.69,non_selectionne_ou_variante_proche
besondere schachbretter,40,0.59,0.33,0.89,non_selectionne_ou_variante_proche
holz schachbrett kaufen,70,1.17,0.52,1.58,non_selectionne_ou_variante_proche
schachbrett holz magnetisch,30,0.56,0.57,1,non_selectionne_ou_variante_proche
schachbrett profi,30,1.13,,,non_selectionne_ou_variante_proche
modernes schachbrett,40,0.34,0.48,1.47,non_selectionne_ou_variante_proche
holzschachspiel,50,0.56,0.14,1.05,non_selectionne_ou_variante_proche
schachbrett vinyl,40,0.37,0.58,1.28,non_selectionne_ou_variante_proche
besonderes schachbrett,50,0.75,0.33,1.14,non_selectionne_ou_variante_proche
reise schachspiel holz,30,0.63,0.18,1.14,non_selectionne_ou_variante_proche
schachspiel klappbar,40,0.93,0.1,1.66,Pliant
schach set holz,590,0.95,0.36,1.27,non_selectionne_ou_variante_proche
schachbrett schön,90,0.47,0.27,0.76,non_selectionne_ou_variante_proche
amazon schachspiel holz,50,0.04,0.05,0.59,non_selectionne_ou_variante_proche
schachbrett mit figuren kaufen,20,0.55,0.07,1.18,Achat
schachspiel handgefertigt,30,0.95,0.24,0.88,non_selectionne_ou_variante_proche
schachbrett 40 x 40 holz,10,0.06,,,non_selectionne_ou_variante_proche
bestes schachbrett,20,0.74,0.41,1.21,non_selectionne_ou_variante_proche
coole schachbretter,50,0.41,0.14,0.58,non_selectionne_ou_variante_proche
schachbrett mit computer,170,0.25,0.07,0.22,non_selectionne_ou_variante_proche
antikes schachbrett,70,0.43,0.25,0.82,non_selectionne_ou_variante_proche
reise schachspiel magnetisch holz,10,1.01,0.18,0.75,non_selectionne_ou_variante_proche
schachbrett backgammon holz,10,0.9,,,non_selectionne_ou_variante_proche
schachbrett und figuren,40,1.41,0.41,1.15,Ensemble
teuerstes schachbrett der welt,110,0.34,,,non_selectionne_ou_variante_proche
schach turnierbrett,50,1.19,0.4,1.43,non_selectionne_ou_variante_proche
schachbrett star wars,170,0.13,0.04,0.18,non_selectionne_ou_variante_proche
schach holz handarbeit,10,,,,non_selectionne_ou_variante_proche
schachbrett aus olivenholz,40,0.39,0.28,0.9,non_selectionne_ou_variante_proche
professionelles schachbrett,10,2.81,0.4,1.07,non_selectionne_ou_variante_proche
star wars schachbrett,170,0.13,0.04,0.18,non_selectionne_ou_variante_proche
schönes schachbrett kaufen,10,,,,non_selectionne_ou_variante_proche
schach dame mühle holz,10,0.3,,,non_selectionne_ou_variante_proche
schach holz kaufen,30,0.53,0.54,1.2,non_selectionne_ou_variante_proche
schachbrett kaufen in der nähe,70,0.33,0.13,0.92,non_selectionne_ou_variante_proche
vinyl schachbrett,110,0.52,0.54,1.39,non_selectionne_ou_variante_proche
holz schachspiel kaufen,90,0.85,0.27,1.48,non_selectionne_ou_variante_proche
schach holz magnetisch,20,0.38,0.09,1.36,non_selectionne_ou_variante_proche
riesen schachfiguren,30,0.5,0.32,0.84,non_selectionne_ou_variante_proche
schachbrett 40 x 40,10,0.09,,,non_selectionne_ou_variante_proche
schachbrett printworks,40,0.89,0.7,2.01,non_selectionne_ou_variante_proche
schachbrett handarbeit,10,0.31,,,non_selectionne_ou_variante_proche
schachbrett holz ohne figuren,70,0.36,0.07,0.69,non_selectionne_ou_variante_proche
schachbrett to go,110,0.4,0.05,0.51,non_selectionne_ou_variante_proche
handgeschnitztes schachspiel,30,0.49,0.37,0.79,non_selectionne_ou_variante_proche
schach für 3 personen,140,0.14,,,non_selectionne_ou_variante_proche
bauhaus schachbrett,90,0.26,,,non_selectionne_ou_variante_proche
schach holz klappbar,30,0.35,0.18,1.07,non_selectionne_ou_variante_proche
schönes schachspiel holz,30,1.29,0.3,1.26,non_selectionne_ou_variante_proche
schachbrett mit uhr,20,0.41,,,non_selectionne_ou_variante_proche
schach olivenholz,20,0.76,,,non_selectionne_ou_variante_proche
edle schachspiele,10,0.61,0.35,1.32,non_selectionne_ou_variante_proche
schachbrett figuren,260,0.14,,,non_selectionne_ou_variante_proche
schachbrett und figuren kaufen,10,1.04,,,non_selectionne_ou_variante_proche
harry potter schachspiel holz,10,0.17,,,non_selectionne_ou_variante_proche
schachspiel holz handarbeit,10,,,,non_selectionne_ou_variante_proche
schachbrett etsy,40,0.26,0.02,0.63,non_selectionne_ou_variante_proche
schachbrett massivholz,50,1.05,0.41,1.02,non_selectionne_ou_variante_proche
teures schachbrett,30,0.42,0.31,0.99,non_selectionne_ou_variante_proche
backgammon und schachbrett,10,0.3,0.08,0.63,non_selectionne_ou_variante_proche
reiseschach holz magnetisch,20,1.01,0.16,1.12,non_selectionne_ou_variante_proche
holz schachbrett klappbar,10,0.22,,,non_selectionne_ou_variante_proche
schachspiel holz klappbar 40x40,20,0.83,0.1,0.89,non_selectionne_ou_variante_proche
schachbrett thalia,50,0.09,0.1,0.29,non_selectionne_ou_variante_proche
gute schachbretter,40,0.98,0.4,1.28,non_selectionne_ou_variante_proche
schachspiel handgeschnitzt,20,0.72,0.42,0.99,non_selectionne_ou_variante_proche
schachspiel holz 40x40,30,0.96,0.6,0.79,non_selectionne_ou_variante_proche
schachbrett bauhaus,90,0.26,,,non_selectionne_ou_variante_proche
3d schachbrett kaufen,10,0.07,,,non_selectionne_ou_variante_proche
3er schachbrett,10,0.02,,,non_selectionne_ou_variante_proche
alabaster schachbrett,40,0.11,,,non_selectionne_ou_variante_proche
alte schachbretter,10,0.27,,,non_selectionne_ou_variante_proche
altes holz schachspiel,10,0.3,,,non_selectionne_ou_variante_proche
altes schachbrett,140,0.54,,,non_selectionne_ou_variante_proche
altes schachspiel holz,50,0.17,,,non_selectionne_ou_variante_proche
amazon schachbrett holz,20,0.14,0.04,0.72,non_selectionne_ou_variante_proche
anime schachbrett,30,0.16,,,non_selectionne_ou_variante_proche
antikes schachspiel holz,30,0.14,,,non_selectionne_ou_variante_proche
antikes schachspiel kaufen,20,0.66,0.07,0.9,non_selectionne_ou_variante_proche
aufgebautes schachbrett,20,0.1,,,non_selectionne_ou_variante_proche
ausgefallene schachbretter,10,0.56,,,non_selectionne_ou_variante_proche
ausgefallene schachspiele,70,0.27,0.21,0.56,non_selectionne_ou_variante_proche
außergewöhnliche schachbretter,20,0.24,,,non_selectionne_ou_variante_proche
backgammon schach koffer,10,0.45,,,non_selectionne_ou_variante_proche
beschriftung schachbrett,20,0.04,,,non_selectionne_ou_variante_proche
beste schachbretter,10,0.75,0.39,0.67,non_selectionne_ou_variante_proche
brettspiel schachbrett,10,0.03,,,non_selectionne_ou_variante_proche
brettspiele schachbrett,10,0.03,,,non_selectionne_ou_variante_proche
bundesliga schachbrett,40,1.22,0.43,1.44,non_selectionne_ou_variante_proche
certabo schachbrett,10,,,,non_selectionne_ou_variante_proche
chess com schachbrett,90,0.33,0.16,0.6,non_selectionne_ou_variante_proche
chess schachbrett,30,0.93,,,non_selectionne_ou_variante_proche
chessebook schachspiel,10,,,,non_selectionne_ou_variante_proche
chessebook schachspiel aus holz,10,,,,non_selectionne_ou_variante_proche
chessebook schachspiel aus holz 52 x 52 cm,10,1.85,,,non_selectionne_ou_variante_proche
chinesisches schachbrett,30,0.07,,,non_selectionne_ou_variante_proche
computer schachbrett,170,0.25,0.07,0.22,non_selectionne_ou_variante_proche
dame schachbrett,70,,,,non_selectionne_ou_variante_proche
damengambit schachbrett,20,0.62,,,non_selectionne_ou_variante_proche
das gekrümmte schachbrett,10,,,,non_selectionne_ou_variante_proche
das schachbrett,40,0.22,,,non_selectionne_ou_variante_proche
das teuerste schachbrett der welt,30,0.12,,,non_selectionne_ou_variante_proche
deagostini star wars schachbrett,20,0.24,,,non_selectionne_ou_variante_proche
demo schachbrett,10,0.2,,,non_selectionne_ou_variante_proche
des königs schachbretter,70,0.17,0.48,9.03,non_selectionne_ou_variante_proche
dgt brett mit led,10,0.43,,,non_selectionne_ou_variante_proche
dgt pc schachbrett,10,0.44,,,non_selectionne_ou_variante_proche
dgt pc schachbrett erfahrungsberichte,10,,,,non_selectionne_ou_variante_proche
dgt schachbrett alternative,10,,,,non_selectionne_ou_variante_proche
dgt schachbrett kaufen,10,1.41,0.3,1.4,non_selectionne_ou_variante_proche
dgt schachfiguren,20,0.13,0.18,1.19,non_selectionne_ou_variante_proche
die besten schachbretter,10,0.65,,,non_selectionne_ou_variante_proche
die schönsten schachbretter,10,0.47,0.34,0.62,non_selectionne_ou_variante_proche
dragonball schachbrett,20,0.07,,,non_selectionne_ou_variante_proche
dreidimensionales schachbrett,10,,,,non_selectionne_ou_variante_proche
dreier schachbrett,10,,,,non_selectionne_ou_variante_proche
ebay kleinanzeigen schachbrett,10,,,,non_selectionne_ou_variante_proche
ebay schachbrett,50,0.33,,,non_selectionne_ou_variante_proche
ebay schachspiel holz,10,0.02,,,non_selectionne_ou_variante_proche
echtholz schachbrett,20,0.49,0.41,1.14,non_selectionne_ou_variante_proche
edles schach,20,0.74,0.37,0.96,non_selectionne_ou_variante_proche
edles schachbrett kaufen,10,0.5,,,non_selectionne_ou_variante_proche
ein schachbrett,30,0.21,,,non_selectionne_ou_variante_proche
elektronisches schachbrett dgt,10,0.46,,,non_selectionne_ou_variante_proche
eone schachbrett,10,0.15,,,non_selectionne_ou_variante_proche
epoxy schachbrett,30,0.05,,,non_selectionne_ou_variante_proche
exklusive schachbretter,20,0.51,0.4,1.84,non_selectionne_ou_variante_proche
exklusives schachbrett,20,0.51,0.4,1.84,non_selectionne_ou_variante_proche
falkenwerk schach,10,0.21,,,non_selectionne_ou_variante_proche
faltbares schachbrett,20,0.83,,,Pliant
ferrari schachbrett,10,0.45,,,non_selectionne_ou_variante_proche
figuren schachbrett,260,0.14,,,non_selectionne_ou_variante_proche
fritz und fertig schachbrett,10,,,,non_selectionne_ou_variante_proche
furnier schachbrett,30,0.36,,,non_selectionne_ou_variante_proche
game of thrones schachbrett,10,0.24,,,non_selectionne_ou_variante_proche
garten schachbrett,10,2.15,,,non_selectionne_ou_variante_proche
geschnitztes schachspiel,10,0.87,,,non_selectionne_ou_variante_proche
goki schachbrett,20,0.26,,,non_selectionne_ou_variante_proche
griechisches schachbrett,10,0.08,,,non_selectionne_ou_variante_proche
grosses schachbrett,210,0.74,0.09,0.68,non_selectionne_ou_variante_proche
großes schachspiel aus holz,10,0.22,,,non_selectionne_ou_variante_proche
handgefertigte schachfiguren,10,0.72,,,non_selectionne_ou_variante_proche
handgefertigtes schachbrett,10,1.22,,,non_selectionne_ou_variante_proche
handgemachtes schachbrett,20,0.59,0.32,0.81,non_selectionne_ou_variante_proche
harry potter schach holz,20,0.17,,,non_selectionne_ou_variante_proche
holz für schachbrett,10,,,,non_selectionne_ou_variante_proche
holz leute schachbrett,20,0.46,0.51,0.86,non_selectionne_ou_variante_proche
holz schach set,20,0.36,0.35,0.71,non_selectionne_ou_variante_proche
holz schachbrett mit figuren,70,0.97,0.32,1.12,non_selectionne_ou_variante_proche
holz schachspiel klappbar,10,0.38,0.02,0.58,non_selectionne_ou_variante_proche
holzfiguren schach,10,3.6,0.23,4.35,non_selectionne_ou_variante_proche
holzschachspiele,10,,,,non_selectionne_ou_variante_proche
indisches schachbrett,10,0.05,,,non_selectionne_ou_variante_proche
interaktives schachbrett,20,0.09,0.08,0.2,non_selectionne_ou_variante_proche
jade schachbrett,20,0.13,,,non_selectionne_ou_variante_proche
japanisches schachbrett,10,0.22,,,non_selectionne_ou_variante_proche
kasparov schachbrett,720,0.55,,,non_selectionne_ou_variante_proche
klappbares schachbrett,170,0.63,0.08,0.83,non_selectionne_ou_variante_proche
klassisches schachbrett,40,0.85,0.53,0.99,non_selectionne_ou_variante_proche
leeres schachbrett,40,0.02,,,non_selectionne_ou_variante_proche
lego star wars schachbrett,50,0.08,,,non_selectionne_ou_variante_proche
magnetisches demo schachbrett,10,0.16,,,non_selectionne_ou_variante_proche
magnus carlsen schachbrett,10,,,,non_selectionne_ou_variante_proche
manopoulos schachbrett,10,0.57,0.22,0.87,non_selectionne_ou_variante_proche
maya schachbrett,10,,,,non_selectionne_ou_variante_proche
mephisto pc schachbrett,10,,,,non_selectionne_ou_variante_proche
mephisto schachbrett,10,0.08,,,non_selectionne_ou_variante_proche
metall schachbrett,90,0.29,0.35,0.82,non_selectionne_ou_variante_proche
millennium schachbrett,20,0.64,,,non_selectionne_ou_variante_proche
mittelalter schachbrett,10,0.14,,,non_selectionne_ou_variante_proche
mühle schachbrett,10,0.55,,,non_selectionne_ou_variante_proche
offizielles schachbrett,10,0.72,0.35,1.32,non_selectionne_ou_variante_proche
olivenholz schach,10,0.22,,,non_selectionne_ou_variante_proche
online schachbrett,70,0.27,0.12,0.66,non_selectionne_ou_variante_proche
onyx schachbrett,70,0.11,0.07,1.14,non_selectionne_ou_variante_proche
op art schachbrett,10,,,,non_selectionne_ou_variante_proche
original schachbrett,20,0.37,,,non_selectionne_ou_variante_proche
ounuo schachspiel aus holz,10,,,,non_selectionne_ou_variante_proche
pc schachbrett,10,,,,non_selectionne_ou_variante_proche
persisches schachbrett,20,0.28,,,non_selectionne_ou_variante_proche
phantom schachbrett,20,,,,non_selectionne_ou_variante_proche
regium schachbrett,10,,,,non_selectionne_ou_variante_proche
reiseschachspiel holz,10,1.29,0.6,1.3,non_selectionne_ou_variante_proche
riesen schachbrett,50,0.36,,,non_selectionne_ou_variante_proche
rollbares schachbrett,20,0.56,0.05,0.76,non_selectionne_ou_variante_proche
rundes schachbrett,30,0.1,,,non_selectionne_ou_variante_proche
russisches schachbrett,20,0.34,,,non_selectionne_ou_variante_proche
schach aus holz kaufen,30,0.53,0.54,1.2,non_selectionne_ou_variante_proche
schach backgammon koffer,10,1.08,,,non_selectionne_ou_variante_proche
schach brett figuren,260,0.14,,,non_selectionne_ou_variante_proche
schach brett mit figuren,480,0.53,0.15,1.03,non_selectionne_ou_variante_proche
schach brettspiel aus holz,10,,,,non_selectionne_ou_variante_proche
schach demonstrationsbrett,30,0.23,,,non_selectionne_ou_variante_proche
schach ebenholz,10,,,,non_selectionne_ou_variante_proche
schach echtholz,10,0.53,0.48,1.28,non_selectionne_ou_variante_proche
schach figuren holz,720,0.72,0.24,1.14,non_selectionne_ou_variante_proche
schach handgeschnitzt,20,0.54,0.23,0.62,non_selectionne_ou_variante_proche
schach holz groß,10,,,,non_selectionne_ou_variante_proche
schach holzbrett,20,0.06,,,non_selectionne_ou_variante_proche
schach klappbar,20,0.48,0.07,1.25,non_selectionne_ou_variante_proche
schach mühle holz,10,0.3,,,non_selectionne_ou_variante_proche
schach set hochwertig,260,1.05,0.46,1.45,non_selectionne_ou_variante_proche
schach spielbrett,50,0.58,0.17,0.94,non_selectionne_ou_variante_proche
schach turniergröße,10,3.05,,,non_selectionne_ou_variante_proche
schach und backgammon holz,10,0.18,,,non_selectionne_ou_variante_proche
schach und mühle holz,10,0.35,0.11,0.79,non_selectionne_ou_variante_proche
schachbrett 10x10,10,0.19,,,non_selectionne_ou_variante_proche
schachbrett 30x30,20,0.56,0.09,0.58,non_selectionne_ou_variante_proche
schachbrett 35x35,10,0.09,,,non_selectionne_ou_variante_proche
schachbrett 3d,170,0.09,0.19,23.67,non_selectionne_ou_variante_proche
schachbrett 40x40,40,0.52,0.13,0.95,non_selectionne_ou_variante_proche
schachbrett 45x45,10,0.42,,,non_selectionne_ou_variante_proche
schachbrett 55,10,,,,non_selectionne_ou_variante_proche
schachbrett 55mm,10,0.72,,,non_selectionne_ou_variante_proche
schachbrett 60x60,20,0.33,,,non_selectionne_ou_variante_proche
schachbrett a1,10,0.35,,,non_selectionne_ou_variante_proche
schachbrett alabaster,40,0.11,,,non_selectionne_ou_variante_proche
schachbrett alt,140,0.54,,,non_selectionne_ou_variante_proche
schachbrett aus holz kaufen,70,1.17,0.52,1.58,non_selectionne_ou_variante_proche
schachbrett aus holz mit figuren,10,0.5,,,non_selectionne_ou_variante_proche
schachbrett außergewöhnlich,20,0.51,0.26,0.89,non_selectionne_ou_variante_proche
schachbrett backgammon,10,0.39,,,non_selectionne_ou_variante_proche
schachbrett baumscheibe,20,0.1,,,non_selectionne_ou_variante_proche
schachbrett beschriftung,110,0.08,,,non_selectionne_ou_variante_proche
schachbrett buchstaben,20,0.07,,,non_selectionne_ou_variante_proche
schachbrett bundesliga,40,1.22,0.43,1.44,non_selectionne_ou_variante_proche
schachbrett chess com,50,0.66,,,non_selectionne_ou_variante_proche
schachbrett computer holz,10,0.23,,,non_selectionne_ou_variante_proche
schachbrett dame,70,,,,non_selectionne_ou_variante_proche
schachbrett damengambit,10,0.26,,,non_selectionne_ou_variante_proche
schachbrett ddr,10,,,,non_selectionne_ou_variante_proche
schachbrett de,10,,,,non_selectionne_ou_variante_proche
schachbrett dgt,260,0.58,0.2,1.06,non_selectionne_ou_variante_proche
schachbrett e4,10,0.08,,,non_selectionne_ou_variante_proche
schachbrett ebay,50,0.33,,,non_selectionne_ou_variante_proche
schachbrett ebay kleinanzeigen,30,0.21,,,non_selectionne_ou_variante_proche
schachbrett edelholz,10,0.12,,,non_selectionne_ou_variante_proche
schachbrett feldgröße,10,,,,non_selectionne_ou_variante_proche
schachbrett fide,10,0.88,0.37,0.81,non_selectionne_ou_variante_proche
schachbrett figur,260,0.14,,,non_selectionne_ou_variante_proche
schachbrett figuren holz,10,0.41,,,non_selectionne_ou_variante_proche
schachbrett figuren kaufen,20,0.55,0.07,1.18,non_selectionne_ou_variante_proche
schachbrett figurenaufstellung,10,,,,non_selectionne_ou_variante_proche
schachbrett furnier,40,0.35,,,non_selectionne_ou_variante_proche
schachbrett für 3,10,0.31,,,non_selectionne_ou_variante_proche
schachbrett für anfänger,10,0.82,0.09,0.86,non_selectionne_ou_variante_proche
schachbrett für die wand,10,0.21,,,non_selectionne_ou_variante_proche
schachbrett für unterwegs,20,0.84,0.06,0.73,non_selectionne_ou_variante_proche
schachbrett garten,20,0.78,0.28,1.18,non_selectionne_ou_variante_proche
schachbrett glas leonardo,20,0.26,,,non_selectionne_ou_variante_proche
schachbrett glas ohne figuren,10,0.12,,,non_selectionne_ou_variante_proche
schachbrett grundaufstellung,10,0.08,,,non_selectionne_ou_variante_proche
schachbrett handgemacht,50,0.59,0.39,1.11,non_selectionne_ou_variante_proche
schachbrett handgeschnitzt,10,0.28,,,non_selectionne_ou_variante_proche
schachbrett holz 40x40,10,0.33,0.09,0.58,non_selectionne_ou_variante_proche
schachbrett holz 50x50,50,0.61,0.32,1.09,non_selectionne_ou_variante_proche
schachbrett holz antik,10,,,,non_selectionne_ou_variante_proche
schachbrett holz gebraucht,20,0.32,,,non_selectionne_ou_variante_proche
schachbrett holz handgefertigt,10,,,,non_selectionne_ou_variante_proche
schachbrett holz schwarz weiß,10,0.18,,,non_selectionne_ou_variante_proche
schachbrett holzfiguren,10,0.04,,,non_selectionne_ou_variante_proche
schachbrett im garten,10,0.3,,,non_selectionne_ou_variante_proche
schachbrett intarsien handarbeit,10,0.52,,,non_selectionne_ou_variante_proche
schachbrett kaufen amazon,20,0.12,0.04,0.98,non_selectionne_ou_variante_proche
schachbrett kaufen glas,10,0.33,,,non_selectionne_ou_variante_proche
schachbrett kaufland,10,0.19,,,non_selectionne_ou_variante_proche
schachbrett klappbar holz,140,0.75,0.26,0.9,non_selectionne_ou_variante_proche
schachbrett led,10,0.15,,,non_selectionne_ou_variante_proche
schachbrett magnetisch holz,40,0.86,0.23,1.08,non_selectionne_ou_variante_proche
schachbrett manufactum,20,0.71,0.65,1.14,non_selectionne_ou_variante_proche
schachbrett marmor boden,10,,,,non_selectionne_ou_variante_proche
schachbrett marmor groß,20,0.32,,,non_selectionne_ou_variante_proche
schachbrett marmor kaufen,10,,,,non_selectionne_ou_variante_proche
schachbrett marmor ohne figuren,10,0.7,,,non_selectionne_ou_variante_proche
schachbrett marvel,10,,,,non_selectionne_ou_variante_proche
schachbrett metallfiguren,10,0.41,,,non_selectionne_ou_variante_proche
schachbrett mini,20,0.27,0.04,0.38,non_selectionne_ou_variante_proche
schachbrett minimalistisch,30,0.78,0.4,1.13,non_selectionne_ou_variante_proche
schachbrett mit backgammon,10,0.2,,,non_selectionne_ou_variante_proche
schachbrett mit beschriftung,20,0.07,,,non_selectionne_ou_variante_proche
schachbrett mit drachenfiguren,10,,,,non_selectionne_ou_variante_proche
schachbrett mit figuren marmor,10,0.57,,,non_selectionne_ou_variante_proche
schachbrett mit holzfiguren,20,3,0.37,1.3,non_selectionne_ou_variante_proche
schachbrett mit metallfiguren,10,,,,non_selectionne_ou_variante_proche
schachbrett mittelalter,20,0.28,,,non_selectionne_ou_variante_proche
schachbrett naturholz,10,,,,non_selectionne_ou_variante_proche
schachbrett naturstein,10,0.44,,,non_selectionne_ou_variante_proche
schachbrett nicht klappbar,10,0.62,0.15,0.28,non_selectionne_ou_variante_proche
schachbrett ohne figuren kaufen,30,0.36,0.06,0.52,non_selectionne_ou_variante_proche
schachbrett olivenholz kaufen,10,1.05,0.29,1.02,non_selectionne_ou_variante_proche
schachbrett online,170,0.32,0.1,0.56,non_selectionne_ou_variante_proche
schachbrett onyx,50,0.44,,,non_selectionne_ou_variante_proche
schachbrett originalgröße,10,0.76,,,non_selectionne_ou_variante_proche
schachbrett philos,70,0.78,0.27,0.98,non_selectionne_ou_variante_proche
schachbrett rosenholz,10,,,,non_selectionne_ou_variante_proche
schachbrett schwarz weiß holz,20,0.11,,,non_selectionne_ou_variante_proche
schachbrett selber malen,10,,,,non_selectionne_ou_variante_proche
schachbrett simpsons,10,,,,non_selectionne_ou_variante_proche
schachbrett speckstein,20,0.14,,,non_selectionne_ou_variante_proche
schachbrett standardgröße,20,0.56,,,non_selectionne_ou_variante_proche
schachbrett startaufstellung,50,0.16,,,non_selectionne_ou_variante_proche
schachbrett turniergröße kaufen,10,1.24,0.39,1.41,non_selectionne_ou_variante_proche
schachbrett turniermaße,10,1.05,0.34,0.84,non_selectionne_ou_variante_proche
schachbrett usb,10,,,,non_selectionne_ou_variante_proche
schachbrett vollholz,10,0.98,0.48,0.84,non_selectionne_ou_variante_proche
schachbrett wand,50,0.27,,,non_selectionne_ou_variante_proche
schachbrett weltmeisterschaft,10,0.45,,,non_selectionne_ou_variante_proche
schachbrett wm,10,,,,non_selectionne_ou_variante_proche
schachbrett wurzelholz,10,0.4,,,non_selectionne_ou_variante_proche
schachbrett zum rollen,10,0.21,,,non_selectionne_ou_variante_proche
schachbrett zusammenklappbar,10,0.02,,,non_selectionne_ou_variante_proche
schachbretter und figuren,40,1.41,0.41,1.15,non_selectionne_ou_variante_proche
schachfeld figuren,20,0.14,,,non_selectionne_ou_variante_proche
schachfeld nummerierung,30,0.02,,,non_selectionne_ou_variante_proche
schachfiguren berliner schach,10,0.33,,,non_selectionne_ou_variante_proche
schachfiguren brett,10,0.28,,,non_selectionne_ou_variante_proche
schachfiguren mit brett,10,0.16,,,non_selectionne_ou_variante_proche
schachfiguren ohne brett,10,0.13,,,non_selectionne_ou_variante_proche
schachfiguren rosenholz,10,,,,non_selectionne_ou_variante_proche
schachfiguren schachbretter,40,,,,non_selectionne_ou_variante_proche
schachfiguren turniergeeignet,10,,,,non_selectionne_ou_variante_proche
schachfiguren turniergröße,20,1.25,0.3,0.88,non_selectionne_ou_variante_proche
schachkassetten,10,0.82,,,non_selectionne_ou_variante_proche
schachspiel 40x40,20,0.22,,,non_selectionne_ou_variante_proche
schachspiel 50x50,20,0.51,0.1,1.45,non_selectionne_ou_variante_proche
schachspiel antik holz,10,1.41,,,non_selectionne_ou_variante_proche
schachspiel aus olivenholz,10,0.25,0.21,1.11,non_selectionne_ou_variante_proche
schachspiel backgammon holz,10,0.92,,,non_selectionne_ou_variante_proche
schachspiel echtholz,10,0.89,0.57,1.74,non_selectionne_ou_variante_proche
schachspiel groß holz,10,,,,non_selectionne_ou_variante_proche
schachspiel handarbeit,10,,,,non_selectionne_ou_variante_proche
schachspiel handgemacht,10,,,,non_selectionne_ou_variante_proche
schachspiel hochwertig holz,20,1.62,0.62,1.97,non_selectionne_ou_variante_proche
schachspiel holz amazon,50,0.04,0.05,0.59,non_selectionne_ou_variante_proche
schachspiel holz ebay kleinanzeigen,20,0.26,,,non_selectionne_ou_variante_proche
schachspiel holz gebraucht,10,0.05,,,non_selectionne_ou_variante_proche
schachspiel holz groß,20,,,,non_selectionne_ou_variante_proche
schachspiel holz klappbar magnetisch,10,0.53,,,non_selectionne_ou_variante_proche
schachspiel holz mit schublade,10,0.06,,,non_selectionne_ou_variante_proche
schachspiel holzfiguren,10,0.4,0.19,0.94,non_selectionne_ou_variante_proche
schachspiel kaufen glas,10,0.15,,,non_selectionne_ou_variante_proche
schachspiel klappbar holz,10,0.85,,,non_selectionne_ou_variante_proche
schachspiel massivholz,10,1.68,0.49,1.07,non_selectionne_ou_variante_proche
schachspiel mit holzfiguren,20,0.9,,,non_selectionne_ou_variante_proche
schachspiel schwarz weiß holz,10,1,0.41,1.14,non_selectionne_ou_variante_proche
schönes schachbrett holz,10,0.42,0.3,0.97,non_selectionne_ou_variante_proche
schönste schachbretter,210,0.58,0.27,0.98,non_selectionne_ou_variante_proche
selbstgemachtes schachbrett,10,0.09,,,non_selectionne_ou_variante_proche
simpsons schachbrett,10,0.05,,,non_selectionne_ou_variante_proche
sims 4 schachbrett kaufen,10,,,,non_selectionne_ou_variante_proche
ski aggu schachbrett,10,,,,non_selectionne_ou_variante_proche
speckstein schachbrett,10,0.21,,,non_selectionne_ou_variante_proche
spezielle schachbretter,10,,,,non_selectionne_ou_variante_proche
spiegel schachbrett,10,1.25,,,non_selectionne_ou_variante_proche
spielset schach dame und mühle,10,,,,non_selectionne_ou_variante_proche
square off schachbrett,20,0.54,,,non_selectionne_ou_variante_proche
standardgröße schachbrett,10,0.38,,,non_selectionne_ou_variante_proche
star trek schachbrett,10,0.22,,,non_selectionne_ou_variante_proche
star wars schachbrett deagostini,20,0.24,,,non_selectionne_ou_variante_proche
star wars schachspiel kaufen,10,0.13,,,non_selectionne_ou_variante_proche
starwars schachbrett,170,0.13,0.04,0.18,non_selectionne_ou_variante_proche
swarovski schachbrett,20,0.39,,,non_selectionne_ou_variante_proche
teuerste schachbrett,20,0.19,,,non_selectionne_ou_variante_proche
teure schachbretter,20,0.27,,,non_selectionne_ou_variante_proche
turnier schachbrett mit figuren,50,0.71,0.28,0.77,non_selectionne_ou_variante_proche
turnier schachspiel holz,10,,,,non_selectionne_ou_variante_proche
turnier schachspiel holz kaufen,10,1.04,0.45,1.66,non_selectionne_ou_variante_proche
usb schachbrett,10,,,,non_selectionne_ou_variante_proche
vertikales schachbrett,20,0.17,,,non_selectionne_ou_variante_proche
virtuelles schachbrett,10,,,,non_selectionne_ou_variante_proche
wand schachbrett,20,0.11,,,non_selectionne_ou_variante_proche
weible schachbrett,30,0.46,0.39,0.95,non_selectionne_ou_variante_proche
wettkampf schachbrett,10,0.81,,,non_selectionne_ou_variante_proche
wm schachbrett,10,0.07,,,non_selectionne_ou_variante_proche
ägyptisches schachbrett,10,,,,non_selectionne_ou_variante_proche
