Mot-clé principal	pergola bioclimatique	74000
Collection	pergola aluminium	9900
Produit	pergola 4x3 aluminium	1600
Produit	pergola 6x4 aluminium	1300
Produit	pergola 3x3 aluminium	880
Produit	pergola 3x4 aluminium	720
Produit	pergola 4x4 aluminium	320
Produit	pergola 6x3 aluminium	320
Produit	pergola 2x3 aluminium	170
Produit	pergola aluminium imitation bois	170
Produit	pergola aluminium blanche	170
Collection	pergola bioclimatique 4x3	18100
Produit	pergola adossée 4x3 bioclimatique	880
Produit	pergola bioclimatique 4x3 avec store intégré	720
Produit	pergola bioclimatique 4x3 électrique	320
Produit	pergola bioclimatique 4x3 blanche	170
Collection	pergola bioclimatique 6x4	3600
Produit	pergola bioclimatique 6x4 adossée	590
Collection	pergola bioclimatique 6x3	2900
Produit	pergola adossée 6x3 bioclimatique	720
Produit	pergola bioclimatique 6x3 avec store intégré	210
Collection	pergola bioclimatique 3x3	2900
Produit	pergola bioclimatique 3x3 aluminium	260
Produit	pergola bioclimatique 3x3 adossée	170
Collection	pergola bioclimatique 4x4	1600
Produit	pergola adossée 4x4 bioclimatique	210
Collection	pergola bioclimatique 5x3	1300
Produit	pergola adossée bioclimatique 5x3	320
Collection	pergola bioclimatique autres tailles	720
Produit	pergola 5x4 bioclimatique	720
Produit	pergola 3x4 bioclimatique	480
Produit	pergola bioclimatique 8x4	320
Produit	pergola 2x3 bioclimatique	260
Produit	pergola 3x2 bioclimatique	260
Produit	pergola 4x5 bioclimatique	260
Produit	pergola 3x5 bioclimatique	210
Produit	pergola bioclimatique 7x4	210
Collection	pergola bioclimatique adossée	2400
Produit	pergola adossée 4x3 bioclimatique	880
Produit	pergola adossée 6x3 bioclimatique	720
Produit	pergola bioclimatique 6x4 adossée	590
Produit	pergola adossée bioclimatique 5x3	320
Collection	pergola bioclimatique autoportante	260
Produit	pergola autoportée bioclimatique	210
Collection	pergola bioclimatique rétractable	880
Produit	pergola bioclimatique lame rétractable	170
Collection	pergola bioclimatique motorisée	390
Produit	pergola bioclimatique électrique	390
Produit	pergola bioclimatique solaire	320
Produit	pergola bioclimatique 4x3 motorisée	210
Collection	pergola bioclimatique manuelle	260
Produit	kit bioclimatique pergola	480
Collection	pergola bioclimatique fermée	480
Produit	pergola bioclimatique vitrée	170
Collection	pergola bioclimatique sur mesure	1300
Produit	pergola aluminium sur mesure	390
Collection	accessoires pergola bioclimatique	210
Produit	stores pergola bioclimatique	880
Produit	rideaux pergola bioclimatique	720
Produit	poteau aluminium pergola	480
Produit	lames pergola bioclimatique	390
Produit	moteur pergola bioclimatique	260
Produit	rehausse pied pergola aluminium	210
Produit	éclairage pergola bioclimatique	170
Produit	plot béton pour pergola aluminium	170