univers,exclusion_expression,commentaire
abaya,pattern,Liste initiale à compléter avec les vrais termes de recherche; ne pas importer globalement entre univers.
abaya,sewing,Liste initiale à compléter avec les vrais termes de recherche; ne pas importer globalement entre univers.
abaya,tutorial,Liste initiale à compléter avec les vrais termes de recherche; ne pas importer globalement entre univers.
abaya,wholesale,Liste initiale à compléter avec les vrais termes de recherche; ne pas importer globalement entre univers.
abaya,job,Liste initiale à compléter avec les vrais termes de recherche; ne pas importer globalement entre univers.
abaya,jobs,Liste initiale à compléter avec les vrais termes de recherche; ne pas importer globalement entre univers.
abaya,free,Liste initiale à compléter avec les vrais termes de recherche; ne pas importer globalement entre univers.
chess,online,Liste initiale à compléter avec les vrais termes de recherche; ne pas importer globalement entre univers.
chess,rules,Liste initiale à compléter avec les vrais termes de recherche; ne pas importer globalement entre univers.
chess,setup,Liste initiale à compléter avec les vrais termes de recherche; ne pas importer globalement entre univers.
chess,set up,Liste initiale à compléter avec les vrais termes de recherche; ne pas importer globalement entre univers.
chess,chess.com,Liste initiale à compléter avec les vrais termes de recherche; ne pas importer globalement entre univers.
chess,lichess,Liste initiale à compléter avec les vrais termes de recherche; ne pas importer globalement entre univers.
chess,magnetic,Liste initiale à compléter avec les vrais termes de recherche; ne pas importer globalement entre univers.
chess,electronic,Liste initiale à compléter avec les vrais termes de recherche; ne pas importer globalement entre univers.
chess,harry potter,Liste initiale à compléter avec les vrais termes de recherche; ne pas importer globalement entre univers.
chess,lewis chessmen,Liste initiale à compléter avec les vrais termes de recherche; ne pas importer globalement entre univers.
heated,jacket,Liste initiale à compléter avec les vrais termes de recherche; ne pas importer globalement entre univers.
heated,coat,Liste initiale à compléter avec les vrais termes de recherche; ne pas importer globalement entre univers.
heated,hoodie,Liste initiale à compléter avec les vrais termes de recherche; ne pas importer globalement entre univers.
heated,trousers,Liste initiale à compléter avec les vrais termes de recherche; ne pas importer globalement entre univers.
heated,gloves,Liste initiale à compléter avec les vrais termes de recherche; ne pas importer globalement entre univers.
heated,milwaukee,Liste initiale à compléter avec les vrais termes de recherche; ne pas importer globalement entre univers.
heated,dewalt,Liste initiale à compléter avec les vrais termes de recherche; ne pas importer globalement entre univers.
bodycam,police footage,Liste initiale à compléter avec les vrais termes de recherche; ne pas importer globalement entre univers.
bodycam,news,Liste initiale à compléter avec les vrais termes de recherche; ne pas importer globalement entre univers.
bodycam,shooting,Liste initiale à compléter avec les vrais termes de recherche; ne pas importer globalement entre univers.
bodycam,axon,Liste initiale à compléter avec les vrais termes de recherche; ne pas importer globalement entre univers.
bodycam,hidden spy camera,Liste initiale à compléter avec les vrais termes de recherche; ne pas importer globalement entre univers.
nightvision,thermal,Liste initiale à compléter avec les vrais termes de recherche; ne pas importer globalement entre univers.
nightvision,pvs14,Liste initiale à compléter avec les vrais termes de recherche; ne pas importer globalement entre univers.
nightvision,pvs-14,Liste initiale à compléter avec les vrais termes de recherche; ne pas importer globalement entre univers.
nightvision,gen 3,Liste initiale à compléter avec les vrais termes de recherche; ne pas importer globalement entre univers.
nightvision,military,Liste initiale à compléter avec les vrais termes de recherche; ne pas importer globalement entre univers.
nightvision,driving glasses,Liste initiale à compléter avec les vrais termes de recherche; ne pas importer globalement entre univers.
