family,target,status,result_count_or_items,observed_advertiser,date_window,evidence_file,interpretation
montres,jqueenwatchwinders.co.uk,40102 No Search Results,0,,2026-08-01 to 2026-09-07,uk-20260907-deep-ads-watch-jqueen.json,No result for this target; not proof of no ads
montres,mozsly.com,20000,10,广州比劲网络科技有限公司,2025-03-19 to 2026-09-07,uk-20260907-deep-ads-watch-mozsly.json,"Ads Search creatives observed; raw output has advertiser metadata, not copy"
montres,rapportlondon.com,20000,19,M.A.Rapport & Co Ltd,2025-03-19 to 2026-09-07,uk-20260907-deep-ads-watch-rapport.json,"Ads Search creatives observed; raw output has advertiser metadata, not copy"
TX850/détecteurs,gadgetshack.co.uk,40102 No Search Results,0,,2026-08-01 to 2026-09-07,uk-20260907-deep-ads-metal-gadgetshack.json,No result for this target; not proof of no ads
TX850/détecteurs,garegear.com,40102 No Search Results,0,,2026-08-01 to 2026-09-07,uk-20260907-deep-ads-metal-garegear.json,No result for this target; not proof of no ads
TX850/détecteurs,uk-metal-detectors.co.uk,40102 No Search Results,0,,2026-08-01 to 2026-09-07,uk-20260907-deep-ads-metal-ukdetectors.json,No result for this target; not proof of no ads
échecs,regencychess.co.uk,20000,5,The Regency Chess Company T/A JDS Toys & Games Ltd; Mathias Kraft,2024-11-20 to 2026-09-06 in returned creatives,uk-20260907-deep-ads-chess-regency.json,"Ads Search creatives observed; raw output has advertiser metadata, not copy"
échecs,jaqueslondon.co.uk,20000,32,John Jaques and Son Limited,2025-08-01 to 2026-09-07 in returned creatives,uk-20260907-deep-ads-chess-jaques.json,"Ads Search creatives observed; raw output has advertiser metadata, not copy"
échecs,chess.co.uk,20000,36,Chess & Bridge Limited,2021-10-25 to 2026-09-07 in returned creatives,uk-20260907-deep-ads-chess-londoncc.json,"Ads Search creatives observed; raw output has advertiser metadata, not copy"
